<?xml version="1.0" encoding="utf-8"?>
<COLLADA xmlns="http://www.collada.org/2005/11/COLLADASchema" version="1.4.1">
  <asset>
    <contributor><authoring_tool>hiking_lora_sim procedural generator</authoring_tool></contributor>
    <unit name="meter" meter="1"/>
    <up_axis>Z_UP</up_axis>
  </asset>
  <library_geometries>
    <geometry id="mountain_terrain" name="mountain_terrain">
      <mesh>
        <source id="mountain_terrain_positions">
          <float_array id="mountain_terrain_positions_array" count="15987">-120 -120 0.35 -116.6667 -120 0.35 -113.3333 -120 0.4477 -110 -120 0.6822 -106.6667 -120 0.9391 -103.3333 -120 1.1631 -100 -120 1.3053 -96.6667 -120 1.3305 -93.3333 -120 1.2229 -90 -120 0.9889 -86.6667 -120 0.6558 -83.3333 -120 0.35 -80 -120 0.35 -76.6667 -120 0.35 -73.3333 -120 0.35 -70 -120 0.35 -66.6667 -120 0.35 -63.3333 -120 0.35 -60 -120 0.35 -56.6667 -120 0.4869 -53.3333 -120 0.9871 -50 -120 1.4486 -46.6667 -120 1.8118 -43.3333 -120 2.0302 -40 -120 2.0771 -36.6667 -120 1.9492 -33.3333 -120 1.6673 -30 -120 1.2737 -26.6667 -120 0.8258 -23.3333 -120 0.3884 -20 -120 0.35 -16.6667 -120 0.35 -13.3333 -120 0.35 -10 -120 0.35 -6.6667 -120 0.35 -3.3333 -120 0.4601 0 -120 0.9265 3.3333 -120 1.4096 6.6667 -120 1.8475 10 -120 2.1861 13.3333 -120 2.3865 16.6667 -120 2.4302 20 -120 2.3217 23.3333 -120 2.0869 26.6667 -120 1.7692 30 -120 1.4226 33.3333 -120 1.1034 36.6667 -120 0.8618 40 -120 0.7341 43.3333 -120 0.7375 46.6667 -120 0.8673 50 -120 1.098 53.3333 -120 1.3866 56.6667 -120 1.6799 60 -120 1.9219 63.3333 -120 2.0631 66.6667 -120 2.0677 70 -120 1.9198 73.3333 -120 1.6264 76.6667 -120 1.2169 80 -120 0.7394 83.3333 -120 0.35 86.6667 -120 0.35 90 -120 0.35 93.3333 -120 0.35 96.6667 -120 0.35 100 -120 0.35 103.3333 -120 0.35 106.6667 -120 0.5751 110 -120 1.1702 113.3333 -120 1.764 116.6667 -120 2.2906 120 -120 2.6938 -120 -116.6667 0.35 -116.6667 -116.6667 0.35 -113.3333 -116.6667 0.35 -110 -116.6667 0.4555 -106.6667 -116.6667 0.7485 -103.3333 -116.6667 1.0077 -100 -116.6667 1.1826 -96.6667 -116.6667 1.2368 -93.3333 -116.6667 1.1533 -90 -116.6667 0.9374 -86.6667 -116.6667 0.6158 -83.3333 -116.6667 0.35 -80 -116.6667 0.35 -76.6667 -116.6667 0.35 -73.3333 -116.6667 0.35 -70 -116.6667 0.35 -66.6667 -116.6667 0.35 -63.3333 -116.6667 0.35 -60 -116.6667 0.35 -56.6667 -116.6667 0.35 -53.3333 -116.6667 0.7233 -50 -116.6667 1.1451 -46.6667 -116.6667 1.4707 -43.3333 -116.6667 1.6552 -40 -116.6667 1.6732 -36.6667 -116.6667 1.5229 -33.3333 -116.6667 1.2264 -30 -116.6667 0.8267 -26.6667 -116.6667 0.382 -23.3333 -116.6667 0.35 -20 -116.6667 0.35 -16.6667 -116.6667 0.35 -13.3333 -116.6667 0.35 -10 -116.6667 0.35 -6.6667 -116.6667 0.35 -3.3333 -116.6667 0.35 0 -116.6667 0.7953 3.3333 -116.6667 1.3342 6.6667 -116.6667 1.8257 10 -116.6667 2.2137 13.3333 -116.6667 2.4578 16.6667 -116.6667 2.538 20 -116.6667 2.4575 23.3333 -116.6667 2.2417 26.6667 -116.6667 1.9333 30 -116.6667 1.5864 33.3333 -116.6667 1.2576 36.6667 -116.6667 0.9976 40 -116.6667 0.8438 43.3333 -116.6667 0.8147 46.6667 -116.6667 0.9071 50 -116.6667 1.0969 53.3333 -116.6667 1.343 56.6667 -116.6667 1.5938 60 -116.6667 1.7951 63.3333 -116.6667 1.8987 66.6667 -116.6667 1.8702 70 -116.6667 1.6951 73.3333 -116.6667 1.3809 76.6667 -116.6667 0.9576 80 -116.6667 0.4735 83.3333 -116.6667 0.35 86.6667 -116.6667 0.35 90 -116.6667 0.35 93.3333 -116.6667 0.35 96.6667 -116.6667 0.35 100 -116.6667 0.35 103.3333 -116.6667 0.35 106.6667 -116.6667 0.4562 110 -116.6667 1.0793 113.3333 -116.6667 1.6995 116.6667 -116.6667 2.2498 120 -116.6667 2.6733 -120 -113.3333 0.35 -116.6667 -113.3333 0.35 -113.3333 -113.3333 0.35 -110 -113.3333 0.35 -106.6667 -113.3333 0.5354 -103.3333 -113.3333 0.8281 -100 -113.3333 1.034 -96.6667 -113.3333 1.1152 -93.3333 -113.3333 1.0539 -90 -113.3333 0.8545 -86.6667 -113.3333 0.5434 -83.3333 -113.3333 0.35 -80 -113.3333 0.35 -76.6667 -113.3333 0.35 -73.3333 -113.3333 0.35 -70 -113.3333 0.35 -66.6667 -113.3333 0.35 -63.3333 -113.3333 0.35 -60 -113.3333 0.35 -56.6667 -113.3333 0.35 -53.3333 -113.3333 0.4618 -50 -113.3333 0.8509 -46.6667 -113.3333 1.1456 -43.3333 -113.3333 1.3024 -40 -113.3333 1.2972 -36.6667 -113.3333 1.1295 -33.3333 -113.3333 0.8222 -30 -113.3333 0.4193 -26.6667 -113.3333 0.35 -23.3333 -113.3333 0.35 -20 -113.3333 0.35 -16.6667 -113.3333 0.35 -13.3333 -113.3333 0.35 -10 -113.3333 0.35 -6.6667 -113.3333 0.35 -3.3333 -113.3333 0.35 0 -113.3333 0.6732 3.3333 -113.3333 1.2605 6.6667 -113.3333 1.798 10 -113.3333 2.2284 13.3333 -113.3333 2.5097 16.6667 -113.3333 2.6209 20 -113.3333 2.5643 23.3333 -113.3333 2.3647 26.6667 -113.3333 2.0646 30 -113.3333 1.7182 33.3333 -113.3333 1.3824 36.6667 -113.3333 1.1087 40 -113.3333 0.9354 43.3333 -113.3333 0.8819 46.6667 -113.3333 0.9465 50 -113.3333 1.1062 53.3333 -113.3333 1.3216 56.6667 -113.3333 1.5421 60 -113.3333 1.7148 63.3333 -113.3333 1.7926 66.6667 -113.3333 1.7422 70 -113.3333 1.5494 73.3333 -113.3333 1.2225 76.6667 -113.3333 0.7916 80 -113.3333 0.35 83.3333 -113.3333 0.35 86.6667 -113.3333 0.35 90 -113.3333 0.35 93.3333 -113.3333 0.35 96.6667 -113.3333 0.35 100 -113.3333 0.35 103.3333 -113.3333 0.35 106.6667 -113.3333 0.3818 110 -113.3333 1.0191 113.3333 -113.3333 1.6515 116.6667 -113.3333 2.2115 120 -113.3333 2.6421 -120 -110 0.35 -116.6667 -110 0.35 -113.3333 -110 0.35 -110 -110 0.35 -106.6667 -110 0.35 -103.3333 -110 0.6424 -100 -110 0.8729 -96.6667 -110 0.9751 -93.3333 -110 0.9304 -90 -110 0.7428 -86.6667 -110 0.4385 -83.3333 -110 0.35 -80 -110 0.35 -76.6667 -110 0.35 -73.3333 -110 0.35 -70 -110 0.35 -66.6667 -110 0.35 -63.3333 -110 0.35 -60 -110 0.35 -56.6667 -110 0.35 -53.3333 -110 0.35 -50 -110 0.5858 -46.6667 -110 0.8606 -43.3333 -110 1.0003 -40 -110 0.9816 -36.6667 -110 0.8048 -33.3333 -110 0.4937 -30 -110 0.35 -26.6667 -110 0.35 -23.3333 -110 0.35 -20 -110 0.35 -16.6667 -110 0.35 -13.3333 -110 0.35 -10 -110 0.35 -6.6667 -110 0.35 -3.3333 -110 0.35 0 -110 0.5935 3.3333 -110 1.2183 6.6667 -110 1.7911 10 -110 2.2533 13.3333 -110 2.562 16.6667 -110 2.6957 20 -110 2.656 23.3333 -110 2.4675 26.6667 -110 2.1728 30 -110 1.8263 33.3333 -110 1.4854 36.6667 -110 1.2022 40 -110 1.016 43.3333 -110 0.9471 46.6667 -110 0.9945 50 -110 1.1367 53.3333 -110 1.3348 56.6667 -110 1.5394 60 -110 1.6981 63.3333 -110 1.7646 66.6667 -110 1.7057 70 -110 1.5077 73.3333 -110 1.1787 76.6667 -110 0.7486 80 -110 0.35 83.3333 -110 0.35 86.6667 -110 0.35 90 -110 0.35 93.3333 -110 0.35 96.6667 -110 0.35 100 -110 0.35 103.3333 -110 0.35 106.6667 -110 0.3908 110 -110 1.0278 113.3333 -110 1.6575 116.6667 -110 2.2123 120 -110 2.6355 -120 -106.6667 0.35 -116.6667 -106.6667 0.35 -113.3333 -106.6667 0.35 -110 -106.6667 0.35 -106.6667 -106.6667 0.35 -103.3333 -106.6667 0.4706 -100 -106.6667 0.7152 -96.6667 -106.6667 0.8283 -93.3333 -106.6667 0.7909 -90 -106.6667 0.6071 -86.6667 -106.6667 0.35 -83.3333 -106.6667 0.35 -80 -106.6667 0.35 -76.6667 -106.6667 0.35 -73.3333 -106.6667 0.35 -70 -106.6667 0.35 -66.6667 -106.6667 0.35 -63.3333 -106.6667 0.35 -60 -106.6667 0.35 -56.6667 -106.6667 0.35 -53.3333 -106.6667 0.35 -50 -106.6667 0.3629 -46.6667 -106.6667 0.6326 -43.3333 -106.6667 0.7692 -40 -106.6667 0.7501 -36.6667 -106.6667 0.5759 -33.3333 -106.6667 0.35 -30 -106.6667 0.35 -26.6667 -106.6667 0.35 -23.3333 -106.6667 0.35 -20 -106.6667 0.35 -16.6667 -106.6667 0.35 -13.3333 -106.6667 0.35 -10 -106.6667 0.35 -6.6667 -106.6667 0.35 -3.3333 -106.6667 0.35 0 -106.6667 0.587 3.3333 -106.6667 1.2363 6.6667 -106.6667 1.8311 10 -106.6667 2.312 13.3333 -106.6667 2.636 16.6667 -106.6667 2.7809 20 -106.6667 2.7488 23.3333 -106.6667 2.5641 26.6667 -106.6667 2.27 30 -106.6667 1.9211 33.3333 -106.6667 1.5757 36.6667 -106.6667 1.2865 40 -106.6667 1.0934 43.3333 -106.6667 1.0177 46.6667 -106.6667 1.0591 50 -106.6667 1.1966 53.3333 -106.6667 1.3919 56.6667 -106.6667 1.5959 60 -106.6667 1.7565 63.3333 -106.6667 1.8274 66.6667 -106.6667 1.7753 70 -106.6667 1.586 73.3333 -106.6667 1.2673 76.6667 -106.6667 0.8484 80 -106.6667 0.3766 83.3333 -106.6667 0.35 86.6667 -106.6667 0.35 90 -106.6667 0.35 93.3333 -106.6667 0.35 96.6667 -106.6667 0.35 100 -106.6667 0.35 103.3333 -106.6667 0.35 106.6667 -106.6667 0.5165 110 -106.6667 1.1395 113.3333 -106.6667 1.7518 116.6667 -106.6667 2.2867 120 -106.6667 2.688 -120 -103.3333 0.35 -116.6667 -103.3333 0.35 -113.3333 -103.3333 0.35 -110 -103.3333 0.35 -106.6667 -103.3333 0.35 -103.3333 -103.3333 0.35 -100 -103.3333 0.5781 -96.6667 -103.3333 0.6885 -93.3333 -103.3333 0.6459 -90 -103.3333 0.4546 -86.6667 -103.3333 0.35 -83.3333 -103.3333 0.35 -80 -103.3333 0.35 -76.6667 -103.3333 0.35 -73.3333 -103.3333 0.35 -70 -103.3333 0.35 -66.6667 -103.3333 0.35 -63.3333 -103.3333 0.35 -60 -103.3333 0.35 -56.6667 -103.3333 0.35 -53.3333 -103.3333 0.35 -50 -103.3333 0.35 -46.6667 -103.3333 0.4696 -43.3333 -103.3333 0.6198 -40 -103.3333 0.6159 -36.6667 -103.3333 0.4584 -33.3333 -103.3333 0.35 -30 -103.3333 0.35 -26.6667 -103.3333 0.35 -23.3333 -103.3333 0.35 -20 -103.3333 0.35 -16.6667 -103.3333 0.35 -13.3333 -103.3333 0.35 -10 -103.3333 0.35 -6.6667 -103.3333 0.35 -3.3333 -103.3333 0.35 0 -103.3333 0.6793 3.3333 -103.3333 1.3389 6.6667 -103.3333 1.941 10 -103.3333 2.4262 13.3333 -103.3333 2.7514 16.6667 -103.3333 2.8951 20 -103.3333 2.8595 23.3333 -103.3333 2.6698 26.6667 -103.3333 2.3698 30 -103.3333 2.0149 33.3333 -103.3333 1.6641 36.6667 -103.3333 1.371 40 -103.3333 1.1761 43.3333 -103.3333 1.1014 46.6667 -103.3333 1.1469 50 -103.3333 1.2921 53.3333 -103.3333 1.4986 56.6667 -103.3333 1.7173 60 -103.3333 1.8958 63.3333 -103.3333 1.9872 66.6667 -103.3333 1.9575 70 -103.3333 1.7917 73.3333 -103.3333 1.4966 76.6667 -103.3333 1.1004 80 -103.3333 0.6492 83.3333 -103.3333 0.35 86.6667 -103.3333 0.35 90 -103.3333 0.35 93.3333 -103.3333 0.35 96.6667 -103.3333 0.35 100 -103.3333 0.35 103.3333 -103.3333 0.35 106.6667 -103.3333 0.7833 110 -103.3333 1.3801 113.3333 -103.3333 1.962 116.6667 -103.3333 2.4632 120 -103.3333 2.829 -120 -100 0.35 -116.6667 -100 0.35 -113.3333 -100 0.35 -110 -100 0.35 -106.6667 -100 0.35 -103.3333 -100 0.35 -100 -100 0.4787 -96.6667 -100 0.5704 -93.3333 -100 0.5075 -90 -100 0.35 -86.6667 -100 0.35 -83.3333 -100 0.35 -80 -100 0.35 -76.6667 -100 0.35 -73.3333 -100 0.35 -70 -100 0.35 -66.6667 -100 0.35 -63.3333 -100 0.35 -60 -100 0.35 -56.6667 -100 0.35 -53.3333 -100 0.35 -50 -100 0.35 -46.6667 -100 0.3715 -43.3333 -100 0.5531 -40 -100 0.5814 -36.6667 -100 0.4563 -33.3333 -100 0.35 -30 -100 0.35 -26.6667 -100 0.35 -23.3333 -100 0.35 -20 -100 0.35 -16.6667 -100 0.35 -13.3333 -100 0.35 -10 -100 0.35 -6.6667 -100 0.35 -3.3333 -100 0.35 0 -100 0.887 3.3333 -100 1.5432 6.6667 -100 2.1381 10 -100 2.6128 13.3333 -100 2.9252 16.6667 -100 3.0544 20 -100 3.0037 23.3333 -100 2.7993 26.6667 -100 2.486 30 -100 2.1203 33.3333 -100 1.7622 36.6667 -100 1.4661 40 -100 1.2732 43.3333 -100 1.2058 46.6667 -100 1.2644 50 -100 1.4281 53.3333 -100 1.6587 56.6667 -100 1.9061 60 -100 2.1174 63.3333 -100 2.2445 66.6667 -100 2.2522 70 -100 2.1242 73.3333 -100 1.8658 76.6667 -100 1.5037 80 -100 1.0828 83.3333 -100 0.6595 86.6667 -100 0.35 90 -100 0.35 93.3333 -100 0.35 96.6667 -100 0.35 100 -100 0.35 103.3333 -100 0.689 106.6667 -100 1.2033 110 -100 1.764 113.3333 -100 2.3044 116.6667 -100 2.7603 120 -100 3.0787 -120 -96.6667 0.35 -116.6667 -96.6667 0.35 -113.3333 -96.6667 0.35 -110 -96.6667 0.35 -106.6667 -96.6667 0.35 -103.3333 -96.6667 0.35 -100 -96.6667 0.4328 -96.6667 -96.6667 0.4886 -93.3333 -96.6667 0.3891 -90 -96.6667 0.35 -86.6667 -96.6667 0.35 -83.3333 -96.6667 0.35 -80 -96.6667 0.35 -76.6667 -96.6667 0.35 -73.3333 -96.6667 0.35 -70 -96.6667 0.35 -66.6667 -96.6667 0.35 -63.3333 -96.6667 0.35 -60 -96.6667 0.35 -56.6667 -96.6667 0.35 -53.3333 -96.6667 0.35 -50 -96.6667 0.35 -46.6667 -96.6667 0.35 -43.3333 -96.6667 0.561 -40 -96.6667 0.6385 -36.6667 -96.6667 0.5617 -33.3333 -96.6667 0.3528 -30 -96.6667 0.35 -26.6667 -96.6667 0.35 -23.3333 -96.6667 0.35 -20 -96.6667 0.35 -16.6667 -96.6667 0.35 -13.3333 -96.6667 0.35 -10 -96.6667 0.35 -6.6667 -96.6667 0.35 -3.3333 -96.6667 0.5768 0 -96.6667 1.2167 3.3333 -96.6667 1.857 6.6667 -96.6667 2.4314 10 -96.6667 2.8824 13.3333 -96.6667 3.1688 16.6667 -96.6667 3.2712 20 -96.6667 3.1943 23.3333 -96.6667 2.9658 26.6667 -96.6667 2.6318 30 -96.6667 2.2503 33.3333 -96.6667 1.8823 36.6667 -96.6667 1.5831 40 -96.6667 1.3946 43.3333 -96.6667 1.3394 46.6667 -96.6667 1.4181 50 -96.6667 1.6097 53.3333 -96.6667 1.8749 56.6667 -96.6667 2.1631 60 -96.6667 2.4198 63.3333 -96.6667 2.5957 66.6667 -96.6667 2.6539 70 -96.6667 2.5763 73.3333 -96.6667 2.3662 76.6667 -96.6667 2.0487 80 -96.6667 1.6668 83.3333 -96.6667 1.2755 86.6667 -96.6667 0.9336 90 -96.6667 0.6954 93.3333 -96.6667 0.6021 96.6667 -96.6667 0.6756 100 -96.6667 0.915 103.3333 -96.6667 1.2962 106.6667 -96.6667 1.7747 110 -96.6667 2.2916 113.3333 -96.6667 2.7821 116.6667 -96.6667 3.1835 120 -96.6667 3.445 -120 -93.3333 0.35 -116.6667 -93.3333 0.35 -113.3333 -93.3333 0.35 -110 -93.3333 0.35 -106.6667 -93.3333 0.35 -103.3333 -93.3333 0.35 -100 -93.3333 0.4537 -96.6667 -93.3333 0.4564 -93.3333 -93.3333 0.35 -90 -93.3333 0.35 -86.6667 -93.3333 0.35 -83.3333 -93.3333 0.35 -80 -93.3333 0.35 -76.6667 -93.3333 0.35 -73.3333 -93.3333 0.35 -70 -93.3333 0.35 -66.6667 -93.3333 0.35 -63.3333 -93.3333 0.35 -60 -93.3333 0.35 -56.6667 -93.3333 0.35 -53.3333 -93.3333 0.35 -50 -93.3333 0.35 -46.6667 -93.3333 0.35 -43.3333 -93.3333 0.6282 -40 -93.3333 0.7702 -36.6667 -93.3333 0.7563 -33.3333 -93.3333 0.607 -30 -93.3333 0.3637 -26.6667 -93.3333 0.35 -23.3333 -93.3333 0.35 -20 -93.3333 0.35 -16.6667 -93.3333 0.35 -13.3333 -93.3333 0.35 -10 -93.3333 0.35 -6.6667 -93.3333 0.4798 -3.3333 -93.3333 1.0421 0 -93.3333 1.6631 3.3333 -93.3333 2.2778 6.6667 -93.3333 2.8213 10 -93.3333 3.2376 13.3333 -93.3333 3.4873 16.6667 -93.3333 3.5527 20 -93.3333 3.4405 23.3333 -93.3333 3.1799 26.6667 -93.3333 2.8191 30 -93.3333 2.4173 33.3333 -93.3333 2.0369 36.6667 -93.3333 1.7341 40 -93.3333 1.5516 43.3333 -93.3333 1.5122 46.6667 -93.3333 1.6164 50 -93.3333 1.8425 53.3333 -93.3333 2.1505 56.6667 -93.3333 2.4885 60 -93.3333 2.8005 63.3333 -93.3333 3.0352 66.6667 -93.3333 3.1538 70 -93.3333 3.1361 73.3333 -93.3333 2.9833 76.6667 -93.3333 2.7182 80 -93.3333 2.382 83.3333 -93.3333 2.028 86.6667 -93.3333 1.7136 90 -93.3333 1.4918 93.3333 -93.3333 1.4032 96.6667 -93.3333 1.4696 100 -93.3333 1.69 103.3333 -93.3333 2.0411 106.6667 -93.3333 2.4794 110 -93.3333 2.9476 113.3333 -93.3333 3.3823 116.6667 -93.3333 3.7231 120 -93.3333 3.9211 -120 -90 0.35 -116.6667 -90 0.35 -113.3333 -90 0.35 -110 -90 0.35 -106.6667 -90 0.35 -103.3333 -90 0.4748 -100 -90 0.5508 -96.6667 -90 0.4847 -93.3333 -90 0.35 -90 -90 0.35 -86.6667 -90 0.35 -83.3333 -90 0.35 -80 -90 0.35 -76.6667 -90 0.35 -73.3333 -90 0.35 -70 -90 0.35 -66.6667 -90 0.35 -63.3333 -90 0.35 -60 -90 0.35 -56.6667 -90 0.35 -53.3333 -90 0.35 -50 -90 0.35 -46.6667 -90 0.3629 -43.3333 -90 0.7341 -40 -90 0.953 -36.6667 -90 1.0142 -33.3333 -90 0.936 -30 -90 0.7579 -26.6667 -90 0.5343 -23.3333 -90 0.35 -20 -90 0.35 -16.6667 -90 0.35 -13.3333 -90 0.35 -10 -90 0.6227 -6.6667 -90 1.0657 -3.3333 -90 1.613 0 -90 2.2099 3.3333 -90 2.7929 6.6667 -90 3.2988 10 -90 3.6734 13.3333 -90 3.8793 16.6667 -90 3.9011 20 -90 3.7474 23.3333 -90 3.4498 26.6667 -90 3.058 30 -90 2.6332 33.3333 -90 2.2389 36.6667 -90 1.9325 40 -90 1.7573 43.3333 -90 1.7362 46.6667 -90 1.8693 50 -90 2.1345 53.3333 -90 2.4906 56.6667 -90 2.8841 60 -90 3.2573 63.3333 -90 3.5568 66.6667 -90 3.7416 70 -90 3.789 73.3333 -90 3.6981 76.6667 -90 3.4894 80 -90 3.2021 83.3333 -90 2.8875 86.6667 -90 2.6017 90 -90 2.3968 93.3333 -90 2.3125 96.6667 -90 2.3705 100 -90 2.5702 103.3333 -90 2.8889 106.6667 -90 3.2843 110 -90 3.7007 113.3333 -90 4.0766 116.6667 -90 4.3537 120 -90 4.4854 -120 -86.6667 0.35 -116.6667 -86.6667 0.35 -113.3333 -86.6667 0.35 -110 -86.6667 0.4603 -106.6667 -86.6667 0.6276 -103.3333 -86.6667 0.7341 -100 -86.6667 0.7297 -96.6667 -86.6667 0.5814 -93.3333 -86.6667 0.35 -90 -86.6667 0.35 -86.6667 -86.6667 0.35 -83.3333 -86.6667 0.35 -80 -86.6667 0.35 -76.6667 -86.6667 0.35 -73.3333 -86.6667 0.35 -70 -86.6667 0.35 -66.6667 -86.6667 0.35 -63.3333 -86.6667 0.35 -60 -86.6667 0.35 -56.6667 -86.6667 0.35 -53.3333 -86.6667 0.35 -50 -86.6667 0.35 -46.6667 -86.6667 0.4006 -43.3333 -86.6667 0.8559 -40 -86.6667 1.1598 -36.6667 -86.6667 1.3044 -33.3333 -86.6667 1.3057 -30 -86.6667 1.2008 -26.6667 -86.6667 1.0421 -23.3333 -86.6667 0.8892 -20 -86.6667 0.7998 -16.6667 -86.6667 0.8208 -13.3333 -86.6667 0.9816 -10 -86.6667 1.2895 -6.6667 -86.6667 1.7281 -3.3333 -86.6667 2.26 0 -86.6667 2.8317 3.3333 -86.6667 3.3812 6.6667 -86.6667 3.8473 10 -86.6667 4.1778 13.3333 -86.6667 4.3377 16.6667 -86.6667 4.3137 20 -86.6667 4.1169 23.3333 -86.6667 3.7809 26.6667 -86.6667 3.3576 30 -86.6667 2.9096 33.3333 -86.6667 2.5021 36.6667 -86.6667 2.1932 40 -86.6667 2.0267 43.3333 -86.6667 2.0258 46.6667 -86.6667 2.1901 50 -86.6667 2.4966 53.3333 -86.6667 2.9028 56.6667 -86.6667 3.3536 60 -86.6667 3.7895 63.3333 -86.6667 4.1547 66.6667 -86.6667 4.4061 70 -86.6667 4.5185 73.3333 -86.6667 4.4887 76.6667 -86.6667 4.335 80 -86.6667 4.0946 83.3333 -86.6667 3.8171 86.6667 -86.6667 3.5574 90 -86.6667 3.3663 93.3333 -86.6667 3.2835 96.6667 -86.6667 3.3303 100 -86.6667 3.5068 103.3333 -86.6667 3.791 106.6667 -86.6667 4.1421 110 -86.6667 4.5058 113.3333 -86.6667 4.8225 116.6667 -86.6667 5.0362 120 -86.6667 5.1024 -120 -83.3333 0.8973 -116.6667 -83.3333 0.84 -113.3333 -83.3333 0.8847 -110 -83.3333 0.9801 -106.6667 -83.3333 1.067 -103.3333 -83.3333 1.087 -100 -83.3333 0.9918 -96.6667 -83.3333 0.7511 -93.3333 -83.3333 0.3572 -90 -83.3333 0.35 -86.6667 -83.3333 0.35 -83.3333 -83.3333 0.35 -80 -83.3333 0.35 -76.6667 -83.3333 0.35 -73.3333 -83.3333 0.35 -70 -83.3333 0.35 -66.6667 -83.3333 0.35 -63.3333 -83.3333 0.35 -60 -83.3333 0.35 -56.6667 -83.3333 0.35 -53.3333 -83.3333 0.35 -50 -83.3333 0.35 -46.6667 -83.3333 0.4291 -43.3333 -83.3333 0.9708 -40 -83.3333 1.363 -36.6667 -83.3333 1.5949 -33.3333 -83.3333 1.6799 -30 -83.3333 1.6528 -26.6667 -83.3333 1.5638 -23.3333 -83.3333 1.4707 -20 -83.3333 1.4298 -16.6667 -83.3333 1.4871 -13.3333 -83.3333 1.6717 -10 -83.3333 1.9906 -6.6667 -83.3333 2.4282 -3.3333 -83.3333 2.9477 0 -83.3333 3.4971 3.3333 -83.3333 4.016 6.6667 -83.3333 4.4451 10 -83.3333 4.7346 13.3333 -83.3333 4.8515 16.6667 -83.3333 4.7851 20 -83.3333 4.5486 23.3333 -83.3333 4.1778 26.6667 -83.3333 3.7264 30 -83.3333 3.2587 33.3333 -83.3333 2.841 36.6667 -83.3333 2.5324 40 -83.3333 2.377 43.3333 -83.3333 2.3977 46.6667 -83.3333 2.5939 50 -83.3333 2.9414 53.3333 -83.3333 3.3964 56.6667 -83.3333 3.9022 60 -83.3333 4.397 63.3333 -83.3333 4.8234 66.6667 -83.3333 5.1356 70 -83.3333 5.3064 73.3333 -83.3333 5.3304 76.6667 -83.3333 5.2239 80 -83.3333 5.0224 83.3333 -83.3333 4.774 86.6667 -83.3333 4.5326 90 -83.3333 4.3485 93.3333 -83.3333 4.2609 96.6667 -83.3333 4.2916 100 -83.3333 4.4413 103.3333 -83.3333 4.6889 106.6667 -83.3333 4.995 110 -83.3333 5.3069 113.3333 -83.3333 5.5671 116.6667 -83.3333 5.7212 120 -83.3333 5.7269 -120 -80 1.7181 -116.6667 -80 1.6056 -113.3333 -80 1.5832 -110 -80 1.6009 -106.6667 -80 1.6013 -103.3333 -80 1.5282 -100 -80 1.3356 -96.6667 -80 0.9957 -93.3333 -80 0.5036 -90 -80 0.35 -86.6667 -80 0.35 -83.3333 -80 0.35 -80 -80 0.35 -76.6667 -80 0.35 -73.3333 -80 0.35 -70 -80 0.35 -66.6667 -80 0.35 -63.3333 -80 0.35 -60 -80 0.35 -56.6667 -80 0.35 -53.3333 -80 0.35 -50 -80 0.35 -46.6667 -80 0.4343 -43.3333 -80 1.0594 -40 -80 1.5378 -36.6667 -80 1.856 -33.3333 -80 2.0247 -30 -80 2.0761 -26.6667 -80 2.0583 -23.3333 -80 2.0273 -20 -80 2.038 -16.6667 -80 2.1355 -13.3333 -80 2.3482 -10 -80 2.6833 -6.6667 -80 3.1255 -3.3333 -80 3.639 0 -80 4.173 3.3333 -80 4.669 6.6667 -80 5.0693 10 -80 5.3262 13.3333 -80 5.409 16.6667 -80 5.3091 20 -80 5.0418 23.3333 -80 4.6447 26.6667 -80 4.1732 30 -80 3.6929 33.3333 -80 3.271 36.6667 -80 2.9673 40 -80 2.8259 43.3333 -80 2.8695 46.6667 -80 3.0966 50 -80 3.4821 53.3333 -80 3.9808 56.6667 -80 4.5343 60 -80 5.079 63.3333 -80 5.5555 66.6667 -80 5.9162 70 -80 6.1318 73.3333 -80 6.1952 76.6667 -80 6.1213 80 -80 5.9441 83.3333 -80 5.711 86.6667 -80 5.4751 90 -80 5.2866 93.3333 -80 5.1848 96.6667 -80 5.1922 100 -80 5.3102 103.3333 -80 5.519 106.6667 -80 5.7805 110 -80 6.0437 113.3333 -80 6.2525 116.6667 -80 6.3544 120 -80 6.3087 -120 -76.6667 2.62 -116.6667 -76.6667 2.4558 -113.3333 -76.6667 2.3674 -110 -76.6667 2.3069 -106.6667 -76.6667 2.2191 -103.3333 -76.6667 2.0503 -100 -76.6667 1.7574 -96.6667 -76.6667 1.3151 -93.3333 -76.6667 0.7214 -90 -76.6667 0.35 -86.6667 -76.6667 0.35 -83.3333 -76.6667 0.35 -80 -76.6667 0.35 -76.6667 -76.6667 0.35 -73.3333 -76.6667 0.35 -70 -76.6667 0.35 -66.6667 -76.6667 0.35 -63.3333 -76.6667 0.35 -60 -76.6667 0.35 -56.6667 -76.6667 0.35 -53.3333 -76.6667 0.35 -50 -76.6667 0.35 -46.6667 -76.6667 0.4067 -43.3333 -76.6667 1.1072 -40 -76.6667 1.665 -36.6667 -76.6667 2.0637 -33.3333 -76.6667 2.3116 -30 -76.6667 2.4385 -26.6667 -76.6667 2.4904 -23.3333 -76.6667 2.5215 -20 -76.6667 2.5853 -16.6667 -76.6667 2.726 -13.3333 -76.6667 2.9716 -10 -76.6667 3.3292 -6.6667 -76.6667 3.7838 -3.3333 -76.6667 4.3008 0 -76.6667 4.8303 3.3333 -76.6667 5.3152 6.6667 -76.6667 5.6997 10 -76.6667 5.9379 13.3333 -76.6667 6.0008 16.6667 -76.6667 5.8816 20 -76.6667 5.5973 23.3333 -76.6667 5.187 26.6667 -76.6667 4.7074 30 -76.6667 4.2248 33.3333 -76.6667 3.8071 36.6667 -76.6667 3.5141 40 -76.6667 3.3898 43.3333 -76.6667 3.4563 46.6667 -76.6667 3.7114 50 -76.6667 4.1287 53.3333 -76.6667 4.6618 56.6667 -76.6667 5.2507 60 -76.6667 5.8304 63.3333 -76.6667 6.3398 66.6667 -76.6667 6.7297 70 -76.6667 6.9698 73.3333 -76.6667 7.0515 76.6667 -76.6667 6.989 80 -76.6667 6.8156 83.3333 -76.6667 6.5785 86.6667 -76.6667 6.3307 90 -76.6667 6.1228 93.3333 -76.6667 5.9949 96.6667 -76.6667 5.9702 100 -76.6667 6.0511 103.3333 -76.6667 6.2193 106.6667 -76.6667 6.438 110 -76.6667 6.6576 113.3333 -76.6667 6.8233 116.6667 -76.6667 6.8839 120 -76.6667 6.7999 -120 -73.3333 3.5653 -116.6667 -73.3333 3.3594 -113.3333 -73.3333 3.2123 -110 -73.3333 3.0788 -106.6667 -73.3333 2.9064 -103.3333 -73.3333 2.6442 -100 -73.3333 2.2522 -96.6667 -73.3333 1.7081 -93.3333 -73.3333 1.0129 -90 -73.3333 0.35 -86.6667 -73.3333 0.35 -83.3333 -73.3333 0.35 -80 -73.3333 0.35 -76.6667 -73.3333 0.35 -73.3333 -73.3333 0.35 -70 -73.3333 0.35 -66.6667 -73.3333 0.35 -63.3333 -73.3333 0.35 -60 -73.3333 0.35 -56.6667 -73.3333 0.35 -53.3333 -73.3333 0.35 -50 -73.3333 0.35 -46.6667 -73.3333 0.35 -43.3333 -73.3333 1.1075 -40 -73.3333 1.7336 -36.6667 -73.3333 2.2031 -33.3333 -73.3333 2.522 -30 -73.3333 2.7181 -26.6667 -73.3333 2.8353 -23.3333 -73.3333 2.9263 -20 -73.3333 3.0433 -16.6667 -73.3333 3.2297 -13.3333 -73.3333 3.513 -10 -73.3333 3.9003 -6.6667 -73.3333 4.3771 -3.3333 -73.3333 4.9093 0 -73.3333 5.4481 3.3333 -73.3333 5.9376 6.6667 -73.3333 6.3233 10 -73.3333 6.5606 13.3333 -73.3333 6.622 16.6667 -73.3333 6.5019 20 -73.3333 6.2184 23.3333 -73.3333 5.8115 26.6667 -73.3333 5.3382 30 -73.3333 4.8656 33.3333 -73.3333 4.4612 36.6667 -73.3333 4.1848 40 -73.3333 4.0797 43.3333 -73.3333 4.1674 46.6667 -73.3333 4.4446 50 -73.3333 4.8839 53.3333 -73.3333 5.4375 56.6667 -73.3333 6.0445 60 -73.3333 6.6387 63.3333 -73.3333 7.1578 66.6667 -73.3333 7.5521 70 -73.3333 7.7904 73.3333 -73.3333 7.864 76.6667 -73.3333 7.7868 80 -73.3333 7.5923 83.3333 -73.3333 7.3283 86.6667 -73.3333 7.0485 90 -73.3333 6.8043 93.3333 -73.3333 6.637 96.6667 -73.3333 6.5709 100 -73.3333 6.61 103.3333 -73.3333 6.737 106.6667 -73.3333 6.9164 110 -73.3333 7.0998 113.3333 -73.3333 7.2333 116.6667 -73.3333 7.2666 120 -73.3333 7.1604 -120 -70 4.5081 -116.6667 -70 4.2778 -113.3333 -70 4.087 -110 -70 3.893 -106.6667 -70 3.6462 -103.3333 -70 3.2989 -100 -70 2.8143 -96.6667 -70 2.1735 -93.3333 -70 1.3804 -90 -70 0.4637 -86.6667 -70 0.35 -83.3333 -70 0.35 -80 -70 0.35 -76.6667 -70 0.35 -73.3333 -70 0.35 -70 -70 0.35 -66.6667 -70 0.35 -63.3333 -70 0.35 -60 -70 0.35 -56.6667 -70 0.35 -53.3333 -70 0.35 -50 -70 0.35 -46.6667 -70 0.35 -43.3333 -70 1.0622 -40 -70 1.7429 -36.6667 -70 2.2709 -33.3333 -70 2.6501 -30 -70 2.9066 -26.6667 -70 3.0828 -23.3333 -70 3.2299 -20 -70 3.3992 -16.6667 -70 3.6332 -13.3333 -70 3.9591 -10 -70 4.3841 -6.6667 -70 4.8938 -3.3333 -70 5.4547 0 -70 6.0187 3.3333 -70 6.5307 6.6667 -70 6.937 10 -70 7.1939 13.3333 -70 7.2745 16.6667 -70 7.1738 20 -70 6.9103 23.3333 -70 6.5241 26.6667 -70 6.0724 30 -70 5.6215 33.3333 -70 5.2388 36.6667 -70 4.9831 40 -70 4.897 43.3333 -70 5.0009 46.6667 -70 5.2907 50 -70 5.7379 53.3333 -70 6.294 56.6667 -70 6.8973 60 -70 7.4809 63.3333 -70 7.9825 66.6667 -70 8.3523 70 -70 8.5592 73.3333 -70 8.5952 76.6667 -70 8.4748 80 -70 8.2328 83.3333 -70 7.9181 86.6667 -70 7.5857 90 -70 7.2886 93.3333 -70 7.0696 96.6667 -70 6.9544 100 -70 6.9483 103.3333 -70 7.0355 106.6667 -70 7.1812 110 -70 7.338 113.3333 -70 7.4523 116.6667 -70 7.474 120 -70 7.3639 -120 -66.6667 5.3946 -116.6667 -66.6667 5.1643 -113.3333 -66.6667 4.9528 -110 -66.6667 4.7191 -106.6667 -66.6667 4.4163 -103.3333 -66.6667 3.9997 -100 -66.6667 3.4357 -96.6667 -66.6667 2.7089 -93.3333 -66.6667 1.8263 -90 -66.6667 0.8196 -86.6667 -66.6667 0.35 -83.3333 -66.6667 0.35 -80 -66.6667 0.35 -76.6667 -66.6667 0.35 -73.3333 -66.6667 0.35 -70 -66.6667 0.35 -66.6667 -66.6667 0.35 -63.3333 -66.6667 0.35 -60 -66.6667 0.35 -56.6667 -66.6667 0.35 -53.3333 -66.6667 0.35 -50 -66.6667 0.35 -46.6667 -66.6667 0.35 -43.3333 -66.6667 0.9839 -40 -66.6667 1.7044 -36.6667 -66.6667 2.2773 -33.3333 -66.6667 2.7051 -30 -66.6667 3.0123 -26.6667 -66.6667 3.2402 -23.3333 -66.6667 3.439 -20 -66.6667 3.659 -16.6667 -66.6667 3.9423 -13.3333 -66.6667 4.3158 -10 -66.6667 4.7865 -6.6667 -66.6667 5.3403 -3.3333 -66.6667 5.9438 0 -66.6667 6.5493 3.3333 -66.6667 7.102 6.6667 -66.6667 7.5485 10 -66.6667 7.8451 13.3333 -66.6667 7.9651 16.6667 -66.6667 7.9032 20 -66.6667 7.6776 23.3333 -66.6667 7.3277 26.6667 -66.6667 6.91 30 -66.6667 6.4899 33.3333 -66.6667 6.1337 36.6667 -66.6667 5.8992 40 -66.6667 5.8279 43.3333 -66.6667 5.9393 46.6667 -66.6667 6.2283 50 -66.6667 6.6657 53.3333 -66.6667 7.2028 56.6667 -66.6667 7.7776 60 -66.6667 8.3235 63.3333 -66.6667 8.7786 66.6667 -66.6667 9.0939 70 -66.6667 9.2397 73.3333 -66.6667 9.209 76.6667 -66.6667 9.0183 80 -66.6667 8.704 83.3333 -66.6667 8.3169 86.6667 -66.6667 7.914 90 -66.6667 7.5502 93.3333 -66.6667 7.2699 96.6667 -66.6667 7.1006 100 -66.6667 7.0489 103.3333 -66.6667 7.0998 106.6667 -66.6667 7.2196 110 -66.6667 7.3608 113.3333 -66.6667 7.4701 116.6667 -66.6667 7.4968 120 -66.6667 7.4008 -120 -63.3333 6.1657 -116.6667 -63.3333 5.9648 -113.3333 -63.3333 5.7624 -110 -63.3333 5.5182 -106.6667 -63.3333 5.1866 -103.3333 -63.3333 4.7254 -100 -63.3333 4.1036 -96.6667 -63.3333 3.3088 -93.3333 -63.3333 2.3513 -90 -63.3333 1.2657 -86.6667 -63.3333 0.35 -83.3333 -63.3333 0.35 -80 -63.3333 0.35 -76.6667 -63.3333 0.35 -73.3333 -63.3333 0.35 -70 -63.3333 0.35 -66.6667 -63.3333 0.35 -63.3333 -63.3333 0.35 -60 -63.3333 0.35 -56.6667 -63.3333 0.35 -53.3333 -63.3333 0.35 -50 -63.3333 0.35 -46.6667 -63.3333 0.35 -43.3333 -63.3333 0.8964 -40 -63.3333 1.6427 -36.6667 -63.3333 2.2476 -33.3333 -63.3333 2.7126 -30 -63.3333 3.0613 -26.6667 -63.3333 3.334 -23.3333 -63.3333 3.5801 -20 -63.3333 3.8493 -16.6667 -63.3333 4.1835 -13.3333 -63.3333 4.6091 -10 -63.3333 5.133 -6.6667 -63.3333 5.741 -3.3333 -63.3333 6.3996 0 -63.3333 7.061 3.3333 -63.3333 7.6703 6.6667 -63.3333 8.1736 10 -63.3333 8.5269 13.3333 -63.3333 8.7025 16.6667 -63.3333 8.6945 20 -63.3333 8.5198 23.3333 -63.3333 8.2166 26.6667 -63.3333 7.8401 30 -63.3333 7.4543 33.3333 -63.3333 7.1243 36.6667 -63.3333 6.9064 40 -63.3333 6.8411 43.3333 -63.3333 6.9471 46.6667 -63.3333 7.2186 50 -63.3333 7.6263 53.3333 -63.3333 8.1215 56.6667 -63.3333 8.6427 60 -63.3333 9.1244 63.3333 -63.3333 9.5059 66.6667 -63.3333 9.7397 70 -63.3333 9.798 73.3333 -63.3333 9.6761 76.6667 -63.3333 9.3927 80 -63.3333 8.9865 83.3333 -63.3333 8.5107 86.6667 -63.3333 8.0246 90 -63.3333 7.5852 93.3333 -63.3333 7.2387 96.6667 -63.3333 7.0141 100 -63.3333 6.9192 103.3333 -63.3333 6.9399 106.6667 -63.3333 7.0427 110 -63.3333 7.18 113.3333 -63.3333 7.298 116.6667 -63.3333 7.345 120 -63.3333 7.2797 -120 -60 6.7629 -116.6667 -60 6.6217 -113.3333 -60 6.4622 -110 -60 6.2427 -106.6667 -60 5.9176 -103.3333 -60 5.4454 -100 -60 4.7966 -96.6667 -60 3.961 -93.3333 -60 2.9514 -90 -60 1.805 -86.6667 -60 0.581 -83.3333 -60 0.35 -80 -60 0.35 -76.6667 -60 0.35 -73.3333 -60 0.35 -70 -60 0.35 -66.6667 -60 0.35 -63.3333 -60 0.35 -60 -60 0.35 -56.6667 -60 0.35 -53.3333 -60 0.35 -50 -60 0.35 -46.6667 -60 0.35 -43.3333 -60 0.836 -40 -60 1.5961 -36.6667 -60 2.2221 -33.3333 -60 2.7149 -30 -60 3.0973 -26.6667 -60 3.4089 -23.3333 -60 3.6987 -20 -60 4.0159 -16.6667 -60 4.4018 -13.3333 -60 4.8828 -10 -60 5.4653 -6.6667 -60 6.1348 -3.3333 -60 6.8573 0 -60 7.5847 3.3333 -60 8.261 6.6667 -60 8.8318 10 -60 9.2517 13.3333 -60 9.492 16.6667 -60 9.545 20 -60 9.4263 23.3333 -60 9.1724 26.6667 -60 8.8366 30 -60 8.4816 33.3333 -60 8.1709 36.6667 -60 7.9596 40 -60 7.8873 43.3333 -60 7.972 46.6667 -60 8.2079 50 -60 8.5659 53.3333 -60 8.998 56.6667 -60 9.4437 60 -60 9.8391 63.3333 -60 10.1253 66.6667 -60 10.2571 70 -60 10.2091 73.3333 -60 9.9793 76.6667 -60 9.5888 80 -60 9.0792 83.3333 -60 8.506 86.6667 -60 7.9311 90 -60 7.4134 93.3333 -60 7.0009 96.6667 -60 6.724 100 -60 6.5914 103.3333 -60 6.5894 106.6667 -60 6.6845 110 -60 6.8288 113.3333 -60 6.9674 116.6667 -60 7.0473 120 -60 7.0255 -120 -56.6667 7.1372 -116.6667 -56.6667 7.0813 -113.3333 -56.6667 6.9968 -110 -56.6667 6.8392 -106.6667 -56.6667 6.5606 -103.3333 -56.6667 6.1182 -100 -56.6667 5.4822 -96.6667 -56.6667 4.6426 -93.3333 -56.6667 3.6135 -90 -56.6667 2.4339 -86.6667 -56.6667 1.1654 -83.3333 -56.6667 0.35 -80 -56.6667 0.35 -76.6667 -56.6667 0.35 -73.3333 -56.6667 0.35 -70 -56.6667 0.35 -66.6667 -56.6667 0.35 -63.3333 -56.6667 0.35 -60 -56.6667 0.35 -56.6667 -56.6667 0.35 -53.3333 -56.6667 0.35 -50 -56.6667 0.35 -46.6667 -56.6667 0.35 -43.3333 -56.6667 0.8514 -40 -56.6667 1.6163 -36.6667 -56.6667 2.2553 -33.3333 -56.6667 2.7687 -30 -56.6667 3.1788 -26.6667 -56.6667 3.5248 -23.3333 -56.6667 3.8549 -20 -56.6667 4.2182 -16.6667 -56.6667 4.6553 -13.3333 -56.6667 5.1921 -10 -56.6667 5.8347 -6.6667 -56.6667 6.5678 -3.3333 -56.6667 7.3568 0 -56.6667 8.1525 3.3333 -56.6667 8.8981 6.6667 -56.6667 9.5377 10 -56.6667 10.0246 13.3333 -56.6667 10.3283 16.6667 -56.6667 10.4395 20 -56.6667 10.3719 23.3333 -56.6667 10.1604 26.6667 -56.6667 9.8566 30 -56.6667 9.5215 33.3333 -56.6667 9.2173 36.6667 -56.6667 8.9984 40 -56.6667 8.9036 43.3333 -56.6667 8.9508 46.6667 -56.6667 9.1344 50 -56.6667 9.4259 53.3333 -56.6667 9.7784 56.6667 -56.6667 10.1333 60 -56.6667 10.4281 63.3333 -56.6667 10.6066 66.6667 -56.6667 10.6257 70 -56.6667 10.4628 73.3333 -56.6667 10.1185 76.6667 -56.6667 9.6168 80 -56.6667 9.0017 83.3333 -56.6667 8.3313 86.6667 -56.6667 7.6694 90 -56.6667 7.0772 93.3333 -56.6667 6.6039 96.6667 -56.6667 6.2811 100 -56.6667 6.1182 103.3333 -56.6667 6.1017 106.6667 -56.6667 6.1978 110 -56.6667 6.3577 113.3333 -56.6667 6.5255 116.6667 -56.6667 6.6468 120 -56.6667 6.6765 -120 -53.3333 7.2594 -116.6667 -53.3333 7.3037 -113.3333 -53.3333 7.3188 -110 -53.3333 7.2559 -106.6667 -53.3333 7.0633 -103.3333 -53.3333 6.6943 -100 -53.3333 6.1165 -96.6667 -53.3333 5.3179 -93.3333 -53.3333 4.3118 -90 -53.3333 3.1373 -86.6667 -53.3333 1.857 -83.3333 -53.3333 0.5512 -80 -53.3333 0.35 -76.6667 -53.3333 0.35 -73.3333 -53.3333 0.35 -70 -53.3333 0.35 -66.6667 -53.3333 0.35 -63.3333 -53.3333 0.35 -60 -53.3333 0.35 -56.6667 -53.3333 0.35 -53.3333 -53.3333 0.35 -50 -53.3333 0.35 -46.6667 -53.3333 0.35 -43.3333 -53.3333 1.0031 -40 -53.3333 1.7662 -36.6667 -53.3333 2.4122 -33.3333 -53.3333 2.9408 -30 -53.3333 3.3738 -26.6667 -53.3333 3.7497 -23.3333 -53.3333 4.1161 -20 -53.3333 4.5213 -16.6667 -53.3333 5.0055 -13.3333 -53.3333 5.5939 -10 -53.3333 6.2917 -6.6667 -53.3333 7.0829 -3.3333 -53.3333 7.9321 0 -53.3333 8.7889 3.3333 -53.3333 9.5952 6.6667 -53.3333 10.2938 10 -53.3333 10.8364 13.3333 -53.3333 11.1911 16.6667 -53.3333 11.3469 20 -53.3333 11.3157 23.3333 -53.3333 11.1309 26.6667 -53.3333 10.8428 30 -53.3333 10.5112 33.3333 -53.3333 10.1973 36.6667 -53.3333 9.9549 40 -53.3333 9.8227 43.3333 -53.3333 9.8187 46.6667 -53.3333 9.9377 50 -53.3333 10.1525 53.3333 -53.3333 10.4174 56.6667 -53.3333 10.6754 60 -53.3333 10.8661 63.3333 -53.3333 10.9353 66.6667 -53.3333 10.8425 70 -53.3333 10.5675 73.3333 -53.3333 10.1133 76.6667 -53.3333 9.5064 80 -53.3333 8.7931 83.3333 -53.3333 8.0337 86.6667 -53.3333 7.2939 90 -53.3333 6.6362 93.3333 -53.3333 6.1114 96.6667 -53.3333 5.7516 100 -53.3333 5.5668 103.3333 -53.3333 5.5433 106.6667 -53.3333 5.647 110 -53.3333 5.8283 113.3333 -53.3333 6.0301 116.6667 -53.3333 6.1962 120 -53.3333 6.28 -120 -50 7.1287 -116.6667 -50 7.2731 -113.3333 -50 7.3991 -110 -50 7.4533 -106.6667 -50 7.3785 -103.3333 -50 7.123 -100 -50 6.6492 -96.6667 -50 5.9408 -93.3333 -50 5.0075 -90 -50 3.886 -86.6667 -50 2.6382 -83.3333 -50 1.3446 -80 -50 0.35 -76.6667 -50 0.35 -73.3333 -50 0.35 -70 -50 0.35 -66.6667 -50 0.35 -63.3333 -50 0.35 -60 -50 0.35 -56.6667 -50 0.35 -53.3333 -50 0.35 -50 -50 0.35 -46.6667 -50 0.5205 -43.3333 -50 1.3599 -40 -50 2.1159 -36.6667 -50 2.7634 -33.3333 -50 3.3015 -30 -50 3.7514 -26.6667 -50 4.1505 -23.3333 -50 4.5456 -20 -50 4.9842 -16.6667 -50 5.5056 -13.3333 -50 6.134 -10 -50 6.8739 -6.6667 -50 7.7084 -3.3333 -50 8.601 0 -50 9.5005 3.3333 -50 10.3477 6.6667 -50 11.0842 10 -50 11.6605 13.3333 -50 12.0435 16.6667 -50 12.221 20 -50 12.2038 23.3333 -50 12.0241 26.6667 -50 11.7313 30 -50 11.3845 33.3333 -50 11.0446 36.6667 -50 10.7649 40 -50 10.5844 43.3333 -50 10.5214 46.6667 -50 10.5714 50 -50 10.7082 53.3333 -50 10.8873 56.6667 -50 11.0532 60 -50 11.1473 63.3333 -50 11.1171 66.6667 -50 10.9243 70 -50 10.5505 73.3333 -50 10.0009 76.6667 -50 9.3038 80 -50 8.5075 83.3333 -50 7.6739 86.6667 -50 6.8702 90 -50 6.1601 93.3333 -50 5.5952 96.6667 -50 5.2084 100 -50 5.0098 103.3333 -50 4.9856 106.6667 -50 5.1012 110 -50 5.3063 113.3333 -50 5.5425 116.6667 -50 5.7523 120 -50 5.8872 -120 -46.6667 6.7769 -116.6667 -46.6667 7.0057 -113.3333 -46.6667 7.2375 -110 -46.6667 7.4152 -106.6667 -46.6667 7.4766 -103.3333 -46.6667 7.364 -100 -46.6667 7.0333 -96.6667 -46.6667 6.4616 -93.3333 -46.6667 5.6526 -90 -46.6667 4.6382 -86.6667 -46.6667 3.4764 -83.3333 -46.6667 2.2456 -80 -46.6667 1.0361 -76.6667 -46.6667 0.35 -73.3333 -46.6667 0.35 -70 -46.6667 0.35 -66.6667 -46.6667 0.35 -63.3333 -46.6667 0.35 -60 -46.6667 0.35 -56.6667 -46.6667 0.35 -53.3333 -46.6667 0.35 -50 -46.6667 0.35 -46.6667 -46.6667 1.1774 -43.3333 -46.6667 1.9942 -40 -46.6667 2.7357 -36.6667 -46.6667 3.3765 -33.3333 -46.6667 3.915 -30 -46.6667 4.3712 -26.6667 -46.6667 4.7815 -23.3333 -46.6667 5.1916 -20 -46.6667 5.6476 -16.6667 -46.6667 6.1879 -13.3333 -46.6667 6.8359 -10 -46.6667 7.595 -6.6667 -46.6667 8.4478 -3.3333 -46.6667 9.3571 0 -46.6667 10.2708 3.3333 -46.6667 11.1294 6.6667 -46.6667 11.8738 10 -46.6667 12.4539 13.3333 -46.6667 12.8359 16.6667 -46.6667 13.0072 20 -46.6667 12.9781 23.3333 -46.6667 12.7803 26.6667 -46.6667 12.4628 30 -46.6667 12.0846 33.3333 -46.6667 11.7062 36.6667 -46.6667 11.3812 40 -46.6667 11.1485 43.3333 -46.6667 11.0269 46.6667 -46.6667 11.0125 50 -46.6667 11.0796 53.3333 -46.6667 11.1849 56.6667 -46.6667 11.2736 60 -46.6667 11.2885 63.3333 -46.6667 11.1783 66.6667 -46.6667 10.9061 70 -46.6667 10.455 73.3333 -46.6667 9.8314 76.6667 -46.6667 9.0653 80 -46.6667 8.2062 83.3333 -46.6667 7.3171 86.6667 -46.6667 6.4664 90 -46.6667 5.7188 93.3333 -46.6667 5.1263 96.6667 -46.6667 4.7224 100 -46.6667 4.5172 103.3333 -46.6667 4.4969 106.6667 -46.6667 4.6263 110 -46.6667 4.8544 113.3333 -46.6667 5.1219 116.6667 -46.6667 5.37 120 -46.6667 5.5489 -120 -43.3333 6.2669 -116.6667 -43.3333 6.5511 -113.3333 -43.3333 6.8678 -110 -43.3333 7.1583 -106.6667 -43.3333 7.3567 -103.3333 -43.3333 7.4001 -100 -43.3333 7.2376 -96.6667 -43.3333 6.839 -93.3333 -43.3333 6.2003 -90 -43.3333 5.3459 -86.6667 -43.3333 4.3274 -83.3333 -43.3333 3.2182 -80 -43.3333 2.1053 -76.6667 -43.3333 1.0795 -73.3333 -43.3333 0.35 -70 -43.3333 0.35 -66.6667 -43.3333 0.35 -63.3333 -43.3333 0.35 -60 -43.3333 0.35 -56.6667 -43.3333 0.35 -53.3333 -43.3333 0.6071 -50 -43.3333 1.3772 -46.6667 -43.3333 2.1862 -43.3333 -43.3333 2.9716 -40 -43.3333 3.6868 -36.6667 -43.3333 4.3067 -33.3333 -43.3333 4.829 -30 -43.3333 5.2728 -26.6667 -43.3333 5.6734 -23.3333 -43.3333 6.0752 -20 -43.3333 6.5232 -16.6667 -43.3333 7.0547 -13.3333 -43.3333 7.6921 -10 -43.3333 8.4386 -6.6667 -43.3333 9.2761 -3.3333 -43.3333 10.1673 0 -43.3333 11.0601 3.3333 -43.3333 11.895 6.6667 -43.3333 12.6129 10 -43.3333 13.1642 13.3333 -43.3333 13.515 16.6667 -43.3333 13.653 20 -43.3333 13.5883 23.3333 -43.3333 13.353 26.6667 -43.3333 12.996 30 -43.3333 12.5763 33.3333 -43.3333 12.1544 36.6667 -43.3333 11.7839 40 -43.3333 11.5037 43.3333 -43.3333 11.3327 46.6667 -43.3333 11.2671 50 -43.3333 11.2815 53.3333 -43.3333 11.3328 56.6667 -43.3333 11.3667 60 -43.3333 11.3264 63.3333 -43.3333 11.1616 66.6667 -43.3333 10.8357 70 -43.3333 10.3329 73.3333 -43.3333 9.6604 76.6667 -43.3333 8.849 80 -43.3333 7.9491 83.3333 -43.3333 7.0247 86.6667 -43.3333 6.1448 90 -43.3333 5.3745 93.3333 -43.3333 4.7667 96.6667 -43.3333 4.3549 100 -43.3333 4.1491 103.3333 -43.3333 4.1356 106.6667 -43.3333 4.2788 110 -43.3333 4.527 113.3333 -43.3333 4.8202 116.6667 -43.3333 5.0986 120 -43.3333 5.3113 -120 -40 5.684 -116.6667 -40 5.9877 -113.3333 -40 6.3574 -110 -40 6.7352 -106.6667 -40 7.0541 -103.3333 -40 7.2479 -100 -40 7.2605 -96.6667 -40 7.0547 -93.3333 -40 6.6184 -90 -40 5.9674 -86.6667 -40 5.1448 -83.3333 -40 4.2163 -80 -40 3.2625 -76.6667 -40 2.3696 -73.3333 -40 1.6187 -70 -40 1.0762 -66.6667 -40 0.7863 -63.3333 -40 0.7663 -60 -40 1.0054 -56.6667 -40 1.4678 -53.3333 -40 2.0982 -50 -40 2.8306 -46.6667 -40 3.5972 -43.3333 -40 4.3381 -40 -40 5.0088 -36.6667 -40 5.5849 -33.3333 -40 6.0646 -30 -40 6.4665 -26.6667 -40 6.8253 -23.3333 -40 7.1847 -20 -40 7.5888 -16.6667 -40 8.0743 -13.3333 -40 8.6632 -10 -40 9.3584 -6.6667 -40 10.1421 -3.3333 -40 10.9773 0 -40 11.8126 3.3333 -40 12.589 6.6667 -40 13.2486 10 -40 13.7422 13.3333 -40 14.0369 16.6667 -40 14.1208 20 -40 14.0048 23.3333 -40 13.721 26.6667 -40 13.3185 30 -40 12.8563 33.3333 -40 12.3948 36.6667 -40 11.9872 40 -40 11.6722 43.3333 -40 11.468 46.6667 -40 11.3707 50 -40 11.3545 53.3333 -40 11.3758 56.6667 -40 11.3804 60 -40 11.3115 63.3333 -40 11.1186 66.6667 -40 10.7656 70 -40 10.2368 73.3333 -40 9.54 76.6667 -40 8.7065 80 -40 7.7872 83.3333 -40 6.8465 86.6667 -40 5.954 90 -40 5.1752 93.3333 -40 4.5631 96.6667 -40 4.1514 100 -40 3.9504 103.3333 -40 3.9457 106.6667 -40 4.1017 110 -40 4.366 113.3333 -40 4.6781 116.6667 -40 4.9774 120 -40 5.2121 -120 -36.6667 5.1238 -116.6667 -36.6667 5.412 -113.3333 -36.6667 5.7991 -110 -36.6667 6.2304 -106.6667 -36.6667 6.6405 -103.3333 -36.6667 6.9627 -100 -36.6667 7.138 -96.6667 -36.6667 7.1244 -93.3333 -36.6667 6.9028 -90 -36.6667 6.4809 -86.6667 -36.6667 5.8925 -83.3333 -36.6667 5.1939 -80 -36.6667 4.4567 -76.6667 -36.6667 3.7595 -73.3333 -36.6667 3.1772 -70 -36.6667 2.7721 -66.6667 -36.6667 2.5865 -63.3333 -36.6667 2.6375 -60 -36.6667 2.9162 -56.6667 -36.6667 3.3898 -53.3333 -36.6667 4.0071 -50 -36.6667 4.7064 -46.6667 -36.6667 5.4243 -43.3333 -36.6667 6.1047 -40 -36.6667 6.7064 -36.6667 -36.6667 7.2076 -33.3333 -36.6667 7.6082 -30 -36.6667 7.9281 -26.6667 -36.6667 8.2026 -23.3333 -36.6667 8.4756 -20 -36.6667 8.7915 -16.6667 -36.6667 9.1871 -13.3333 -36.6667 9.6848 -10 -36.6667 10.2881 -6.6667 -36.6667 10.9798 -3.3333 -36.6667 11.7238 0 -36.6667 12.4699 3.3333 -36.6667 13.1603 6.6667 -36.6667 13.7381 10 -36.6667 14.1552 13.3333 -36.6667 14.3797 16.6667 -36.6667 14.4003 20 -36.6667 14.2283 23.3333 -36.6667 13.8961 26.6667 -36.6667 13.4526 30 -36.6667 12.9564 33.3333 -36.6667 12.4673 36.6667 -36.6667 12.0378 40 -36.6667 11.7057 43.3333 -36.6667 11.4885 46.6667 -36.6667 11.3812 50 -36.6667 11.3573 53.3333 -36.6667 11.3724 56.6667 -36.6667 11.3719 60 -36.6667 11.2984 63.3333 -36.6667 11.1014 66.6667 -36.6667 10.7445 70 -36.6667 10.2122 73.3333 -36.6667 9.5125 76.6667 -36.6667 8.6768 80 -36.6667 7.7563 83.3333 -36.6667 6.8159 86.6667 -36.6667 5.9253 90 -36.6667 5.1503 93.3333 -36.6667 4.5439 96.6667 -36.6667 4.1397 100 -36.6667 3.9479 103.3333 -36.6667 3.9539 106.6667 -36.6667 4.1215 110 -36.6667 4.3981 113.3333 -36.6667 4.7224 116.6667 -36.6667 5.0333 120 -36.6667 5.2785 -120 -33.3333 4.6782 -116.6667 -33.3333 4.9246 -113.3333 -33.3333 5.2981 -110 -33.3333 5.7491 -106.6667 -33.3333 6.2159 -103.3333 -33.3333 6.6338 -100 -33.3333 6.9441 -96.6667 -33.3333 7.1026 -93.3333 -33.3333 7.0861 -90 -33.3333 6.8957 -86.6667 -33.3333 6.5569 -83.3333 -33.3333 6.1167 -80 -33.3333 5.6366 -76.6667 -33.3333 5.1852 -73.3333 -33.3333 4.8282 -70 -33.3333 4.6202 -66.6667 -33.3333 4.5976 -63.3333 -33.3333 4.7737 -60 -33.3333 5.1381 -56.6667 -33.3333 5.6584 -53.3333 -33.3333 6.2857 -50 -33.3333 6.9617 -46.6667 -33.3333 7.6275 -43.3333 -33.3333 8.2318 -40 -33.3333 8.738 -36.6667 -33.3333 9.129 -33.3333 -33.3333 9.4085 -30 -33.3333 9.5999 -26.6667 -33.3333 9.7411 -23.3333 -33.3333 9.8785 -20 -33.3333 10.0582 -16.6667 -33.3333 10.3187 -13.3333 -33.3333 10.6838 -10 -33.3333 11.1581 -6.6667 -33.3333 11.7259 -3.3333 -33.3333 12.3523 0 -33.3333 12.9883 3.3333 -33.3333 13.5773 6.6667 -33.3333 14.0632 10 -33.3333 14.399 13.3333 -33.3333 14.553 16.6667 -33.3333 14.5143 20 -33.3333 14.2942 23.3333 -33.3333 13.9245 26.6667 -33.3333 13.4536 30 -33.3333 12.9391 33.3333 -33.3333 12.4398 36.6667 -33.3333 12.0069 40 -33.3333 11.6769 43.3333 -33.3333 11.4662 46.6667 -33.3333 11.3685 50 -33.3333 11.3563 53.3333 -33.3333 11.3845 56.6667 -33.3333 11.3976 60 -33.3333 11.338 63.3333 -33.3333 11.1545 66.6667 -33.3333 10.8111 70 -33.3333 10.2919 73.3333 -33.3333 9.6052 76.6667 -33.3333 8.7825 80 -33.3333 7.8753 83.3333 -33.3333 6.9484 86.6667 -33.3333 6.0716 90 -33.3333 5.3107 93.3333 -33.3333 4.7186 96.6667 -33.3333 4.3286 100 -33.3333 4.1505 103.3333 -33.3333 4.1692 106.6667 -33.3333 4.3481 110 -33.3333 4.6339 113.3333 -33.3333 4.9648 116.6667 -33.3333 5.2793 120 -33.3333 5.5244 -120 -30 4.4241 -116.6667 -30 4.616 -113.3333 -30 4.9565 -110 -30 5.4011 -106.6667 -30 5.8931 -103.3333 -30 6.3717 -100 -30 6.7808 -96.6667 -30 7.0769 -93.3333 -30 7.2357 -90 -30 7.2546 -86.6667 -30 7.1535 -83.3333 -30 6.9715 -80 -30 6.7609 -76.6667 -30 6.5795 -73.3333 -30 6.4826 -70 -30 6.5142 -66.6667 -30 6.7015 -63.3333 -30 7.0502 -60 -30 7.5446 -56.6667 -30 8.1491 -53.3333 -30 8.8141 -50 -30 9.4828 -46.6667 -30 10.0998 -43.3333 -30 10.6185 -40 -30 11.0082 -36.6667 -30 11.2579 -33.3333 -30 11.3776 -30 -30 11.3966 -26.6667 -30 11.3584 -23.3333 -30 11.3141 -20 -30 11.3139 -16.6667 -30 11.3998 -13.3333 -30 11.5981 -10 -30 11.916 -6.6667 -30 12.3393 -3.3333 -30 12.8346 0 -30 13.3537 3.3333 -30 13.8405 6.6667 -30 14.2395 10 -30 14.5033 13.3333 -30 14.6001 16.6667 -30 14.5181 20 -30 14.2677 23.3333 -30 13.8796 26.6667 -30 13.4007 30 -30 12.8871 33.3333 -30 12.3961 36.6667 -30 11.9773 40 -30 11.6657 43.3333 -30 11.4765 46.6667 -30 11.4022 50 -30 11.4144 53.3333 -30 11.4673 56.6667 -30 11.505 60 -30 11.4696 63.3333 -30 11.3099 66.6667 -30 10.9898 70 -30 10.4938 73.3333 -30 9.8301 76.6667 -30 9.0304 80 -30 8.1463 83.3333 -30 7.2426 86.6667 -30 6.3888 90 -30 5.6505 93.3333 -30 5.0801 96.6667 -30 4.7104 100 -30 4.5504 103.3333 -30 4.5845 106.6667 -30 4.7752 110 -30 5.0685 113.3333 -30 5.402 116.6667 -30 5.7137 120 -30 5.9504 -120 -26.6667 4.4154 -116.6667 -26.6667 4.5562 -113.3333 -26.6667 4.8592 -110 -26.6667 5.2844 -106.6667 -26.6667 5.7798 -103.3333 -26.6667 6.289 -100 -26.6667 6.7598 -96.6667 -26.6667 7.1516 -93.3333 -26.6667 7.4414 -90 -26.6667 7.6263 -86.6667 -26.6667 7.7237 -83.3333 -26.6667 7.7678 -80 -26.6667 7.8039 -76.6667 -26.6667 7.8812 -73.3333 -26.6667 8.0446 -70 -26.6667 8.3273 -66.6667 -26.6667 8.7453 -63.3333 -26.6667 9.2944 -60 -26.6667 9.95 -56.6667 -26.6667 10.6699 -53.3333 -26.6667 11.4005 -50 -26.6667 12.0837 -46.6667 -26.6667 12.665 -43.3333 -26.6667 13.1016 -40 -26.6667 13.3682 -36.6667 -26.6667 13.4609 -33.3333 -26.6667 13.3977 -30 -26.6667 13.2157 -26.6667 -26.6667 12.9667 -23.3333 -26.6667 12.7089 -20 -26.6667 12.4991 -16.6667 -26.6667 12.3847 -13.3333 -26.6667 12.3965 -10 -26.6667 12.5446 -6.6667 -26.6667 12.8172 -3.3333 -26.6667 13.1821 0 -26.6667 13.5914 3.3333 -26.6667 13.989 6.6667 -26.6667 14.3183 10 -26.6667 14.5308 13.3333 -26.6667 14.5929 16.6667 -26.6667 14.4912 20 -26.6667 14.2338 23.3333 -26.6667 13.8494 26.6667 -26.6667 13.3829 30 -26.6667 12.8883 33.3333 -26.6667 12.4209 36.6667 -26.6667 12.029 40 -26.6667 11.7461 43.3333 -26.6667 11.5862 46.6667 -26.6667 11.5412 50 -26.6667 11.582 53.3333 -26.6667 11.6628 56.6667 -26.6667 11.7275 60 -26.6667 11.7185 63.3333 -26.6667 11.5851 66.6667 -26.6667 11.2912 70 -26.6667 10.8218 73.3333 -26.6667 10.1853 76.6667 -26.6667 9.4137 80 -26.6667 8.5585 83.3333 -26.6667 7.6841 86.6667 -26.6667 6.8598 90 -26.6667 6.1505 93.3333 -26.6667 5.6078 96.6667 -26.6667 5.2637 100 -26.6667 5.1261 103.3333 -26.6667 5.1784 106.6667 -26.6667 5.3821 110 -26.6667 5.6824 113.3333 -26.6667 6.0162 116.6667 -26.6667 6.3209 120 -26.6667 6.543 -120 -23.3333 4.6805 -116.6667 -23.3333 4.7875 -113.3333 -23.3333 5.063 -110 -23.3333 5.4699 -106.6667 -23.3333 5.9594 -103.3333 -23.3333 6.4788 -100 -23.3333 6.9795 -96.6667 -23.3333 7.4245 -93.3333 -23.3333 7.7939 -90 -23.3333 8.0868 -86.6667 -23.3333 8.321 -83.3333 -23.3333 8.5296 -80 -23.3333 8.7548 -76.6667 -23.3333 9.0402 -73.3333 -23.3333 9.4233 -70 -23.3333 9.9284 -66.6667 -23.3333 10.5612 -63.3333 -23.3333 11.3071 -60 -23.3333 12.1311 -56.6667 -23.3333 12.9825 -53.3333 -23.3333 13.8004 -50 -23.3333 14.5222 -46.6667 -23.3333 15.0916 -43.3333 -23.3333 15.4669 -40 -23.3333 15.6266 -36.6667 -23.3333 15.5729 -33.3333 -23.3333 15.3313 -30 -23.3333 14.9483 -26.6667 -23.3333 14.4847 -23.3333 -23.3333 14.0078 -20 -23.3333 13.5829 -16.6667 -23.3333 13.2645 -13.3333 -23.3333 13.0892 -10 -23.3333 13.0715 -6.6667 -23.3333 13.2021 -3.3333 -23.3333 13.4501 0 -23.3333 13.7676 3.3333 -23.3333 14.0975 6.6667 -23.3333 14.3813 10 -23.3333 14.5678 13.3333 -23.3333 14.621 16.6667 -23.3333 14.524 20 -23.3333 14.2822 23.3333 -23.3333 13.9213 26.6667 -23.3333 13.4835 30 -23.3333 13.0207 33.3333 -23.3333 12.5862 36.6667 -23.3333 12.2268 40 -23.3333 11.9751 43.3333 -23.3333 11.8443 46.6667 -23.3333 11.8262 50 -23.3333 11.8919 53.3333 -23.3333 11.9959 56.6667 -23.3333 12.0828 60 -23.3333 12.0956 63.3333 -23.3333 11.9843 66.6667 -23.3333 11.7137 70 -23.3333 11.2691 73.3333 -23.3333 10.6595 76.6667 -23.3333 9.9167 80 -23.3333 9.0923 83.3333 -23.3333 8.2503 86.6667 -23.3333 7.4592 90 -23.3333 6.783 93.3333 -23.3333 6.2723 96.6667 -23.3333 5.9577 100 -23.3333 5.8459 103.3333 -23.3333 5.919 106.6667 -23.3333 6.1372 110 -23.3333 6.4448 113.3333 -23.3333 6.7777 116.6667 -23.3333 7.0727 120 -23.3333 7.2762 -120 -20 5.2217 -116.6667 -20 5.3217 -113.3333 -20 5.5904 -110 -20 5.9914 -106.6667 -20 6.4768 -103.3333 -20 6.9958 -100 -20 7.5024 -96.6667 -20 7.9624 -93.3333 -20 8.3591 -90 -20 8.695 -86.6667 -20 8.9906 -83.3333 -20 9.2812 -80 -20 9.6094 -76.6667 -20 10.0181 -73.3333 -20 10.5418 -70 -20 11.1998 -66.6667 -20 11.9913 -63.3333 -20 12.8934 -60 -20 13.8624 -56.6667 -20 14.8384 -53.3333 -20 15.7522 -50 -20 16.5342 -46.6667 -20 17.1235 -43.3333 -20 17.4761 -40 -20 17.5708 -36.6667 -20 17.4131 -33.3333 -20 17.0343 -30 -20 16.4879 -26.6667 -20 15.8435 -23.3333 -20 15.1776 -20 -20 14.5643 -16.6667 -20 14.0662 -13.3333 -20 13.7268 -10 -20 13.5655 -6.6667 -20 13.5766 -3.3333 -20 13.7307 0 -20 13.9802 3.3333 -20 14.2664 6.6667 -20 14.5283 10 -20 14.712 13.3333 -20 14.7773 16.6667 -20 14.704 20 -20 14.4936 23.3333 -20 14.1685 26.6667 -20 13.7681 30 -20 13.3419 33.3333 -20 12.9415 36.6667 -20 12.6125 40 -20 12.387 43.3333 -20 12.2781 46.6667 -20 12.2781 50 -20 12.3588 53.3333 -20 12.4758 56.6667 -20 12.5749 60 -20 12.6001 63.3333 -20 12.5026 66.6667 -20 12.2482 70 -20 11.8229 73.3333 -20 11.236 76.6667 -20 10.5196 80 -20 9.7248 83.3333 -20 8.915 86.6667 -20 8.158 90 -20 7.5165 93.3333 -20 7.0396 96.6667 -20 6.7564 100 -20 6.6722 103.3333 -20 6.7675 106.6667 -20 7.0011 110 -20 7.316 113.3333 -20 7.6473 116.6667 -20 7.9311 120 -20 8.1138 -120 -16.6667 6.0171 -116.6667 -16.6667 6.1402 -113.3333 -16.6667 6.427 -110 -16.6667 6.8394 -106.6667 -16.6667 7.3289 -103.3333 -16.6667 7.844 -100 -16.6667 8.3391 -96.6667 -16.6667 8.7816 -93.3333 -16.6667 9.1571 -90 -16.6667 9.4712 -86.6667 -16.6667 9.7488 -83.3333 -16.6667 10.029 -80 -16.6667 10.3588 -76.6667 -16.6667 10.7843 -73.3333 -16.6667 11.3422 -70 -16.6667 12.0525 -66.6667 -16.6667 12.9129 -63.3333 -16.6667 13.8973 -60 -16.6667 14.9568 -56.6667 -16.6667 16.025 -53.3333 -16.6667 17.0253 -50 -16.6667 17.8806 -46.6667 -16.6667 18.5232 -43.3333 -16.6667 18.9036 -40 -16.6667 18.9972 -36.6667 -16.6667 18.8081 -33.3333 -16.6667 18.3687 -30 -16.6667 17.7364 -26.6667 -16.6667 16.9859 -23.3333 -16.6667 16.2005 -20 -16.6667 15.4616 -16.6667 -16.6667 14.8392 -13.3333 -16.6667 14.3836 -10 -16.6667 14.1198 -6.6667 -16.6667 14.0462 -3.3333 -16.6667 14.136 0 -16.6667 14.3421 3.3333 -16.6667 14.6054 6.6667 -16.6667 14.8629 10 -16.6667 15.0576 13.3333 -16.6667 15.146 16.6667 -16.6667 15.1041 20 -16.6667 14.9298 23.3333 -16.6667 14.6423 26.6667 -16.6667 14.2779 30 -16.6667 13.884 33.3333 -16.6667 13.5109 36.6667 -16.6667 13.2032 40 -16.6667 12.993 43.3333 -16.6667 12.894 46.6667 -16.6667 12.8993 50 -16.6667 12.9819 53.3333 -16.6667 13.0989 56.6667 -16.6667 13.1977 60 -16.6667 13.2238 63.3333 -16.6667 13.1298 66.6667 -16.6667 12.8825 70 -16.6667 12.4687 73.3333 -16.6667 11.8982 76.6667 -16.6667 11.203 80 -16.6667 10.4338 83.3333 -16.6667 9.6533 86.6667 -16.6667 8.9282 90 -16.6667 8.3197 93.3333 -16.6667 7.8755 96.6667 -16.6667 7.623 100 -16.6667 7.5656 103.3333 -16.6667 7.6824 106.6667 -16.6667 7.9306 110 -16.6667 8.2519 113.3333 -16.6667 8.5806 116.6667 -16.6667 8.8521 120 -16.6667 9.0126 -120 -13.3333 7.0224 -116.6667 -13.3333 7.1948 -113.3333 -13.3333 7.5217 -110 -13.3333 7.9617 -106.6667 -13.3333 8.4631 -103.3333 -13.3333 8.9722 -100 -13.3333 9.4418 -96.6667 -13.3333 9.8391 -93.3333 -13.3333 10.1504 -90 -13.3333 10.3843 -86.6667 -13.3333 10.5693 -83.3333 -13.3333 10.7501 -80 -13.3333 10.9799 -76.6667 -13.3333 11.3115 -73.3333 -13.3333 11.7884 -70 -13.3333 12.4364 -66.6667 -13.3333 13.2579 -63.3333 -13.3333 14.2293 -60 -13.3333 15.3023 -56.6667 -13.3333 16.4084 -53.3333 -13.3333 17.467 -50 -13.3333 18.3951 -46.6667 -13.3333 19.1178 -43.3333 -13.3333 19.5782 -40 -13.3333 19.7447 -36.6667 -13.3333 19.6153 -33.3333 -13.3333 19.2183 -30 -13.3333 18.6086 -26.6667 -13.3333 17.8609 -23.3333 -13.3333 17.0603 -20 -13.3333 16.292 -16.6667 -13.3333 15.6304 -13.3333 -13.3333 15.131 -10 -13.3333 14.824 -6.6667 -13.3333 14.7122 -3.3333 -13.3333 14.7722 0 -13.3333 14.9593 3.3333 -13.3333 15.215 6.6667 -13.3333 15.4762 10 -13.3333 15.6842 13.3333 -13.3333 15.7935 16.6667 -13.3333 15.7773 20 -13.3333 15.6307 23.3333 -13.3333 15.3702 26.6667 -13.3333 15.0299 30 -13.3333 14.6554 33.3333 -13.3333 14.2957 36.6667 -13.3333 13.9952 40 -13.3333 13.7859 43.3333 -13.3333 13.6823 46.6667 -13.3333 13.6786 50 -13.3333 13.7495 53.3333 -13.3333 13.8536 56.6667 -13.3333 13.9399 60 -13.3333 13.9556 63.3333 -13.3333 13.8547 66.6667 -13.3333 13.605 70 -13.3333 13.1942 73.3333 -13.3333 12.6323 76.6667 -13.3333 11.9513 80 -13.3333 11.2013 83.3333 -13.3333 10.4444 86.6667 -13.3333 9.7458 90 -13.3333 9.1654 93.3333 -13.3333 8.7493 96.6667 -13.3333 8.5232 100 -13.3333 8.4887 103.3333 -13.3333 8.6233 106.6667 -13.3333 8.8829 110 -13.3333 9.2079 113.3333 -13.3333 9.5317 116.6667 -13.3333 9.7893 120 -13.3333 9.9266 -120 -10 8.1721 -116.6667 -10 8.4109 -113.3333 -10 8.791 -110 -10 9.2668 -106.6667 -10 9.7822 -103.3333 -10 10.2798 -100 -10 10.7095 -96.6667 -10 11.0368 -93.3333 -10 11.248 -90 -10 11.3528 -86.6667 -10 11.3836 -83.3333 -10 11.3902 -80 -10 11.4332 -76.6667 -10 11.574 -73.3333 -10 11.8659 -70 -10 12.3446 -66.6667 -10 13.0219 -63.3333 -10 13.8824 -60 -10 14.884 -56.6667 -10 15.9618 -53.3333 -10 17.0357 -50 -10 18.0204 -46.6667 -10 18.836 -43.3333 -10 19.4178 -40 -10 19.7255 -36.6667 -10 19.7473 -33.3333 -10 19.5021 -30 -10 19.0364 -26.6667 -10 18.4184 -23.3333 -10 17.7288 -20 -10 17.0502 -16.6667 -10 16.4574 -13.3333 -10 16.0072 -10 -10 15.7332 -6.6667 -10 15.6418 -3.3333 -10 15.7135 0 -10 15.9073 3.3333 -10 16.1678 6.6667 -10 16.4336 10 -10 16.6474 13.3333 -10 16.7637 16.6667 -10 16.7553 20 -10 16.6161 23.3333 -10 16.3613 26.6667 -10 16.0239 30 -10 15.6483 33.3333 -10 15.2829 36.6667 -10 14.9717 40 -10 14.7471 43.3333 -10 14.6242 46.6667 -10 14.5983 50 -10 14.6454 53.3333 -10 14.7254 56.6667 -10 14.7891 60 -10 14.785 63.3333 -10 14.6682 66.6667 -10 14.4076 70 -10 13.9914 73.3333 -10 13.4298 76.6667 -10 12.7547 80 -10 12.0158 83.3333 -10 11.274 86.6667 -10 10.5935 90 -10 10.0329 93.3333 -10 9.6366 96.6667 -10 9.4289 100 -10 9.4098 103.3333 -10 9.5552 106.6667 -10 9.8199 110 -10 10.1433 113.3333 -10 10.4581 116.6667 -10 10.6988 120 -10 10.8113 -120 -6.6667 9.3824 -116.6667 -6.6667 9.6918 -113.3333 -6.6667 10.1258 -110 -6.6667 10.6342 -106.6667 -6.6667 11.1564 -103.3333 -6.6667 11.6307 -100 -6.6667 12.0038 -96.6667 -6.6667 12.2386 -93.3333 -6.6667 12.3207 -90 -6.6667 12.2607 -86.6667 -6.6667 12.0936 -83.3333 -6.6667 11.8742 -80 -6.6667 11.6701 -76.6667 -6.6667 11.5518 -73.3333 -6.6667 11.5832 -70 -6.6667 11.8119 -66.6667 -6.6667 12.2622 -63.3333 -6.6667 12.9304 -60 -6.6667 13.7851 -56.6667 -6.6667 14.7698 -53.3333 -6.6667 15.8099 -50 -6.6667 16.8222 -46.6667 -6.6667 17.725 -43.3333 -6.6667 18.4485 -40 -6.6667 18.9438 -36.6667 -6.6667 19.1882 -33.3333 -6.6667 19.1881 -30 -6.6667 18.977 -26.6667 -6.6667 18.6107 -23.3333 -6.6667 18.1589 -20 -6.6667 17.6958 -16.6667 -6.6667 17.2897 -13.3333 -6.6667 16.9944 -10 -6.6667 16.8427 -6.6667 -6.6667 16.8424 -3.3333 -6.6667 16.9774 0 -6.6667 17.2107 3.3333 -6.6667 17.4915 6.6667 -6.6667 17.7631 10 -6.6667 17.9721 13.3333 -6.6667 18.0762 16.6667 -6.6667 18.0507 20 -6.6667 17.8911 23.3333 -6.6667 17.6135 26.6667 -6.6667 17.2512 30 -6.6667 16.8488 33.3333 -6.6667 16.4547 36.6667 -6.6667 16.1131 40 -6.6667 15.8563 43.3333 -6.6667 15.7001 46.6667 -6.6667 15.6404 50 -6.6667 15.6539 53.3333 -6.6667 15.7017 56.6667 -6.6667 15.7355 60 -6.6667 15.7047 63.3333 -6.6667 15.5654 66.6667 -6.6667 15.2869 70 -6.6667 14.8578 73.3333 -6.6667 14.2884 76.6667 -6.6667 13.6103 80 -6.6667 12.8726 83.3333 -6.6667 12.1355 86.6667 -6.6667 11.4621 90 -6.6667 10.9097 93.3333 -6.6667 10.5215 96.6667 -6.6667 10.3204 100 -6.6667 10.3054 103.3333 -6.6667 10.4512 106.6667 -6.6667 10.7115 110 -6.6667 11.0251 113.3333 -6.6667 11.3241 116.6667 -6.6667 11.5431 120 -6.6667 11.628 -120 -3.3333 10.5562 -116.6667 -3.3333 10.9262 -113.3333 -3.3333 11.402 -110 -3.3333 11.9285 -106.6667 -3.3333 12.4411 -103.3333 -3.3333 12.8745 -100 -3.3333 13.1723 -96.6667 -3.3333 13.2954 -93.3333 -3.3333 13.2286 -90 -3.3333 12.9828 -86.6667 -3.3333 12.5955 -83.3333 -3.3333 12.1256 -80 -3.3333 11.6467 -76.6667 -3.3333 11.2375 -73.3333 -3.3333 10.972 -70 -3.3333 10.9092 -66.6667 -3.3333 11.086 -63.3333 -3.3333 11.512 -60 -3.3333 12.1682 -56.6667 -3.3333 13.0096 -53.3333 -3.3333 13.9708 -50 -3.3333 14.9746 -46.6667 -3.3333 15.9419 -43.3333 -3.3333 16.8014 -40 -3.3333 17.4983 -36.6667 -3.3333 18.0008 -33.3333 -3.3333 18.3025 -30 -3.3333 18.4225 -26.6667 -3.3333 18.4007 -23.3333 -3.3333 18.2914 -20 -3.3333 18.1544 -16.6667 -3.3333 18.0463 -13.3333 -3.3333 18.0116 -10 -3.3333 18.0774 -6.6667 -3.3333 18.2491 -3.3333 -3.3333 18.511 0 -3.3333 18.8292 3.3333 -3.3333 19.1578 6.6667 -3.3333 19.4459 10 -3.3333 19.6467 13.3333 -3.3333 19.724 16.6667 -3.3333 19.6585 20 -3.3333 19.4507 23.3333 -3.3333 19.1203 26.6667 -3.3333 18.7034 30 -3.3333 18.2464 33.3333 -3.3333 17.7988 36.6667 -3.3333 17.4056 40 -3.3333 17.0997 43.3333 -3.3333 16.8967 46.6667 -3.3333 16.793 50 -3.3333 16.7654 53.3333 -3.3333 16.7753 56.6667 -3.3333 16.7745 60 -3.3333 16.7128 63.3333 -3.3333 16.5464 66.6667 -3.3333 16.2449 70 -3.3333 15.7967 73.3333 -3.3333 15.2119 76.6667 -3.3333 14.5217 80 -3.3333 13.7745 83.3333 -3.3333 13.03 86.6667 -3.3333 12.3504 90 -3.3333 11.7921 93.3333 -3.3333 11.3973 96.6667 -3.3333 11.1881 100 -3.3333 11.1626 103.3333 -3.3333 11.2948 106.6667 -3.3333 11.538 110 -3.3333 11.8307 113.3333 -3.3333 12.1049 116.6667 -3.3333 12.2952 120 -3.3333 12.3479 -120 0 11.5915 -116.6667 0 12.0005 -113.3333 0 12.4951 -110 0 13.0169 -106.6667 0 13.4979 -103.3333 0 13.8703 -100 0 14.0756 -96.6667 0 14.0737 -93.3333 0 13.8488 -90 0 13.4129 -86.6667 0 12.8051 -83.3333 0 12.0879 -80 0 11.3396 -76.6667 0 10.6454 -73.3333 0 10.087 -70 0 9.7332 -66.6667 0 9.6314 -63.3333 0 9.8031 -60 0 10.2414 -56.6667 0 10.913 -53.3333 0 11.7633 -50 0 12.7239 -46.6667 0 13.7217 -43.3333 0 14.6878 -40 0 15.5663 -36.6667 0 16.3195 -33.3333 0 16.9321 -30 0 17.4099 -26.6667 0 17.7776 -23.3333 0 18.0725 -20 0 18.3373 -16.6667 0 18.6124 -13.3333 0 18.9284 -10 0 19.3012 -6.6667 0 19.7286 -3.3333 0 20.1913 0 0 20.655 3.3333 0 21.0766 6.6667 0 21.4108 10 0 21.6177 13.3333 0 21.6691 16.6667 0 21.5537 20 0 21.2797 23.3333 0 20.8733 26.6667 0 20.3761 30 0 19.8389 33.3333 0 19.3142 36.6667 0 18.8487 40 0 18.4763 43.3333 0 18.2134 46.6667 0 18.0558 50 0 17.9803 53.3333 0 17.9476 56.6667 0 17.9091 60 0 17.8139 63.3333 0 17.6175 66.6667 0 17.2891 70 0 16.8165 73.3333 0 16.2093 76.6667 0 15.498 80 0 14.7305 83.3333 0 13.9657 86.6667 0 13.2654 90 0 12.6852 93.3333 0 12.2671 96.6667 0 12.0326 100 0 11.9795 103.3333 0 12.0817 106.6667 0 12.2925 110 0 12.5505 113.3333 0 12.7882 116.6667 0 12.9406 120 0 12.9547 -120 3.3333 12.3941 -116.6667 3.3333 12.8128 -113.3333 3.3333 13.2979 -110 3.3333 13.7888 -106.6667 3.3333 14.2157 -103.3333 3.3333 14.5094 -100 3.3333 14.6108 -96.6667 3.3333 14.4796 -93.3333 3.3333 14.1005 -90 3.3333 13.4865 -86.6667 3.3333 12.6786 -83.3333 3.3333 11.7418 -80 3.3333 10.7578 -76.6667 3.3333 9.8159 -73.3333 3.3333 9.0034 -70 3.3333 8.3952 -66.6667 3.3333 8.0467 -63.3333 3.3333 7.9876 -60 3.3333 8.2206 -56.6667 3.3333 8.7224 -53.3333 3.3333 9.4485 -50 3.3333 10.3398 -46.6667 3.3333 11.3312 -43.3333 3.3333 12.3597 -40 3.3333 13.3723 -36.6667 3.3333 14.331 -33.3333 3.3333 15.2159 -30 3.3333 16.025 -26.6667 3.3333 16.7713 -23.3333 3.3333 17.4774 -20 3.3333 18.1697 -16.6667 3.3333 18.8713 -13.3333 3.3333 19.5961 -10 3.3333 20.3447 -6.6667 3.3333 21.1028 -3.3333 3.3333 21.842 0 3.3333 22.5229 3.3333 3.3333 23.1012 6.6667 3.3333 23.5338 10 3.3333 23.7861 13.3333 3.3333 23.8374 16.6667 3.3333 23.6853 20 3.3333 23.3468 23.3333 3.3333 22.8574 26.6667 3.3333 22.2667 30 3.3333 21.6322 33.3333 3.3333 21.0118 36.6667 3.3333 20.456 40 3.3333 20.0013 43.3333 3.3333 19.6649 46.6667 3.3333 19.4431 50 3.3333 19.312 53.3333 3.3333 19.2316 56.6667 3.3333 19.1516 60 3.3333 19.0201 63.3333 3.3333 18.7911 66.6667 3.3333 18.4323 70 3.3333 17.9306 73.3333 3.3333 17.2943 76.6667 3.3333 16.5533 80 3.3333 15.7545 83.3333 3.3333 14.9565 86.6667 3.3333 14.2204 90 3.3333 13.6018 93.3333 3.3333 13.1426 96.6667 3.3333 12.8642 100 3.3333 12.7649 103.3333 3.3333 12.8189 106.6667 3.3333 12.9802 110 3.3333 13.1881 113.3333 3.3333 13.3757 116.6667 3.3333 13.4791 120 3.3333 13.4461 -120 6.6667 12.8915 -116.6667 6.6667 13.2888 -113.3333 6.6667 13.7366 -110 6.6667 14.1732 -106.6667 6.6667 14.5285 -103.3333 6.6667 14.7332 -100 6.6667 14.7286 -96.6667 6.6667 14.475 -93.3333 6.6667 13.9585 -90 6.6667 13.1933 -86.6667 6.6667 12.2221 -83.3333 6.6667 11.1114 -80 6.6667 9.9449 -76.6667 6.6667 8.8143 -73.3333 6.6667 7.8093 -70 6.6667 7.0082 -66.6667 6.6667 6.4701 -63.3333 6.6667 6.2297 -60 6.6667 6.2954 -56.6667 6.6667 6.6507 -53.3333 6.6667 7.2585 -50 6.6667 8.0679 -46.6667 6.6667 9.0219 -43.3333 6.6667 10.0651 -40 6.6667 11.1505 -36.6667 6.6667 12.2443 -33.3333 6.6667 13.3281 -30 6.6667 14.3977 -26.6667 6.6667 15.4605 -23.3333 6.6667 16.5302 -20 6.6667 17.6208 -16.6667 6.6667 18.7408 -13.3333 6.6667 19.8878 -10 6.6667 21.0461 -6.6667 6.6667 22.1861 -3.3333 6.6667 23.2658 0 6.6667 24.2358 3.3333 6.6667 25.045 6.6667 6.6667 25.6475 10 6.6667 26.0097 13.3333 6.6667 26.1152 16.6667 6.6667 25.9684 20 6.6667 25.5953 23.3333 6.6667 25.0407 26.6667 6.6667 24.3639 30 6.6667 23.6313 33.3333 6.6667 22.9084 36.6667 6.6667 22.252 40 6.6667 21.7028 43.3333 6.6667 21.2809 46.6667 6.6667 20.984 50 6.6667 20.7882 53.3333 6.6667 20.6524 56.6667 6.6667 20.5253 60 6.6667 20.3526 63.3333 6.6667 20.0867 66.6667 6.6667 19.6931 70 6.6667 19.1568 73.3333 6.6667 18.4846 76.6667 6.6667 17.7051 80 6.6667 16.8645 83.3333 6.6667 16.0203 86.6667 6.6667 15.2338 90 6.6667 14.5604 93.3333 6.6667 14.0423 96.6667 6.6667 13.7015 100 6.6667 13.5371 103.3333 6.6667 13.5244 106.6667 6.6667 13.6183 110 6.6667 13.7595 113.3333 6.6667 13.8825 116.6667 6.6667 13.9244 120 6.6667 13.8346 -120 10 13.046 -116.6667 10 13.3949 -113.3333 10 13.7835 -110 10 14.1501 -106.6667 10 14.4252 -103.3333 10 14.5405 -100 10 14.4384 -96.6667 10 14.0808 -93.3333 10 13.4549 -90 10 12.5763 -86.6667 10 11.4887 -83.3333 10 10.2598 -80 10 8.9737 -76.6667 10 7.7226 -73.3333 10 6.5966 -70 10 5.6745 -66.6667 10 5.0158 -63.3333 10 4.6567 -60 10 4.6076 -56.6667 10 4.855 -53.3333 10 5.3663 -50 10 6.0958 -46.6667 10 6.9933 -43.3333 10 8.0107 -40 10 9.1085 -36.6667 10 10.26 -33.3333 10 11.4524 -30 10 12.6855 -26.6667 10 13.9677 -23.3333 10 15.3105 -20 10 16.7221 -16.6667 10 18.2017 -13.3333 10 19.7351 -10 10 21.2922 -6.6667 10 22.8279 -3.3333 10 24.285 0 10 25.5999 3.3333 10 26.71 6.6667 10 27.5609 10 10 28.1139 13.3333 10 28.3517 16.6667 10 28.2812 20 10 27.9337 23.3333 10 27.362 26.6667 10 26.6344 30 10 25.8268 33.3333 10 25.0139 36.6667 10 24.2606 40 10 23.6143 43.3333 10 23.1001 46.6667 10 22.7189 50 10 22.4483 53.3333 10 22.2475 56.6667 10 22.0641 60 10 21.8422 63.3333 10 21.5317 66.6667 10 21.096 70 10 20.5176 73.3333 10 19.8014 76.6667 10 18.9741 80 10 18.0807 83.3333 10 17.1781 86.6667 10 16.3271 90 10 15.5834 93.3333 10 14.9896 96.6667 10 14.569 100 10 14.3215 103.3333 10 14.2241 106.6667 10 14.2334 110 10 14.2917 113.3333 10 14.3352 116.6667 10 14.3028 120 10 14.1453 -120 13.3333 12.8629 -116.6667 13.3333 13.1452 -113.3333 13.3333 13.462 -110 13.3333 13.7528 -106.6667 13.3333 13.9495 -103.3333 13.3333 13.9852 -100 13.3333 13.8038 -96.6667 13.3333 13.3687 -93.3333 13.3333 12.6682 -90 13.3333 11.7192 -86.6667 13.3333 10.5657 -83.3333 13.3333 9.2754 -80 13.3333 7.9322 -76.6667 13.3333 6.6274 -73.3333 13.3333 5.4497 -70 13.3333 4.4762 -66.6667 13.3333 3.765 -63.3333 13.3333 3.3506 -60 13.3333 3.2426 -56.6667 13.3333 3.4273 -53.3333 13.3333 3.8732 -50 13.3333 4.5373 -46.6667 13.3333 5.3733 -43.3333 13.3333 6.3387 -40 13.3333 7.4012 -36.6667 13.3333 8.5418 -33.3333 13.3333 9.756 -30 13.3333 11.0512 -26.6667 13.3333 12.4422 -23.3333 13.3333 13.9446 -20 13.3333 15.568 -16.6667 13.3333 17.3095 -13.3333 13.3333 19.1492 -10 13.3333 21.0479 -6.6667 13.3333 22.9486 -3.3333 13.3333 24.7801 0 13.3333 26.4641 3.3333 13.3333 27.9231 6.6667 13.3333 29.0898 10 13.3333 29.9149 13.3333 13.3333 30.3738 16.6667 13.3333 30.4697 20 13.3333 30.234 23.3333 13.3333 29.7225 26.6667 13.3333 29.0096 30 13.3333 28.1791 33.3333 13.3333 27.3145 36.6667 13.3333 26.4896 40 13.3333 25.76 43.3333 13.3333 25.158 46.6667 13.3333 24.6899 50 13.3333 24.3372 53.3333 13.3333 24.0612 56.6667 13.3333 23.8101 60 13.3333 23.5273 63.3333 13.3333 23.161 66.6667 13.3333 22.672 70 13.3333 22.0407 73.3333 13.3333 21.2695 76.6667 13.3333 20.3833 80 13.3333 19.4254 83.3333 13.3333 18.4519 86.6667 13.3333 17.5231 90 13.3333 16.6948 93.3333 13.3333 16.0103 96.6667 13.3333 15.494 100 13.3333 15.1475 103.3333 13.3333 14.9494 106.6667 13.3333 14.8584 110 13.3333 14.8189 113.3333 13.3333 14.7691 116.6667 13.3333 14.6501 120 13.3333 14.4143 -120 16.6667 12.3918 -116.6667 16.6667 12.5995 -113.3333 16.6667 12.8424 -110 16.6667 13.0615 -106.6667 16.6667 13.1904 -103.3333 16.6667 13.1638 -100 16.6667 12.927 -96.6667 16.6667 12.4446 -93.3333 16.6667 11.706 -90 16.6667 10.7283 -86.6667 16.6667 9.5556 -83.3333 16.6667 8.255 -80 16.6667 6.9091 -76.6667 16.6667 5.6075 -73.3333 16.6667 4.4365 -70 16.6667 3.4704 -66.6667 16.6667 2.7644 -63.3333 16.6667 2.3498 -60 16.6667 2.2332 -56.6667 16.6667 2.3989 -53.3333 16.6667 2.8138 -50 16.6667 3.4347 -46.6667 16.6667 4.2168 -43.3333 16.6667 5.1209 -40 16.6667 6.1195 -36.6667 16.6667 7.2006 -33.3333 16.6667 8.3679 -30 16.6667 9.638 -26.6667 16.6667 11.0349 -23.3333 16.6667 12.5829 -20 16.6667 14.2987 -16.6667 16.6667 16.184 -13.3333 16.6667 18.2202 -10 16.6667 20.3662 -6.6667 16.6667 22.5589 -3.3333 16.6667 24.7178 0 16.6667 26.7524 3.3333 16.6667 28.5711 6.6667 16.6667 30.0919 10 16.6667 31.2512 13.3333 16.6667 32.0117 16.6667 16.6667 32.3667 20 16.6667 32.3408 23.3333 16.6667 31.9871 26.6667 16.6667 31.3802 30 16.6667 30.6073 33.3333 16.6667 29.7581 36.6667 16.6667 28.9136 40 16.6667 28.1375 43.3333 16.6667 27.4702 46.6667 16.6667 26.9254 50 16.6667 26.4912 53.3333 16.6667 26.1341 56.6667 16.6667 25.8052 60 16.6667 25.4492 63.3333 16.6667 25.0133 66.6667 16.6667 24.457 70 16.6667 23.7583 73.3333 16.6667 22.9178 76.6667 16.6667 21.9586 80 16.6667 20.9226 83.3333 16.6667 19.8647 86.6667 16.6667 18.8448 90 16.6667 17.9186 93.3333 16.6667 17.13 96.6667 16.6667 16.5046 100 16.6667 16.0455 103.3333 16.6667 15.7334 106.6667 16.6667 15.5291 110 16.6667 15.3792 113.3333 16.6667 15.2244 116.6667 16.6667 15.0079 120 16.6667 14.6841 -120 20 11.7184 -116.6667 20 11.8536 -113.3333 20 12.0291 -110 20 12.1879 -106.6667 20 12.2649 -103.3333 20 12.1965 -100 20 11.9292 -96.6667 20 11.4284 -93.3333 20 10.6838 -90 20 9.7127 -86.6667 20 8.5587 -83.3333 20 7.2876 -80 20 5.9804 -76.6667 20 4.7244 -73.3333 20 3.6033 -70 20 2.688 -66.6667 20 2.0301 -63.3333 20 1.6572 -60 20 1.5721 -56.6667 20 1.7554 -53.3333 20 2.1711 -50 20 2.7742 -46.6667 20 3.5187 -43.3333 20 4.3663 -40 20 5.2922 -36.6667 20 6.2888 -33.3333 20 7.3664 -30 20 8.55 -26.6667 20 9.8733 -23.3333 20 11.3711 -20 20 13.0704 -16.6667 20 14.9824 -13.3333 20 17.0959 -10 20 19.3743 -6.6667 20 21.7558 -3.3333 20 24.1571 0 20 26.4811 3.3333 20 28.6261 6.6667 20 30.4971 10 20 32.0161 13.3333 20 33.1305 16.6667 20 33.8194 20 20 34.0947 23.3333 20 33.9999 26.6667 20 33.603 30 20 32.9887 33.3333 20 32.2465 36.6667 20 31.4608 40 20 30.7004 43.3333 20 30.0127 46.6667 20 29.4208 50 20 28.9223 53.3333 20 28.4903 56.6667 20 28.0805 60 20 27.6415 63.3333 20 27.1238 66.6667 20 26.4861 70 20 25.7042 73.3333 20 24.7775 76.6667 20 23.7281 80 20 22.5976 83.3333 20 21.44 86.6667 20 20.3148 90 20 19.2775 93.3333 20 18.3727 96.6667 20 17.6267 100 20 17.0443 103.3333 20 16.6078 106.6667 20 16.2802 110 20 16.0106 113.3333 20 15.7419 116.6667 20 15.4195 120 20 14.9996 -120 23.3333 10.9507 -116.6667 23.3333 11.0225 -113.3333 23.3333 11.1426 -110 23.3333 11.2556 -106.6667 23.3333 11.2978 -103.3333 23.3333 11.2069 -100 23.3333 10.9304 -96.6667 23.3333 10.434 -93.3333 23.3333 9.7078 -90 23.3333 8.7686 -86.6667 23.3333 7.6591 -83.3333 23.3333 6.4439 -80 23.3333 5.2022 -76.6667 23.3333 4.0188 -73.3333 23.3333 2.9746 -70 23.3333 2.1375 -66.6667 23.3333 1.5553 -63.3333 23.3333 1.2518 -60 23.3333 1.2257 -56.6667 23.3333 1.454 -53.3333 23.3333 1.8968 -50 23.3333 2.5058 -46.6667 23.3333 3.233 -43.3333 23.3333 4.0386 -40 23.3333 4.8982 -36.6667 23.3333 5.8064 -33.3333 23.3333 6.7775 -30 23.3333 7.8425 -26.6667 23.3333 9.0434 -23.3333 23.3333 10.4247 -20 23.3333 12.0245 -16.6667 23.3333 13.8653 -13.3333 23.3333 15.9472 -10 23.3333 18.2431 -6.6667 23.3333 20.6986 -3.3333 23.3333 23.2345 0 23.3333 25.7539 3.3333 23.3333 28.1515 6.6667 23.3333 30.3243 10 23.3333 32.1831 13.3333 23.3333 33.6613 16.6667 23.3333 34.7225 20 23.3333 35.3629 23.3333 23.3333 35.6111 26.6667 23.3333 35.5224 30 23.3333 35.1714 33.3333 23.3333 34.6406 36.6667 23.3333 34.0102 40 23.3333 33.3501 43.3333 23.3333 32.7205 46.6667 23.3333 32.1666 50 23.3333 31.691 53.3333 23.3333 31.2401 56.6667 23.3333 30.7469 60 23.3333 30.1807 63.3333 23.3333 29.5354 66.6667 23.3333 28.7895 70 23.3333 27.9084 73.3333 23.3333 26.8789 76.6667 23.3333 25.7208 80 23.3333 24.4766 83.3333 23.3333 23.2015 86.6667 23.3333 21.955 90 23.3333 20.7928 93.3333 23.3333 19.7598 96.6667 23.3333 18.8831 100 23.3333 18.1685 103.3333 23.3333 17.6001 106.6667 23.3333 17.1426 110 23.3333 16.7472 113.3333 23.3333 16.3588 116.6667 23.3333 15.9249 120 23.3333 15.4037 -120 26.6667 10.2002 -116.6667 26.6667 10.2217 -113.3333 26.6667 10.3 -110 26.6667 10.3812 -106.6667 26.6667 10.4032 -103.3333 26.6667 10.3044 -100 26.6667 10.0333 -96.6667 26.6667 9.556 -93.3333 26.6667 8.8624 -90 26.6667 7.9691 -86.6667 26.6667 6.9178 -83.3333 26.6667 5.7718 -80 26.6667 4.6086 -76.6667 26.6667 3.5109 -73.3333 26.6667 2.5568 -70 26.6667 1.8113 -66.6667 26.6667 1.3189 -63.3333 26.6667 1.0998 -60 26.6667 1.1492 -56.6667 26.6667 1.4399 -53.3333 26.6667 1.9285 -50 26.6667 2.5631 -46.6667 26.6667 3.2925 -43.3333 26.6667 4.0748 -40 26.6667 4.884 -36.6667 26.6667 5.7147 -33.3333 26.6667 6.5827 -30 26.6667 7.5227 -26.6667 26.6667 8.5819 -23.3333 26.6667 9.8127 -20 26.6667 11.2626 -16.6667 26.6667 12.9651 -13.3333 26.6667 14.9321 -10 26.6667 17.1488 -6.6667 26.6667 19.5718 -3.3333 26.6667 22.1315 0 26.6667 24.7376 3.3333 26.6667 27.2878 6.6667 26.6667 29.6781 10 26.6667 31.8138 13.3333 26.6667 33.619 16.6667 26.6667 35.0442 20 26.6667 36.0706 23.3333 26.6667 36.7099 26.6667 26.6667 37.0008 30 26.6667 37.0015 33.3333 26.6667 36.7797 36.6667 26.6667 36.4068 40 26.6667 35.9756 43.3333 26.6667 35.6275 46.6667 26.6667 35.4599 50 26.6667 35.36 53.3333 26.6667 35.085 56.6667 26.6667 34.4783 60 26.6667 33.5583 63.3333 26.6667 32.4952 66.6667 26.6667 31.4483 70 26.6667 30.3981 73.3333 26.6667 29.2451 76.6667 26.6667 27.9615 80 26.6667 26.5843 83.3333 26.6667 25.1721 86.6667 26.6667 23.7862 90 26.6667 22.4837 93.3333 26.6667 21.3098 96.6667 26.6667 20.2923 100 26.6667 19.438 103.3333 26.6667 18.732 106.6667 26.6667 18.1405 110 26.6667 17.6162 113.3333 26.6667 17.1056 116.6667 26.6667 16.558 120 26.6667 15.9329 -120 30 9.5655 -116.6667 30 9.5496 -113.3333 30 9.5982 -110 30 9.6586 -106.6667 30 9.67 -103.3333 30 9.5719 -100 30 9.3133 -96.6667 30 8.8611 -93.3333 30 8.2052 -90 30 7.3616 -86.6667 30 6.3717 -83.3333 30 5.2976 -80 30 4.2152 -76.6667 30 3.2051 -73.3333 30 2.3435 -70 30 1.6924 -66.6667 30 1.2937 -63.3333 30 1.1642 -60 30 1.2958 -56.6667 30 1.658 -53.3333 30 2.2036 -50 30 2.8775 -46.6667 30 3.6251 -43.3333 30 4.4018 -40 30 5.1792 -36.6667 30 5.9505 -33.3333 30 6.7314 -30 30 7.5576 -26.6667 30 8.4793 -23.3333 30 9.5535 -20 30 10.8346 -16.6667 30 12.365 -13.3333 30 14.1671 -10 30 16.2378 -6.6667 30 18.5463 -3.3333 30 21.035 0 30 23.6244 3.3333 30 26.2207 6.6667 30 28.7254 10 30 31.0452 13.3333 30 33.1013 16.6667 30 34.8368 20 30 36.2216 23.3333 30 37.2525 26.6667 30 37.9509 30 30 38.3554 33.3333 30 38.5156 36.6667 30 38.5216 40 30 38.6225 43.3333 30 39.1384 46.6667 30 39.8937 50 30 40.3068 53.3333 30 40.1723 56.6667 30 39.5699 60 30 38.405 63.3333 30 36.6549 66.6667 30 34.7934 70 30 33.2535 73.3333 30 31.8914 76.6667 30 30.4646 80 30 28.9386 83.3333 30 27.3704 86.6667 30 25.8266 90 30 24.3669 93.3333 30 23.0382 96.6667 30 21.8692 100 30 20.8674 103.3333 30 20.0189 106.6667 30 19.2907 110 30 18.6364 113.3333 30 18.0036 116.6667 30 17.3425 120 30 16.6137 -120 33.3333 9.1178 -116.6667 33.3333 9.0757 -113.3333 33.3333 9.1034 -110 33.3333 9.1498 -106.6667 33.3333 9.1552 -103.3333 33.3333 9.0604 -100 33.3333 8.8153 -96.6667 33.3333 8.3873 -93.3333 33.3333 7.7668 -90 33.3333 6.9697 -86.6667 33.3333 6.037 -83.3333 33.3333 5.0299 -80 33.3333 4.023 -76.6667 33.3333 3.0956 -73.3333 33.3333 2.3214 -70 33.3333 1.7606 -66.6667 33.3333 1.4521 -63.3333 33.3333 1.4102 -60 33.3333 1.6238 -56.6667 33.3333 2.0592 -53.3333 33.3333 2.6663 -50 33.3333 3.3867 -46.6667 33.3333 4.163 -43.3333 33.3333 4.9476 -40 33.3333 5.7099 -36.6667 33.3333 6.441 -33.3333 33.3333 7.1552 -30 33.3333 7.8878 -26.6667 33.3333 8.6899 -23.3333 33.3333 9.621 -20 33.3333 10.7392 -16.6667 33.3333 12.093 -13.3333 33.3333 13.7126 -10 33.3333 15.6046 -6.6667 33.3333 17.7491 -3.3333 33.3333 20.1006 0 33.3333 22.5921 3.3333 33.3333 25.1412 6.6667 33.3333 27.6593 10 33.3333 30.0601 13.3333 33.3333 32.2684 16.6667 33.3333 34.2269 20 33.3333 35.9 23.3333 33.3333 37.2751 26.6667 33.3333 38.3591 30 33.3333 39.1717 33.3333 33.3333 39.7583 36.6667 33.3333 40.3434 40 33.3333 41.4918 43.3333 33.3333 43.1359 46.6667 33.3333 43.9252 50 33.3333 43.4546 53.3333 33.3333 42.7738 56.6667 33.3333 42.5962 60 33.3333 42.5642 63.3333 33.3333 41.5314 66.6667 33.3333 39.1341 70 33.3333 36.6621 73.3333 33.3333 34.8385 76.6667 33.3333 33.2259 80 33.3333 31.5421 83.3333 33.3333 29.8049 86.6667 33.3333 28.0873 90 33.3333 26.4544 93.3333 33.3333 24.9565 96.6667 33.3333 23.6243 100 33.3333 22.4665 103.3333 33.3333 21.47 106.6667 33.3333 20.6025 110 33.3333 19.8179 113.3333 33.3333 19.0642 116.6667 33.3333 18.2918 120 33.3333 17.4614 -120 36.6667 8.8949 -116.6667 36.6667 8.8345 -113.3333 36.6667 8.8469 -110 36.6667 8.8824 -106.6667 36.6667 8.8827 -103.3333 36.6667 8.7899 -100 36.6667 8.5551 -96.6667 36.6667 8.1466 -93.3333 36.6667 7.5553 -90 36.6667 6.7975 -86.6667 36.6667 5.9138 -83.3333 36.6667 4.965 -80 36.6667 4.0246 -76.6667 36.6667 3.1706 -73.3333 36.6667 2.4749 -70 36.6667 1.9957 -66.6667 36.6667 1.7696 -63.3333 36.6667 1.8084 -60 36.6667 2.0984 -56.6667 36.6667 2.6032 -53.3333 36.6667 3.2702 -50 36.6667 4.0382 -46.6667 36.6667 4.8475 -43.3333 36.6667 5.6479 -40 36.6667 6.4066 -36.6667 36.6667 7.1128 -33.3333 36.6667 7.7792 -30 36.6667 8.4401 -26.6667 36.6667 9.1463 -23.3333 36.6667 9.9577 -20 36.6667 10.9344 -16.6667 36.6667 12.1278 -13.3333 36.6667 13.5731 -10 36.6667 15.2835 -6.6667 36.6667 17.2475 -3.3333 36.6667 19.4295 0 36.6667 21.7735 3.3333 36.6667 24.2091 6.6667 36.6667 26.659 10 36.6667 29.0474 13.3333 36.6667 31.3076 16.6667 36.6667 33.3874 20 36.6667 35.2527 23.3333 36.6667 36.8876 26.6667 36.6667 38.2904 30 36.6667 39.4685 33.3333 36.6667 40.5057 36.6667 36.6667 41.9081 40 36.6667 44.2497 43.3333 36.6667 45.8656 46.6667 36.6667 44.9037 50 36.6667 43.0063 53.3333 36.6667 42.0022 56.6667 36.6667 42.2489 60 36.6667 43.5977 63.3333 36.6667 44.8391 66.6667 36.6667 43.6958 70 36.6667 40.635 73.3333 36.6667 38.0921 76.6667 36.6667 36.2139 80 36.6667 34.372 83.3333 36.6667 32.4645 86.6667 36.6667 30.5653 90 36.6667 28.7484 93.3333 36.6667 27.0694 96.6667 36.6667 25.5628 100 36.6667 24.2401 103.3333 36.6667 23.0893 106.6667 36.6667 22.0789 110 36.6667 21.163 113.3333 36.6667 20.2893 116.6667 36.6667 19.408 120 36.6667 18.4792 -120 40 8.8998 -116.6667 40 8.8266 -113.3333 40 8.8268 -110 40 8.8525 -106.6667 40 8.8469 -103.3333 40 8.7535 -100 40 8.5248 -96.6667 40 8.1301 -93.3333 40 7.5611 -90 40 6.8346 -86.6667 40 5.9911 -83.3333 40 5.0909 -80 40 4.207 -76.6667 40 3.4157 -73.3333 40 2.7878 -70 40 2.3794 -66.6667 40 2.225 -63.3333 40 2.3344 -60 40 2.6915 -56.6667 40 3.2576 -53.3333 40 3.9779 -50 40 4.7892 -46.6667 40 5.6296 -43.3333 40 6.4473 -40 40 7.2076 -36.6667 40 7.8985 -33.3333 40 8.5311 -30 40 9.1388 -26.6667 40 9.7716 -23.3333 40 10.4891 -20 40 11.3517 -16.6667 40 12.4122 -13.3333 40 13.7079 -10 40 15.2557 -6.6667 40 17.0493 -3.3333 40 19.06 0 40 21.2399 3.3333 40 23.5283 6.6667 40 25.8587 10 40 28.1662 13.3333 40 30.3944 16.6667 40 32.5001 20 40 34.4558 23.3333 40 36.2484 26.6667 40 37.8743 30 40 39.3392 33.3333 40 40.8081 36.6667 40 43.0645 40 40 46.0653 43.3333 40 46.5435 46.6667 40 44.1763 50 40 42.3051 53.3333 40 41.774 56.6667 40 42.22 60 40 43.7821 63.3333 40 46.4012 66.6667 40 47.3557 70 40 44.6905 73.3333 40 41.531 76.6667 40 39.3513 80 40 37.3679 83.3333 40 35.3068 86.6667 40 33.2337 90 40 31.233 93.3333 40 29.3686 96.6667 40 27.6811 100 40 26.1862 103.3333 40 24.8748 106.6667 40 23.717 110 40 22.6673 113.3333 40 21.6734 116.6667 40 20.6844 120 40 19.6594 -120 43.3333 9.106 -116.6667 43.3333 9.0239 -113.3333 43.3333 9.0145 -110 43.3333 9.0315 -106.6667 43.3333 9.0197 -103.3333 43.3333 8.9242 -100 43.3333 8.6988 -96.6667 43.3333 8.314 -93.3333 43.3333 7.7623 -90 43.3333 7.0608 -86.6667 43.3333 6.2502 -83.3333 43.3333 5.3904 -80 43.3333 4.5536 -76.6667 43.3333 3.815 -73.3333 43.3333 3.2439 -70 43.3333 2.8947 -66.6667 43.3333 2.8001 -63.3333 43.3333 2.9679 -60 43.3333 3.3799 -56.6667 43.3333 3.9958 -53.3333 43.3333 4.7589 -50 43.3333 5.6044 -46.6667 43.3333 6.469 -43.3333 43.3333 7.2996 -40 43.3333 8.0608 -36.6667 43.3333 8.7393 -33.3333 43.3333 9.3458 -30 43.3333 9.9129 -26.6667 43.3333 10.4899 -23.3333 43.3333 11.1361 -20 43.3333 11.9116 -16.6667 43.3333 12.8693 -13.3333 43.3333 14.0471 -10 43.3333 15.4633 -6.6667 43.3333 17.1139 -3.3333 43.3333 18.9737 0 43.3333 20.9999 3.3333 43.3333 23.1383 6.6667 43.3333 25.3303 10 43.3333 27.5199 13.3333 43.3333 29.6606 16.6667 43.3333 31.719 20 43.3333 33.6767 23.3333 43.3333 35.5278 26.6667 43.3333 37.2729 30 43.3333 38.9235 33.3333 43.3333 40.7159 36.6667 43.3333 43.566 40 43.3333 46.7758 43.3333 43.3333 46.4788 46.6667 43.3333 43.9407 50 43.3333 42.7042 53.3333 43.3333 42.696 56.6667 43.3333 43.4162 60 43.3333 44.9989 63.3333 43.3333 47.9666 66.6667 43.3333 50.2145 70 43.3333 48.2574 73.3333 43.3333 44.8621 76.6667 43.3333 42.4961 80 43.3333 40.4234 83.3333 43.3333 38.2488 86.6667 43.3333 36.0308 90 43.3333 33.8648 93.3333 43.3333 31.8248 96.6667 43.3333 29.9596 100 43.3333 28.2916 103.3333 43.3333 26.8166 106.6667 43.3333 25.5076 110 43.3333 24.321 113.3333 43.3333 23.2046 116.6667 43.3333 22.1072 120 43.3333 20.9865 -120 46.6667 9.4654 -116.6667 46.6667 9.3781 -113.3333 46.6667 9.3624 -110 46.6667 9.3734 -106.6667 46.6667 9.3575 -103.3333 46.6667 9.2612 -100 46.6667 9.0396 -96.6667 46.6667 8.6641 -93.3333 46.6667 8.128 -90 46.6667 7.4487 -86.6667 46.6667 6.6668 -83.3333 46.6667 5.8417 -80 46.6667 5.0448 -76.6667 46.6667 4.3502 -73.3333 46.6667 3.8258 -70 46.6667 3.5245 -66.6667 46.6667 3.4773 -63.3333 46.6667 3.6901 -60 46.6667 4.1434 -56.6667 46.6667 4.7952 -53.3333 46.6667 5.5874 -50 46.6667 6.4545 -46.6667 46.6667 7.3321 -43.3333 46.6667 8.1667 -40 46.6667 8.9225 -36.6667 46.6667 9.5859 -33.3333 46.6667 10.1677 -30 46.6667 10.7001 -26.6667 46.6667 11.2327 -23.3333 46.6667 11.8244 -20 46.6667 12.535 -16.6667 46.6667 13.4172 -13.3333 46.6667 14.5085 -10 46.6667 15.8273 -6.6667 46.6667 17.3697 -3.3333 46.6667 19.1116 0 46.6667 21.0122 3.3333 46.6667 23.0204 6.6667 46.6667 25.0819 10 46.6667 27.1469 13.3333 46.6667 29.1759 16.6667 46.6667 31.144 20 46.6667 33.0417 23.3333 46.6667 34.8721 26.6667 46.6667 36.6435 30 46.6667 38.3741 33.3333 46.6667 40.3035 36.6667 46.6667 43.3482 40 46.6667 46.807 43.3333 46.6667 46.8063 46.6667 46.6667 44.6011 50 46.6667 43.7205 53.3333 46.6667 44.0757 56.6667 46.6667 45.1505 60 46.6667 47.063 63.3333 46.6667 50.3218 66.6667 46.6667 52.8106 70 46.6667 51.0366 73.3333 46.6667 47.7628 76.6667 46.6667 45.4567 80 46.6667 43.386 83.3333 46.6667 41.1626 86.6667 46.6667 38.8534 90 46.6667 36.5638 93.3333 46.6667 34.3782 96.6667 46.6667 32.3551 100 46.6667 30.5252 103.3333 46.6667 28.8916 106.6667 46.6667 27.4323 110 46.6667 26.1072 113.3333 46.6667 24.866 116.6667 46.6667 23.6577 120 46.6667 22.4392 -120 50 9.9179 -116.6667 50 9.83 -113.3333 50 9.8129 -110 50 9.823 -106.6667 50 9.8082 -103.3333 50 9.716 -100 50 9.5026 -96.6667 50 9.14 -93.3333 50 8.6218 -90 50 7.9656 -86.6667 50 7.2116 -83.3333 50 6.4187 -80 50 5.6572 -76.6667 50 5.0001 -73.3333 50 4.5139 -70 50 4.2499 -66.6667 50 4.2379 -63.3333 50 4.4823 -60 50 4.9622 -56.6667 50 5.6345 -53.3333 50 6.4406 -50 50 7.3141 -46.6667 50 8.1907 -43.3333 50 9.0168 -40 50 9.7569 -36.6667 50 10.3979 -33.3333 50 10.9511 -30 50 11.4494 -26.6667 50 11.9427 -23.3333 50 12.4901 -20 50 13.1516 -16.6667 50 13.9795 -13.3333 50 15.0109 -10 50 16.2633 -6.6667 50 17.732 -3.3333 50 19.3923 0 50 21.203 3.3333 50 23.1133 6.6667 50 25.0702 10 50 27.0266 13.3333 50 28.9468 16.6667 50 30.8113 20 50 32.6175 23.3333 50 34.3765 26.6667 50 36.1059 30 50 37.8278 33.3333 50 39.716 36.6667 50 42.5536 40 50 46.2871 43.3333 50 47.6287 46.6667 50 46.225 50 50 45.3794 53.3333 50 45.8924 56.6667 50 47.3556 60 50 49.8639 63.3333 50 53.3195 66.6667 50 54.9689 70 50 52.8354 73.3333 50 50.0331 76.6667 50 48.0363 80 50 46.071 83.3333 50 43.8812 86.6667 50 41.5568 90 50 39.2095 93.3333 50 36.9319 96.6667 50 34.792 100 50 32.8298 103.3333 50 31.0567 106.6667 50 29.4581 110 50 27.9993 113.3333 50 26.6337 116.6667 50 25.3123 120 50 23.9927 -120 53.3333 10.4 -116.6667 53.3333 10.3172 -113.3333 53.3333 10.3056 -110 53.3333 10.3226 -106.6667 53.3333 10.3171 -103.3333 53.3333 10.2373 -100 53.3333 10.0401 -96.6667 53.3333 9.6976 -93.3333 53.3333 9.2035 -90 53.3333 8.575 -86.6667 53.3333 7.8516 -83.3333 53.3333 7.0913 -80 53.3333 6.3634 -76.6667 53.3333 5.7395 -73.3333 53.3333 5.2848 -70 53.3333 5.0492 -66.6667 53.3333 5.0612 -63.3333 53.3333 5.324 -60 53.3333 5.816 -56.6667 53.3333 6.4933 -53.3333 53.3333 7.2971 -50 53.3333 8.1609 -46.6667 53.3333 9.0209 -43.3333 53.3333 9.824 -40 53.3333 10.5357 -36.6667 53.3333 11.144 -33.3333 53.3333 11.6611 -30 53.3333 12.1212 -26.6667 53.3333 12.5751 -23.3333 53.3333 13.0827 -20 53.3333 13.7044 -16.6667 53.3333 14.4924 -13.3333 53.3333 15.4834 -10 53.3333 16.6938 -6.6667 53.3333 18.118 -3.3333 53.3333 19.7294 0 53.3333 21.4852 3.3333 53.3333 23.3331 6.6667 53.3333 25.2191 10 53.3333 27.0956 13.3333 53.3333 28.9278 16.6667 53.3333 30.6983 20 53.3333 32.4083 23.3333 53.3333 34.0746 26.6667 53.3333 35.7229 30 53.3333 37.38 33.3333 53.3333 39.1374 36.6667 53.3333 41.4967 40 53.3333 45.0124 43.3333 53.3333 47.9864 46.6667 53.3333 48.5207 50 53.3333 48.2012 53.3333 53.3333 48.7943 56.6667 53.3333 50.5924 60 53.3333 53.3846 63.3333 53.3333 55.9055 66.6667 53.3333 55.8327 70 53.3333 53.6015 73.3333 53.3333 51.6303 76.6667 53.3333 50.0639 80 53.3333 48.2858 83.3333 53.3333 46.218 86.6667 53.3333 43.9675 90 53.3333 41.6467 93.3333 53.3333 39.3524 96.6667 53.3333 37.1594 100 53.3333 35.1159 103.3333 53.3333 33.2418 106.6667 53.3333 31.5306 110 53.3333 29.9546 113.3333 53.3333 28.473 116.6667 53.3333 27.0408 120 53.3333 25.6183 -120 56.6667 10.8527 -116.6667 56.6667 10.7815 -113.3333 56.6667 10.7836 -110 56.6667 10.8171 -106.6667 56.6667 10.8314 -103.3333 56.6667 10.775 -100 56.6667 10.6046 -96.6667 56.6667 10.2924 -93.3333 56.6667 9.8314 -90 56.6667 9.2379 -86.6667 56.6667 8.5505 -83.3333 56.6667 7.826 -80 56.6667 7.1322 -76.6667 56.6667 6.5394 -73.3333 56.6667 6.1115 -70 56.6667 5.897 -66.6667 56.6667 5.9233 -63.3333 56.6667 6.1929 -60 56.6667 6.6834 -56.6667 56.6667 7.351 -53.3333 56.6667 8.1368 -50 56.6667 8.975 -46.6667 56.6667 9.8026 -43.3333 56.6667 10.5678 -40 56.6667 11.2374 -36.6667 56.6667 11.801 -33.3333 56.6667 12.2725 -30 56.6667 12.6876 -26.6667 56.6667 13.0984 -23.3333 56.6667 13.566 -20 56.6667 14.1515 -16.6667 56.6667 14.9075 -13.3333 56.6667 15.8704 -10 56.6667 17.0559 -6.6667 56.6667 18.4567 -3.3333 56.6667 20.0447 0 56.6667 21.7746 3.3333 56.6667 23.5916 6.6667 56.6667 25.4393 10 56.6667 27.2677 13.3333 56.6667 29.0406 16.6667 56.6667 30.74 20 56.6667 32.3677 23.3333 56.6667 33.9432 26.6667 56.6667 35.4975 30 56.6667 37.064 33.3333 56.6667 38.6881 36.6667 56.6667 40.5802 40 56.6667 43.2761 43.3333 56.6667 46.6651 46.6667 56.6667 49.3411 50 56.6667 50.8341 53.3333 56.6667 52.1237 56.6667 56.6667 53.8514 60 56.6667 55.5911 63.3333 56.6667 56.1353 66.6667 56.6667 55.0702 70 56.6667 53.6491 73.3333 56.6667 52.5742 76.6667 56.6667 51.403 80 56.6667 49.8629 83.3333 56.6667 47.9949 86.6667 56.6667 45.9058 90 56.6667 43.7023 93.3333 56.6667 41.4797 96.6667 56.6667 39.3153 100 56.6667 37.2619 103.3333 56.6667 35.3459 106.6667 56.6667 33.5681 110 56.6667 31.9082 113.3333 56.6667 30.3324 116.6667 56.6667 28.8015 120 56.6667 27.2803 -120 60 11.2267 -116.6667 60 11.1739 -113.3333 60 11.1985 -110 60 11.2589 -106.6667 60 11.3044 -103.3333 60 11.2835 -100 60 11.1521 -96.6667 60 10.8817 -93.3333 60 10.4642 -90 60 9.9147 -86.6667 60 9.2705 -83.3333 60 8.5866 -80 60 7.9294 -76.6667 60 7.3677 -73.3333 60 6.9637 -70 60 6.765 -66.6667 60 6.798 -63.3333 60 7.0645 -60 60 7.542 -56.6667 60 8.1869 -53.3333 60 8.9407 -50 60 9.739 -46.6667 60 10.5198 -43.3333 60 11.233 -40 60 11.8473 -36.6667 60 12.3544 -33.3333 60 12.77 -30 60 13.1317 -26.6667 60 13.4935 -23.3333 60 13.9179 -20 60 14.4668 -16.6667 60 15.1935 -13.3333 60 16.1342 -10 60 17.3041 -6.6667 60 18.6948 -3.3333 60 20.276 0 60 22.0002 3.3333 60 23.8099 6.6667 60 25.6453 10 60 27.4534 13.3333 60 29.195 16.6667 60 30.8496 20 60 32.4174 23.3333 60 33.9178 26.6667 60 35.3842 30 60 36.8552 33.3333 60 38.3674 36.6667 60 39.9849 40 60 41.9184 43.3333 60 44.4385 46.6667 60 47.3114 50 60 49.8914 53.3333 60 51.9061 56.6667 60 53.3685 60 60 54.1214 63.3333 60 54.0859 66.6667 60 53.6894 70 60 53.3297 73.3333 60 52.8407 76.6667 60 51.9713 80 60 50.6914 83.3333 60 49.0752 86.6667 60 47.2166 90 60 45.2116 93.3333 60 43.1487 96.6667 60 41.1015 100 60 39.1227 103.3333 60 37.2409 106.6667 60 35.4614 110 60 33.7698 113.3333 60 32.1387 116.6667 60 30.5358 120 60 28.9317 -120 63.3333 11.4868 -116.6667 63.3333 11.4585 -113.3333 63.3333 11.5138 -110 63.3333 11.6109 -106.6667 63.3333 11.6987 -103.3333 63.3333 11.7249 -100 63.3333 11.6443 -96.6667 63.3333 11.4272 -93.3333 63.3333 11.064 -90 63.3333 10.5679 -86.6667 63.3333 9.9745 -83.3333 63.3333 9.3369 -80 63.3333 8.7199 -76.6667 63.3333 8.1904 -73.3333 63.3333 7.8094 -70 63.3333 7.6232 -66.6667 63.3333 7.6574 -63.3333 63.3333 7.9135 -60 63.3333 8.369 -56.6667 63.3333 8.9808 -53.3333 63.3333 9.6916 -50 63.3333 10.438 -46.6667 63.3333 11.16 -43.3333 63.3333 11.8095 -40 63.3333 12.3572 -36.6667 63.3333 12.7972 -33.3333 63.3333 13.1475 -30 63.3333 13.4478 -26.6667 63.3333 13.754 -23.3333 63.3333 14.1301 -20 63.3333 14.6393 -16.6667 63.3333 15.3354 -13.3333 63.3333 16.2549 -10 63.3333 17.4124 -6.6667 63.3333 18.7984 -3.3333 63.3333 20.3811 0 63.3333 22.1107 3.3333 63.3333 23.9268 6.6667 63.3333 25.7666 10 63.3333 27.5737 13.3333 63.3333 29.3053 16.6667 63.3333 30.9376 20 63.3333 32.4679 23.3333 63.3333 33.9138 26.6667 63.3333 35.3081 30 63.3333 36.6917 33.3333 63.3333 38.1046 36.6667 63.3333 39.5804 40 63.3333 41.1663 43.3333 63.3333 42.9529 46.6667 63.3333 44.9827 50 63.3333 47.0868 53.3333 63.3333 48.9666 56.6667 63.3333 50.4127 60 63.3333 51.3941 63.3333 63.3333 52.0378 66.6667 63.3333 52.466 70 63.3333 52.6303 73.3333 63.3333 52.4109 76.6667 63.3333 51.7688 80 63.3333 50.7398 83.3333 63.3333 49.3904 86.6667 63.3333 47.7994 90 63.3333 46.0491 93.3333 63.3333 44.217 96.6667 63.3333 42.3679 100 63.3333 40.5485 103.3333 63.3333 38.7844 106.6667 63.3333 37.0807 110 63.3333 35.4255 113.3333 63.3333 33.7958 116.6667 63.3333 32.1646 120 63.3333 30.5089 -120 66.6667 11.6133 -116.6667 66.6667 11.6142 -113.3333 66.6667 11.7068 -110 66.6667 11.8488 -106.6667 66.6667 11.9882 -103.3333 66.6667 12.0714 -100 66.6667 12.0519 -96.6667 66.6667 11.8981 -93.3333 66.6667 11.5984 -90 66.6667 11.1641 -86.6667 66.6667 10.6286 -83.3333 66.6667 10.043 -80 66.6667 9.4699 -76.6667 66.6667 8.9747 -73.3333 66.6667 8.6168 -70 66.6667 8.4415 -66.6667 66.6667 8.4737 -63.3333 66.6667 8.7147 -60 66.6667 9.1423 -56.6667 66.6667 9.7141 -53.3333 66.6667 10.3741 -50 66.6667 11.0604 -46.6667 66.6667 11.7151 -43.3333 66.6667 12.2923 -40 66.6667 12.7651 -36.6667 66.6667 13.1301 -33.3333 66.6667 13.4076 -30 66.6667 13.6398 -26.6667 66.6667 13.8842 -23.3333 66.6667 14.2067 -20 66.6667 14.6717 -16.6667 66.6667 15.3336 -13.3333 66.6667 16.2291 -10 66.6667 17.3725 -6.6667 66.6667 18.7534 -3.3333 66.6667 20.3385 0 66.6667 22.076 3.3333 66.6667 23.9031 6.6667 66.6667 25.7542 10 66.6667 27.5695 13.3333 66.6667 29.303 16.6667 66.6667 30.9273 20 66.6667 32.4367 23.3333 66.6667 33.8456 26.6667 66.6667 35.1851 30 66.6667 36.4959 33.3333 66.6667 37.8197 36.6667 66.6667 39.1909 40 66.6667 40.6315 43.3333 66.6667 42.153 46.6667 66.6667 43.7538 50 66.6667 45.3923 53.3333 66.6667 46.9744 56.6667 66.6667 48.3968 60 66.6667 49.5965 63.3333 66.6667 50.5393 66.6667 66.6667 51.1797 70 66.6667 51.4629 73.3333 66.6667 51.36 76.6667 66.6667 50.8799 80 66.6667 50.0592 83.3333 66.6667 48.9535 86.6667 66.6667 47.6287 90 66.6667 46.154 93.3333 66.6667 44.5937 96.6667 66.6667 43.0005 100 66.6667 41.4105 103.3333 66.6667 39.8412 106.6667 66.6667 38.2923 110 66.6667 36.7495 113.3333 66.6667 35.19 116.6667 66.6667 33.5896 120 66.6667 31.9298 -120 70 11.6033 -116.6667 70 11.6361 -113.3333 70 11.7702 -110 70 11.9626 -106.6667 70 12.1601 -103.3333 70 12.3074 -100 70 12.3562 -96.6667 70 12.2729 -93.3333 70 12.0436 -90 70 11.6773 -86.6667 70 11.205 -83.3333 70 10.6756 -80 70 10.1497 -76.6667 70 9.6909 -73.3333 70 9.3571 -70 70 9.1925 -66.6667 70 9.2215 -63.3333 70 9.4453 -60 70 9.8421 -56.6667 70 10.3705 -53.3333 70 10.9757 -50 70 11.5978 -46.6667 70 12.1808 -43.3333 70 12.6812 -40 70 13.0748 -36.6667 70 13.3603 -33.3333 70 13.5607 -30 70 13.7202 -26.6667 70 13.8985 -23.3333 70 14.1629 -20 70 14.579 -16.6667 70 15.2018 -13.3333 70 16.0684 -10 70 17.1927 -6.6667 70 18.5634 -3.3333 70 20.146 0 70 21.8871 3.3333 70 23.7218 6.6667 70 25.5819 10 70 27.4052 13.3333 70 29.1425 16.6667 70 30.7635 20 70 32.2595 23.3333 70 33.6421 26.6667 70 34.9398 30 70 36.1917 33.3333 70 37.4393 36.6667 70 38.7181 40 70 40.0509 43.3333 70 41.4426 46.6667 70 42.8791 50 70 44.3268 53.3333 70 45.7329 56.6667 70 47.032 60 70 48.1563 63.3333 70 49.0421 66.6667 70 49.6365 70 70 49.905 73.3333 70 49.8372 76.6667 70 49.4473 80 70 48.7697 83.3333 70 47.8544 86.6667 70 46.7593 90 70 45.5435 93.3333 70 44.2592 96.6667 70 42.9461 100 70 41.6276 103.3333 70 40.3094 106.6667 70 38.9815 110 70 37.6221 113.3333 70 36.2041 116.6667 70 34.7019 120 70 33.0982 -120 73.3333 11.4692 -116.6667 73.3333 11.5344 -113.3333 73.3333 11.7116 -110 73.3333 11.9568 -106.6667 73.3333 12.2153 -103.3333 73.3333 12.43 -100 73.3333 12.5508 -96.6667 73.3333 12.5415 -93.3333 73.3333 12.386 -90 73.3333 12.0907 -86.6667 73.3333 11.6843 -83.3333 73.3333 11.2134 -80 73.3333 10.7364 -76.6667 73.3333 10.3153 -73.3333 73.3333 10.0064 -70 73.3333 9.8531 -66.6667 73.3333 9.8793 -63.3333 73.3333 10.086 -60 73.3333 10.4521 -56.6667 73.3333 10.9371 -53.3333 73.3333 11.4876 -50 73.3333 12.0455 -46.6667 73.3333 12.5569 -43.3333 73.3333 12.9807 -40 73.3333 13.2948 -36.6667 73.3333 13.5005 -33.3333 73.3333 13.623 -30 73.3333 13.7087 -26.6667 73.3333 13.8189 -23.3333 73.3333 14.0224 -20 73.3333 14.3858 -16.6667 73.3333 14.9648 -13.3333 73.3333 15.7965 -10 73.3333 16.8945 -6.6667 73.3333 18.2469 -3.3333 73.3333 19.8182 0 73.3333 21.5534 3.3333 73.3333 23.3859 6.6667 73.3333 25.2458 10 73.3333 27.0686 13.3333 73.3333 28.8029 16.6667 73.3333 30.4161 20 73.3333 31.897 23.3333 73.3333 33.2549 26.6667 73.3333 34.5163 30 73.3333 35.7183 33.3333 73.3333 36.9011 36.6667 73.3333 38.0999 40 73.3333 39.3377 43.3333 73.3333 40.6202 46.6667 73.3333 41.9338 50 73.3333 43.2458 53.3333 73.3333 44.5081 56.6667 73.3333 45.6623 60 73.3333 46.6475 63.3333 73.3333 47.4076 66.6667 73.3333 47.8999 70 73.3333 48.1003 73.3333 73.3333 48.0066 76.6667 73.3333 47.6381 80 73.3333 47.0322 83.3333 73.3333 46.2389 86.6667 73.3333 45.3137 90 73.3333 44.3096 93.3333 73.3333 43.2705 96.6667 73.3333 42.2253 100 73.3333 41.1851 103.3333 73.3333 40.143 106.6667 73.3333 39.0767 110 73.3333 37.9537 113.3333 73.3333 36.7382 116.6667 73.3333 35.3986 120 73.3333 33.9147 -120 76.6667 11.2373 -116.6667 76.6667 11.3333 -113.3333 76.6667 11.5525 -110 76.6667 11.8496 -106.6667 76.6667 12.1682 -103.3333 76.6667 12.4498 -100 76.6667 12.6417 -96.6667 76.6667 12.7058 -93.3333 76.6667 12.6233 -90 76.6667 12.3984 -86.6667 76.6667 12.0571 -83.3333 76.6667 11.6441 -80 76.6667 11.2156 -76.6667 76.6667 10.8319 -73.3333 76.6667 10.5482 -70 76.6667 10.4069 -66.6667 76.6667 10.4314 -63.3333 76.6667 10.623 -60 76.6667 10.9609 -56.6667 76.6667 11.4055 -53.3333 76.6667 11.905 -50 76.6667 12.4028 -46.6667 76.6667 12.8471 -43.3333 76.6667 13.1986 -40 76.6667 13.4376 -36.6667 76.6667 13.5675 -33.3333 76.6667 13.6155 -30 76.6667 13.6297 -26.6667 76.6667 13.6729 -23.3333 76.6667 13.8152 -20 76.6667 14.1239 -16.6667 76.6667 14.6552 -13.3333 76.6667 15.4461 -10 76.6667 16.5101 -6.6667 76.6667 17.8346 -3.3333 76.6667 19.383 0 76.6667 21.0994 3.3333 76.6667 22.9158 6.6667 76.6667 24.7609 10 76.6667 26.5687 13.3333 76.6667 28.2863 16.6667 76.6667 29.8795 20 76.6667 31.3356 23.3333 76.6667 32.6623 26.6667 76.6667 33.8847 30 76.6667 35.0385 33.3333 76.6667 36.1627 36.6667 76.6667 37.2917 40 76.6667 38.4478 43.3333 76.6667 39.6367 46.6667 76.6667 40.845 50 76.6667 42.0408 53.3333 76.6667 43.1777 56.6667 76.6667 44.2006 60 76.6667 45.0532 63.3333 76.6667 45.686 66.6667 76.6667 46.0639 70 76.6667 46.1704 73.3333 76.6667 46.0111 76.6667 76.6667 45.6121 80 76.6667 45.0167 83.3333 76.6667 44.2788 86.6667 76.6667 43.4557 90 76.6667 42.5996 93.3333 76.6667 41.7502 96.6667 76.6667 40.93 100 76.6667 40.1408 103.3333 76.6667 39.3648 106.6667 76.6667 38.5678 110 76.6667 37.7054 113.3333 76.6667 36.7307 116.6667 76.6667 35.603 120 76.6667 34.2948 -120 80 10.9445 -116.6667 80 11.0681 -113.3333 80 11.3256 -110 80 11.6706 -106.6667 80 12.0452 -103.3333 80 12.3889 -100 80 12.6472 -96.6667 80 12.7795 -93.3333 80 12.7651 -90 80 12.6056 -86.6667 80 12.3251 -83.3333 80 11.9659 -80 80 11.5828 -76.6667 80 11.2344 -73.3333 80 10.9747 -70 80 10.8455 -66.6667 80 10.8699 -63.3333 80 11.0491 -60 80 11.3629 -56.6667 80 11.7728 -53.3333 80 12.2278 -50 80 12.6731 -46.6667 80 13.0584 -43.3333 80 13.3463 -40 80 13.5187 -36.6667 80 13.5809 -33.3333 80 13.5617 -30 80 13.5104 -26.6667 80 13.4911 -23.3333 80 13.5747 -20 80 13.829 -16.6667 80 14.3103 -13.3333 80 15.0558 -10 80 16.0783 -6.6667 80 17.3647 -3.3333 80 18.8778 0 80 20.5607 3.3333 80 22.3447 6.6667 80 24.1572 10 80 25.9316 13.3333 80 27.6141 16.6667 80 29.1698 20 80 30.5852 23.3333 80 31.8676 26.6667 80 33.0413 30 80 34.1415 33.3333 80 35.2066 36.6667 80 36.2705 40 80 37.3549 43.3333 80 38.4652 46.6667 80 39.5876 50 80 40.6902 53.3333 80 41.7271 56.6667 80 42.6443 60 80 43.3878 63.3333 80 43.9116 66.6667 80 44.1846 70 80 44.1959 73.3333 80 43.9568 76.6667 80 43.4999 80 80 42.8746 83.3333 80 42.1407 86.6667 80 41.3597 90 80 40.5867 93.3333 80 39.862 96.6667 80 39.2056 100 80 38.6149 103.3333 80 38.0649 106.6667 80 37.5121 110 80 36.9019 113.3333 80 36.1763 116.6667 80 35.2839 120 80 34.1882 -120 83.3333 10.6343 -116.6667 83.3333 10.7813 -113.3333 83.3333 11.0718 -110 83.3333 11.4582 -106.6667 83.3333 11.8814 -103.3333 83.3333 12.2791 -100 83.3333 12.5951 -96.6667 83.3333 12.7868 -93.3333 83.3333 12.8313 -90 83.3333 12.7285 -86.6667 83.3333 12.5004 -83.3333 83.3333 12.1877 -80 83.3333 11.8438 -76.6667 83.3333 11.5259 -73.3333 83.3333 11.2874 -70 83.3333 11.1693 -66.6667 83.3333 11.1945 -63.3333 83.3333 11.3645 -60 83.3333 11.6594 -56.6667 83.3333 12.0415 -53.3333 83.3333 12.4609 -50 83.3333 12.8638 -46.6667 83.3333 13.2013 -43.3333 83.3333 13.4373 -40 83.3333 13.5552 -36.6667 83.3333 13.5614 -33.3333 83.3333 13.4856 -30 83.3333 13.3784 -26.6667 83.3333 13.3043 -23.3333 83.3333 13.3346 -20 83.3333 13.5373 -16.6667 83.3333 13.9688 -13.3333 83.3333 14.6657 -10 83.3333 15.6405 -6.6667 83.3333 16.8797 -3.3333 83.3333 18.3452 0 83.3333 19.9798 3.3333 83.3333 21.7139 6.6667 83.3333 23.475 10 83.3333 25.1957 13.3333 83.3333 26.8223 16.6667 83.3333 28.32 20 83.3333 29.6752 23.3333 83.3333 30.8957 26.6667 83.3333 32.006 30 83.3333 33.0415 33.3333 83.3333 34.0411 36.6667 83.3333 35.0386 40 83.3333 36.0558 43.3333 83.3333 37.0977 46.6667 83.3333 38.1503 50 83.3333 39.1812 53.3333 83.3333 40.1441 56.6667 83.3333 40.9848 60 83.3333 41.6496 63.3333 83.3333 42.0933 66.6667 83.3333 42.2864 70 83.3333 42.2204 73.3333 83.3333 41.9101 76.6667 83.3333 41.3923 80 83.3333 40.7214 83.3333 83.3333 39.9623 86.6667 83.3333 39.1819 90 83.3333 38.4397 93.3333 83.3333 37.7793 96.6667 83.3333 37.2227 100 83.3333 36.7666 103.3333 83.3333 36.3835 106.6667 83.3333 36.0251 110 83.3333 35.6296 113.3333 83.3333 35.1307 116.6667 83.3333 34.4676 120 83.3333 33.5939 -120 86.6667 10.3526 -116.6667 86.6667 10.5183 -113.3333 86.6667 10.8355 -110 86.6667 11.2554 -106.6667 86.6667 11.7177 -103.3333 86.6667 12.1587 -100 86.6667 12.5206 -96.6667 86.6667 12.7593 -93.3333 86.6667 12.8502 -90 86.6667 12.7917 -86.6667 86.6667 12.6044 -83.3333 86.6667 12.3278 -80 86.6667 12.014 -76.6667 86.6667 11.7195 -73.3333 86.6667 11.4972 -70 86.6667 11.3875 -66.6667 86.6667 11.4136 -63.3333 86.6667 11.5769 -60 86.6667 11.8581 -56.6667 86.6667 12.2201 -53.3333 86.6667 12.6136 -50 86.6667 12.9858 -46.6667 86.6667 13.2887 -43.3333 86.6667 13.4869 -40 86.6667 13.5648 -36.6667 86.6667 13.5292 -33.3333 86.6667 13.4106 -30 86.6667 13.2596 -26.6667 86.6667 13.1412 -23.3333 86.6667 13.1263 -20 86.6667 13.2829 -16.6667 86.6667 13.6667 -13.3333 86.6667 14.3142 -10 86.6667 15.2371 -6.6667 86.6667 16.4213 -3.3333 86.6667 17.8284 0 86.6667 19.4008 3.3333 86.6667 21.0688 6.6667 86.6667 22.7597 10 86.6667 24.4066 13.3333 86.6667 25.9562 16.6667 86.6667 27.3743 20 86.6667 28.6486 23.3333 86.6667 29.7875 26.6667 86.6667 30.8169 30 86.6667 31.7734 33.3333 86.6667 32.6968 36.6667 86.6667 33.6216 40 86.6667 34.5705 43.3333 86.6667 35.5487 46.6667 86.6667 36.5419 50 86.6667 37.5176 53.3333 86.6667 38.4284 56.6667 86.6667 39.2194 60 86.6667 39.8359 63.3333 86.6667 40.2316 66.6667 86.6667 40.3767 70 86.6667 40.2627 73.3333 86.6667 39.9051 76.6667 86.6667 39.3424 80 86.6667 38.6316 83.3333 86.6667 37.8412 86.6667 86.6667 37.0421 90 86.6667 36.2984 93.3333 86.6667 35.6581 96.6667 86.6667 35.147 100 86.6667 34.7649 103.3333 86.6667 34.4852 106.6667 86.6667 34.2591 110 86.6667 34.0223 113.3333 86.6667 33.7038 116.6667 86.6667 33.2365 120 86.6667 32.5666 -120 90 10.1431 -116.6667 90 10.3235 -113.3333 90 10.6607 -110 90 11.1054 -106.6667 90 11.5961 -103.3333 90 12.068 -100 90 12.4621 -96.6667 90 12.733 -93.3333 90 12.8554 -90 90 12.8262 -86.6667 90 12.6655 -83.3333 90 12.4117 -80 90 12.1165 -76.6667 90 11.8361 -73.3333 90 11.6228 -70 90 11.5174 -66.6667 90 11.5429 -63.3333 90 11.7011 -60 90 11.9732 -56.6667 90 12.3224 -53.3333 90 12.7 -50 90 13.0536 -46.6667 90 13.3357 -43.3333 90 13.5112 -40 90 13.5647 -36.6667 90 13.5033 -33.3333 90 13.3571 -30 90 13.1765 -26.6667 90 13.0261 -23.3333 90 12.9763 -20 90 13.0943 -16.6667 90 13.4351 -13.3333 90 14.0344 -10 90 14.9033 -6.6667 90 16.0272 -3.3333 90 17.3674 0 90 18.8659 3.3333 90 20.4532 6.6667 90 22.0573 10 90 23.6118 13.3333 90 25.0647 16.6667 90 26.383 20 90 27.5561 23.3333 90 28.5941 26.6667 90 29.5247 30 90 30.3864 33.3333 90 31.2207 36.6667 90 32.0638 40 90 32.9393 43.3333 90 33.8535 46.6667 90 34.7923 50 90 35.723 53.3333 90 36.5976 56.6667 90 37.3599 60 90 37.9535 63.3333 90 38.3306 66.6667 90 38.4593 70 90 38.3294 73.3333 90 37.9551 76.6667 90 37.3742 80 90 36.6439 83.3333 90 35.8339 86.6667 90 35.0172 90 90 34.261 93.3333 90 33.6172 96.6667 90 33.1159 100 90 32.7609 103.3333 90 32.5295 106.6667 90 32.3756 110 90 32.236 113.3333 90 32.0395 116.6667 90 31.7166 120 90 31.2095 -120 93.3333 10.0431 -116.6667 93.3333 10.235 -113.3333 93.3333 10.5865 -110 93.3333 11.0475 -106.6667 93.3333 11.5556 -103.3333 93.3333 12.0454 -100 93.3333 12.457 -96.6667 93.3333 12.7446 -93.3333 93.3333 12.8819 -90 93.3333 12.8658 -86.6667 93.3333 12.7156 -83.3333 93.3333 12.4698 -80 93.3333 12.18 -76.6667 93.3333 11.9023 -73.3333 93.3333 11.6895 -70 93.3333 11.5824 -66.6667 93.3333 11.6044 -63.3333 93.3333 11.7579 -60 93.3333 12.0242 -56.6667 93.3333 12.3668 -53.3333 93.3333 12.7375 -50 93.3333 13.084 -46.6667 93.3333 13.3586 -43.3333 93.3333 13.5264 -40 93.3333 13.5713 -36.6667 93.3333 13.5 -33.3333 93.3333 13.3419 -30 93.3333 13.1466 -26.6667 93.3333 12.9777 -23.3333 93.3333 12.9043 -20 93.3333 12.9927 -16.6667 93.3333 13.2969 -13.3333 93.3333 13.8514 -10 93.3333 14.6667 -6.6667 93.3333 15.7274 -3.3333 93.3333 16.9946 0 93.3333 18.4105 3.3333 93.3333 19.9059 6.6667 93.3333 21.4095 10 93.3333 22.8563 13.3333 93.3333 24.1957 16.6667 93.3333 25.3968 20 93.3333 26.4508 23.3333 93.3333 27.3705 26.6667 93.3333 28.1859 30 93.3333 28.9379 33.3333 93.3333 29.6703 36.6667 93.3333 30.4213 40 93.3333 31.2165 43.3333 93.3333 32.0631 46.6667 93.3333 32.948 50 93.3333 33.8386 53.3333 93.3333 34.6863 56.6667 93.3333 35.434 60 93.3333 36.0235 63.3333 93.3333 36.4048 66.6667 93.3333 36.5433 70 93.3333 36.4262 73.3333 93.3333 36.0651 76.6667 93.3333 35.4953 80 93.3333 34.7723 83.3333 93.3333 33.9646 86.6667 93.3333 33.1454 90 93.3333 32.383 93.3333 93.3333 31.7315 96.6667 93.3333 31.2242 100 93.3333 30.8689 103.3333 93.3333 30.6475 106.6667 93.3333 30.5181 110 93.3333 30.4216 113.3333 93.3333 30.2895 116.6667 93.3333 30.054 120 93.3333 29.6571 -120 96.6667 10.0799 -116.6667 96.6667 10.2817 -113.3333 96.6667 10.6428 -110 96.6667 11.1125 -106.6667 96.6667 11.628 -103.3333 96.6667 12.1233 -100 96.6667 12.5383 -96.6667 96.6667 12.8269 -93.3333 96.6667 12.9627 -90 96.6667 12.9429 -86.6667 96.6667 12.7868 -83.3333 96.6667 12.5336 -80 96.6667 12.2351 -76.6667 96.6667 11.9482 -73.3333 96.6667 11.726 -70 96.6667 11.6101 -66.6667 96.6667 11.6245 -63.3333 96.6667 11.7719 -60 96.6667 12.0342 -56.6667 96.6667 12.3751 -53.3333 96.6667 12.7464 -50 96.6667 13.0956 -46.6667 96.6667 13.3746 -43.3333 96.6667 13.548 -40 96.6667 13.5988 -36.6667 96.6667 13.5325 -33.3333 96.6667 13.3774 -30 96.6667 13.1817 -26.6667 96.6667 13.0074 -23.3333 96.6667 12.9222 -20 96.6667 12.9907 -16.6667 96.6667 13.2656 -13.3333 96.6667 13.7803 -10 96.6667 14.5442 -6.6667 96.6667 15.5415 -3.3333 96.6667 16.7328 0 96.6667 18.0606 3.3333 96.6667 19.4563 6.6667 96.6667 20.8498 10 96.6667 22.1776 13.3333 96.6667 23.391 16.6667 96.6667 24.4614 20 96.6667 25.3826 23.3333 96.6667 26.1702 26.6667 96.6667 26.8571 30 96.6667 27.487 33.3333 96.6667 28.1063 36.6667 96.6667 28.7559 40 96.6667 29.4632 43.3333 96.6667 30.2373 46.6667 96.6667 31.0662 50 96.6667 31.9174 53.3333 96.6667 32.7424 56.6667 96.6667 33.4831 60 96.6667 34.0798 63.3333 96.6667 34.4801 66.6667 96.6667 34.6469 70 96.6667 34.5643 73.3333 96.6667 34.2403 76.6667 96.6667 33.7072 80 96.6667 33.0171 83.3333 96.6667 32.2363 86.6667 96.6667 31.4362 90 96.6667 30.684 93.3333 96.6667 30.0345 96.6667 96.6667 29.5224 100 96.6667 29.1584 103.3333 96.6667 28.9281 106.6667 96.6667 28.7941 110 96.6667 28.7021 113.3333 96.6667 28.5885 116.6667 96.6667 28.3895 120 96.6667 28.0502 -120 100 10.2684 -116.6667 100 10.4799 -113.3333 100 10.8476 -110 100 11.3201 -106.6667 100 11.8345 -103.3333 100 12.3245 -100 100 12.7301 -96.6667 100 13.0053 -93.3333 100 13.1246 -90 100 13.0854 -86.6667 100 12.9081 -83.3333 100 12.6326 -80 100 12.3117 -76.6667 100 12.0034 -73.3333 100 11.7618 -70 100 11.6295 -66.6667 100 11.6311 -63.3333 100 11.7701 -60 100 12.0286 -56.6667 100 12.3707 -53.3333 100 12.7478 -50 100 13.1073 -46.6667 100 13.4003 -43.3333 100 13.5902 -40 100 13.6588 -36.6667 100 13.6103 -33.3333 100 13.4711 -30 100 13.2875 -26.6667 100 13.1196 -23.3333 100 13.0333 -20 100 13.0913 -16.6667 100 13.3446 -13.3333 100 13.8253 -10 100 14.5417 -6.6667 100 15.4773 -3.3333 100 16.5926 0 100 17.8303 3.3333 100 19.1227 6.6667 100 20.4008 10 100 21.603 13.3333 100 22.6827 16.6667 100 23.6141 20 100 24.3938 23.3333 100 25.0403 26.6667 100 25.5897 30 100 26.0888 33.3333 100 26.5872 36.6667 100 27.1281 40 100 27.7415 43.3333 100 28.4383 46.6667 100 29.2075 50 100 30.0178 53.3333 100 30.8204 56.6667 100 31.5565 60 100 32.1651 63.3333 100 32.5919 66.6667 100 32.7972 70 100 32.7618 73.3333 100 32.4907 76.6667 100 32.0122 80 100 31.3751 83.3333 100 30.6422 86.6667 100 29.882 90 100 29.1596 93.3333 100 28.5286 96.6667 100 28.0237 100 100 27.6567 103.3333 100 27.4155 106.6667 100 27.2663 110 100 27.1593 113.3333 100 27.0357 116.6667 100 26.837 120 100 26.5132 -120 103.3333 10.6095 -116.6667 103.3333 10.832 -113.3333 103.3333 11.2049 -110 103.3333 11.6763 -106.6667 103.3333 12.1831 -103.3333 103.3333 12.6593 -100 103.3333 13.0451 -96.6667 103.3333 13.2953 -93.3333 103.3333 13.3852 -90 103.3333 13.3132 -86.6667 103.3333 13.1013 -83.3333 103.3333 12.7905 -80 103.3333 12.4352 -76.6667 103.3333 12.0946 -73.3333 103.3333 11.8244 -70 103.3333 11.6681 -66.6667 103.3333 11.6515 -63.3333 103.3333 11.7787 -60 103.3333 12.0325 -56.6667 103.3333 12.3767 -53.3333 103.3333 12.7629 -50 103.3333 13.1376 -46.6667 103.3333 13.451 -43.3333 103.3333 13.6652 -40 103.3333 13.7606 -36.6667 103.3333 13.7392 -33.3333 103.3333 13.6255 -30 103.3333 13.4637 -26.6667 103.3333 13.3116 -23.3333 103.3333 13.2329 -20 103.3333 13.2884 -16.6667 103.3333 13.5271 -13.3333 103.3333 13.9796 -10 103.3333 14.6532 -6.6667 103.3333 15.5306 -3.3333 103.3333 16.5722 0 103.3333 17.7209 3.3333 103.3333 18.91 6.6667 103.3333 20.0719 10 103.3333 21.1469 13.3333 103.3333 22.0908 16.6667 103.3333 22.8803 20 103.3333 23.5152 23.3333 103.3333 24.0171 26.6667 103.3333 24.4253 30 103.3333 24.79 33.3333 103.3333 25.1635 36.6667 103.3333 25.5921 40 103.3333 26.108 43.3333 103.3333 26.7239 46.6667 103.3333 27.4306 50 103.3333 28.1971 53.3333 103.3333 28.9752 56.6667 103.3333 29.7054 60 103.3333 30.3257 63.3333 103.3333 30.7801 66.6667 103.3333 31.0265 70 103.3333 31.0431 73.3333 103.3333 30.8316 76.6667 103.3333 30.4169 80 103.3333 29.8443 83.3333 103.3333 29.1731 86.6667 103.3333 28.4683 90 103.3333 27.7925 93.3333 103.3333 27.197 96.6667 103.3333 26.7151 100 103.3333 26.3584 103.3333 103.3333 26.1157 106.6667 103.3333 25.9553 110 103.3333 25.8304 113.3333 103.3333 25.6866 116.6667 103.3333 25.4701 120 103.3333 25.1361 -120 106.6667 11.0903 -116.6667 106.6667 11.3262 -113.3333 106.6667 11.7044 -110 106.6667 12.1728 -106.6667 106.6667 12.668 -103.3333 106.6667 13.1245 -100 106.6667 13.4831 -96.6667 106.6667 13.6997 -93.3333 106.6667 13.7506 -90 106.6667 13.636 -86.6667 106.6667 13.3792 -83.3333 106.6667 13.0231 -80 106.6667 12.6238 -76.6667 106.6667 12.2423 -73.3333 106.6667 11.9358 -70 106.6667 11.7492 -66.6667 106.6667 11.7094 -63.3333 106.6667 11.8215 -60 106.6667 12.0685 -56.6667 106.6667 12.4145 -53.3333 106.6667 12.8107 -50 106.6667 13.2028 -46.6667 106.6667 13.5399 -43.3333 106.6667 13.7828 -40 106.6667 13.9098 -36.6667 106.6667 13.9211 -33.3333 106.6667 13.8389 -30 106.6667 13.7049 -26.6667 106.6667 13.5746 -23.3333 106.6667 13.5095 -20 106.6667 13.568 -16.6667 106.6667 13.7975 -13.3333 106.6667 14.2269 -10 106.6667 14.8623 -6.6667 106.6667 15.6859 -3.3333 106.6667 16.6577 0 106.6667 17.7212 3.3333 106.6667 18.8106 6.6667 106.6667 19.8596 10 106.6667 20.8105 13.3333 106.6667 21.6215 16.6667 106.6667 22.2719 20 106.6667 22.7645 23.3333 106.6667 23.1241 26.6667 106.6667 23.3932 30 106.6667 23.6249 33.3333 106.6667 23.8746 36.6667 106.6667 24.1912 40 106.6667 24.6093 43.3333 106.6667 25.1435 46.6667 106.6667 25.7858 50 106.6667 26.5063 53.3333 106.6667 27.2568 56.6667 106.6667 27.9776 60 106.6667 28.6059 63.3333 106.6667 29.0841 66.6667 106.6667 29.3683 70 106.6667 29.4345 73.3333 106.6667 29.2814 76.6667 106.6667 28.9312 80 106.6667 28.4259 83.3333 106.6667 27.8215 86.6667 106.6667 27.1801 90 106.6667 26.5613 93.3333 106.6667 26.0138 96.6667 106.6667 25.5691 100 106.6667 25.2377 103.3333 106.6667 25.0078 106.6667 106.6667 24.8486 110 106.6667 24.715 113.3333 106.6667 24.5553 116.6667 106.6667 24.3194 120 106.6667 23.967 -120 110 11.6853 -116.6667 110 11.9375 -113.3333 110 12.3223 -110 110 12.7874 -106.6667 110 13.2694 -103.3333 110 13.7032 -100 110 14.0306 -96.6667 110 14.2086 -93.3333 110 14.215 -90 110 14.0516 -86.6667 110 13.7437 -83.3333 110 13.336 -80 110 12.8868 -76.6667 110 12.4588 -73.3333 110 12.1109 -70 110 11.8897 -66.6667 110 11.8231 -63.3333 110 11.9171 -60 110 12.1552 -56.6667 110 12.5015 -53.3333 110 12.9068 -50 110 13.3161 -46.6667 110 13.6773 -43.3333 110 13.9496 -40 110 14.1094 -36.6667 110 14.1547 -33.3333 110 14.1056 -30 110 14.0013 -26.6667 110 13.8949 -23.3333 110 13.8457 -20 110 13.9099 -16.6667 110 14.1332 -13.3333 110 14.5429 -10 110 15.144 -6.6667 110 15.9181 -3.3333 110 16.8252 0 110 17.8091 3.3333 110 18.805 6.6667 110 19.7479 10 110 20.582 13.3333 110 21.2677 16.6667 110 21.787 20 110 22.1454 23.3333 110 22.3706 26.6667 110 22.508 30 110 22.6136 33.3333 110 22.7455 36.6667 110 22.9551 40 110 23.279 43.3333 110 23.7335 46.6667 110 24.312 50 110 24.9852 53.3333 110 25.7052 56.6667 110 26.4123 60 110 27.0428 63.3333 110 27.5381 66.6667 110 27.8527 70 110 27.9607 73.3333 110 27.8587 76.6667 110 27.5664 80 110 27.1234 83.3333 110 26.583 86.6667 110 26.0047 90 110 25.4455 93.3333 110 24.952 96.6667 110 24.5536 100 110 24.2591 103.3333 110 24.0561 106.6667 110 23.9132 110 110 23.7858 113.3333 110 23.6236 116.6667 110 23.3787 120 110 23.0138 -120 113.3333 12.3593 -116.6667 113.3333 12.6304 -113.3333 113.3333 13.0236 -110 113.3333 13.4863 -106.6667 113.3333 13.9554 -103.3333 113.3333 14.3662 -100 113.3333 14.6616 -96.6667 113.3333 14.7997 -93.3333 113.3333 14.76 -90 113.3333 14.5461 -86.6667 113.3333 14.1852 -83.3333 113.3333 13.7242 -80 113.3333 13.2232 -76.6667 113.3333 12.7469 -73.3333 113.3333 12.3559 -70 113.3333 12.0983 -66.6667 113.3333 12.0033 -63.3333 113.3333 12.0775 -60 113.3333 12.3049 -56.6667 113.3333 12.6497 -53.3333 113.3333 13.0622 -50 113.3333 13.4866 -46.6667 113.3333 13.8696 -43.3333 113.3333 14.1687 -40 113.3333 14.3587 -36.6667 113.3333 14.4355 -33.3333 113.3333 14.4169 -30 113.3333 14.3399 -26.6667 113.3333 14.2555 -23.3333 113.3333 14.2207 -20 113.3333 14.2899 -16.6667 113.3333 14.507 -13.3333 113.3333 14.8981 -10 113.3333 15.4674 -6.6667 113.3333 16.1958 -3.3333 113.3333 17.0434 0 113.3333 17.9543 3.3333 113.3333 18.8646 6.6667 113.3333 19.7108 10 113.3333 20.4387 13.3333 113.3333 21.0108 16.6667 113.3333 21.4113 20 113.3333 21.6482 23.3333 113.3333 21.7518 26.6667 113.3333 21.77 30 113.3333 21.7613 33.3333 113.3333 21.7862 36.6667 113.3333 21.8981 40 113.3333 22.1353 43.3333 113.3333 22.5157 46.6667 113.3333 23.0335 50 113.3333 23.6601 53.3333 113.3333 24.3481 56.6667 113.3333 25.0373 60 113.3333 25.6635 63.3333 113.3333 26.1674 66.6667 113.3333 26.5024 70 113.3333 26.641 73.3333 113.3333 26.5783 76.6667 113.3333 26.3323 80 113.3333 25.9406 83.3333 113.3333 25.4547 86.6667 113.3333 24.9322 90 113.3333 24.4282 93.3333 113.3333 23.9875 96.6667 113.3333 23.6378 100 113.3333 23.3867 103.3333 113.3333 23.2203 106.6667 113.3333 23.1068 110 113.3333 23.0011 113.3333 113.3333 22.8531 116.6667 113.3333 22.6158 120 113.3333 22.2533 -120 116.6667 13.0704 -116.6667 116.6667 13.3619 -113.3333 116.6667 13.7651 -110 116.6667 14.227 -106.6667 116.6667 14.6849 -103.3333 116.6667 15.0746 -100 116.6667 15.3399 -96.6667 116.6667 15.4404 -93.3333 116.6667 15.3569 -90 116.6667 15.0951 -86.6667 116.6667 14.6839 -83.3333 116.6667 14.1721 -80 116.6667 13.6218 -76.6667 116.6667 13.0995 -73.3333 116.6667 12.6675 -70 116.6667 12.375 -66.6667 116.6667 12.2524 -63.3333 116.6667 12.307 -60 116.6667 12.5232 -56.6667 116.6667 12.865 -53.3333 116.6667 13.2822 -50 116.6667 13.7183 -46.6667 116.6667 14.1188 -43.3333 116.6667 14.4398 -40 116.6667 14.6543 -36.6667 116.6667 14.7564 -33.3333 116.6667 14.762 -30 116.6667 14.7061 -26.6667 116.6667 14.6377 -23.3333 116.6667 14.612 -20 116.6667 14.682 -16.6667 116.6667 14.89 -13.3333 116.6667 15.2612 -10 116.6667 15.799 -6.6667 116.6667 16.4841 -3.3333 116.6667 17.2767 0 116.6667 18.1213 3.3333 116.6667 18.955 6.6667 116.6667 19.7155 10 116.6667 20.35 13.3333 116.6667 20.8228 16.6667 116.6667 21.1202 20 116.6667 21.252 23.3333 116.6667 21.2507 26.6667 116.6667 21.1664 30 116.6667 21.0595 33.3333 116.6667 20.9923 36.6667 116.6667 21.0196 40 116.6667 21.1814 43.3333 116.6667 21.4963 46.6667 116.6667 21.9594 50 116.6667 22.5426 53.3333 116.6667 23.1984 56.6667 116.6667 23.8666 60 116.6667 24.4826 63.3333 116.6667 24.9865 66.6667 116.6667 25.3307 70 116.6667 25.487 73.3333 116.6667 25.4493 76.6667 116.6667 25.2346 80 116.6667 24.8794 83.3333 116.6667 24.4339 86.6667 116.6667 23.9547 90 116.6667 23.4957 93.3333 116.6667 23.1005 96.6667 116.6667 22.7959 100 116.6667 22.5883 103.3333 116.6667 22.4631 106.6667 116.6667 22.3873 110 116.6667 22.3156 113.3333 116.6667 22.1972 116.6667 116.6667 21.985 120 116.6667 21.6434 -120 120 13.7741 -116.6667 120 14.086 -113.3333 120 14.4999 -110 120 14.9627 -106.6667 120 15.4117 -103.3333 120 15.7837 -100 120 16.0231 -96.6667 120 16.0909 -93.3333 120 15.9696 -90 120 15.666 -86.6667 120 15.2111 -83.3333 120 14.6554 -80 120 14.0626 -76.6667 120 13.5007 -73.3333 120 13.0333 -70 120 12.7109 -66.6667 120 12.5645 -63.3333 120 12.6021 -60 120 12.808 -56.6667 120 13.1462 -53.3333 120 13.566 -50 120 14.0099 -46.6667 120 14.4225 -43.3333 120 14.7586 -40 120 14.9897 -36.6667 120 15.1083 -33.3333 120 15.1287 -30 120 15.0844 -26.6667 120 15.0228 -23.3333 120 14.9977 -20 120 15.061 -16.6667 120 15.254 -13.3333 120 15.6012 -10 120 16.1058 -6.6667 120 16.7484 -3.3333 120 17.4893 0 120 18.2739 3.3333 120 19.0399 6.6667 120 19.7261 10 120 20.281 13.3333 120 20.6705 16.6667 120 20.8823 20 120 20.9278 23.3333 120 20.8412 26.6667 120 20.6739 30 120 20.4879 33.3333 120 20.3464 36.6667 120 20.3056 40 120 20.406 43.3333 120 20.6669 46.6667 120 21.084 50 120 21.629 53.3333 120 22.2547 56.6667 120 22.9005 60 120 23.5015 63.3333 120 23.9974 66.6667 120 24.3402 70 120 24.501 73.3333 120 24.4735 76.6667 120 24.2739 80 120 23.9384 83.3333 120 23.5168 86.6667 120 23.0651 90 120 22.637 93.3333 120 22.2757 96.6667 120 22.0076 100 120 21.8386 103.3333 120 21.7534 106.6667 120 21.7188 110 120 21.6883 113.3333 120 21.6108 116.6667 120 21.4384 120 120 21.1348</float_array>
          <technique_common>
            <accessor source="#mountain_terrain_positions_array" count="5329" stride="3">
              <param name="X" type="float"/>
              <param name="Y" type="float"/>
              <param name="Z" type="float"/>
            </accessor>
          </technique_common>
        </source>
        <source id="mountain_terrain_normals">
          <float_array id="mountain_terrain_normals_array" count="15987">0 0 1 -0.0098 0 1 -0.0332 0.0195 0.9993 -0.0595 0.0549 0.9967 -0.077 0.0605 0.9952 -0.0623 0.05 0.9968 -0.0342 0.04 0.9986 0.0028 0.031 0.9995 0.0425 0.0233 0.9988 0.0781 0.0172 0.9968 0.0956 0.0131 0.9953 0.0571 0.004 0.9984 0 0 1 0 0 1 0 0 1 0 0 1 0 0 1 0 0 1 -0.0137 0 0.9999 -0.0636 0.0273 0.9976 -0.132 0.0657 0.9891 -0.1232 0.0861 0.9886 -0.0899 0.0977 0.9911 -0.0447 0.1084 0.9931 0.0063 0.1175 0.9931 0.0555 0.1245 0.9907 0.0959 0.1291 0.987 0.1221 0.1313 0.9838 0.1307 0.1311 0.9827 0.0506 0.0519 0.9974 0.0038 0.0038 1 0 0 1 0 0 1 0 0 1 -0.011 0 0.9999 -0.0575 0.022 0.9981 -0.138 0.0369 0.9897 -0.1444 0.0279 0.9891 -0.1258 0.0118 0.992 -0.0923 -0.0033 0.9957 -0.0487 -0.017 0.9987 -0.0015 -0.0287 0.9996 0.0423 -0.0379 0.9984 0.0765 -0.0444 0.9961 0.0967 -0.048 0.9942 0.1006 -0.0489 0.9937 0.0885 -0.047 0.995 0.0628 -0.0425 0.9971 0.0278 -0.0355 0.999 -0.0104 -0.0264 0.9996 -0.0452 -0.0157 0.9989 -0.0707 -0.0037 0.9975 -0.0825 0.0088 0.9966 -0.0784 0.0215 0.9967 -0.0583 0.0339 0.9977 -0.0249 0.0455 0.9987 0.0171 0.0558 0.9983 0.0614 0.0644 0.996 0.1009 0.071 0.9924 0.1296 0.0756 0.9887 0.1335 0.0781 0.988 0.0512 0.0265 0.9983 0 0 1 0 0 1 0 0 1 0 0 1 0 0 1 -0.0225 0 0.9997 -0.0922 0.0237 0.9955 -0.1782 0.0296 0.9835 -0.1714 0.0217 0.985 -0.1464 0.0144 0.9891 -0.1231 0.0091 0.9924 0 0 1 -0.0049 0.0049 1 -0.0223 0.0211 0.9995 -0.0526 0.0427 0.9977 -0.0754 0.0532 0.9957 -0.0649 0.0501 0.9966 -0.0344 0.0407 0.9986 0.0042 0.0324 0.9995 0.0447 0.0255 0.9987 0.0801 0.0203 0.9966 0.0892 0.0153 0.9959 0.0362 0.0036 0.9993 0 0 1 0 0 1 0 0 1 0 0 1 0 0 1 0 0 1 -0.0068 0.0068 1 -0.0622 0.0268 0.9977 -0.1073 0.0672 0.992 -0.1112 0.089 0.9898 -0.0761 0.0993 0.9921 -0.0302 0.1085 0.9936 0.0197 0.1161 0.993 0.0665 0.1216 0.9903 0.1033 0.1249 0.9868 0.125 0.1258 0.9842 0.0726 0.0695 0.9949 0.0051 0.0054 1 0 0 1 0 0 1 0 0 1 0 0 1 -0.0055 0.0055 1 -0.0677 0.0175 0.9976 -0.1374 0.0288 0.9901 -0.1525 0.0218 0.9881 -0.1306 0.0072 0.9914 -0.0943 -0.0064 0.9955 -0.0486 -0.0184 0.9986 -0.0001 -0.0284 0.9996 0.0441 -0.0361 0.9984 0.078 -0.0412 0.9961 0.0973 -0.0436 0.9943 0.1003 -0.0436 0.994 0.0873 -0.0411 0.9953 0.0613 -0.0363 0.9975 0.0268 -0.0295 0.9992 -0.0101 -0.021 0.9997 -0.0429 -0.0112 0.999 -0.0659 -0.0006 0.9978 -0.0749 0.0103 0.9971 -0.0682 0.0211 0.9975 -0.0461 0.0315 0.9984 -0.0116 0.0409 0.9991 0.0302 0.049 0.9983 0.0729 0.0555 0.9958 0.1097 0.0602 0.9921 0.1346 0.063 0.9889 0.1017 0.0469 0.9937 0.0124 0.0062 0.9999 0 0 1 0 0 1 0 0 1 0 0 1 0 0 1 -0.0219 0.0059 0.9997 -0.1037 0.0237 0.9943 -0.1827 0.0217 0.9829 -0.1724 0.0161 0.9849 -0.144 0.0112 0.9895 -0.1267 0.0089 0.9919 0 0 1 0 0 1 -0.0053 0.0053 1 -0.0332 0.0212 0.9992 -0.0606 0.0487 0.997 -0.0729 0.053 0.9959 -0.0429 0.0462 0.998 -0.0029 0.0392 0.9992 0.039 0.0334 0.9987 0.0763 0.0291 0.9967 0.0787 0.0232 0.9966 0.0238 0.0052 0.9997 0 0 1 0 0 1 0 0 1 0 0 1 0 0 1 0 0 1 0 0 1 -0.0298 0.0131 0.9995 -0.0709 0.0518 0.9961 -0.0957 0.0772 0.9924 -0.0677 0.0913 0.9935 -0.0229 0.098 0.9949 0.0256 0.1033 0.9943 0.0706 0.1069 0.9918 0.1053 0.1086 0.9885 0.0763 0.0654 0.9949 0.0085 0.0067 0.9999 0 0 1 0 0 1 0 0 1 0 0 1 0 0 1 0 0 1 -0.0545 0.0061 0.9985 -0.129 0.0237 0.9914 -0.1659 0.0167 0.986 -0.1433 0.0048 0.9897 -0.1059 -0.0062 0.9944 -0.0586 -0.0158 0.9982 -0.0081 -0.0237 0.9997 0.0383 -0.0297 0.9988 0.0746 -0.0336 0.9966 0.0962 -0.0355 0.9947 0.1014 -0.0354 0.9942 0.0906 -0.0336 0.9953 0.0664 -0.0301 0.9973 0.0334 -0.0252 0.9991 -0.0023 -0.0192 0.9998 -0.0343 -0.0125 0.9993 -0.0568 -0.0053 0.9984 -0.0659 0.0019 0.9978 -0.0595 0.0088 0.9982 -0.0381 0.0151 0.9992 -0.0046 0.0206 0.9998 0.036 0.0251 0.999 0.0773 0.0284 0.9966 0.1126 0.0304 0.9932 0.1317 0.029 0.9909 0.0701 0.0145 0.9974 0 0 1 0 0 1 0 0 1 0 0 1 0 0 1 0 0 1 -0.0085 0.0037 1 -0.0996 0.0095 0.995 -0.1865 0.007 0.9824 -0.1755 0.0056 0.9845 -0.1464 0.005 0.9892 -0.1274 0.0037 0.9918 0 0 1 0 0 1 0 0 1 -0.0093 0.0093 0.9999 -0.0438 0.0278 0.9987 -0.0684 0.0437 0.9967 -0.0494 0.0474 0.9977 -0.0083 0.0427 0.9991 0.035 0.0392 0.9986 0.0737 0.0368 0.9966 0.0617 0.0261 0.9978 0.0088 0.0044 1 0 0 1 0 0 1 0 0 1 0 0 1 0 0 1 0 0 1 0 0 1 -0.0056 0.0056 1 -0.043 0.0244 0.9988 -0.0662 0.0628 0.9958 -0.0625 0.0772 0.9951 -0.0186 0.0802 0.9966 0.0288 0.0822 0.9962 0.0724 0.0829 0.9939 0.0765 0.0618 0.9951 0.0178 0.0141 0.9997 0 0 1 0 0 1 0 0 1 0 0 1 0 0 1 0 0 1 0 0 1 -0.0405 0.004 0.9992 -0.127 0.0106 0.9918 -0.1763 0.003 0.9843 -0.1529 -0.0054 0.9882 -0.1144 -0.0129 0.9933 -0.0658 -0.0193 0.9976 -0.0138 -0.0243 0.9996 0.0344 -0.0278 0.999 0.0723 -0.0299 0.9969 0.0957 -0.0306 0.9949 0.1024 -0.0301 0.9943 0.0929 -0.0286 0.9953 0.0699 -0.0262 0.9972 0.0378 -0.0232 0.999 0.0027 -0.0198 0.9998 -0.029 -0.0163 0.9994 -0.0516 -0.0129 0.9986 -0.0609 -0.0099 0.9981 -0.0551 -0.0074 0.9985 -0.0344 -0.0056 0.9994 -0.0018 -0.0046 1 0.0379 -0.0044 0.9993 0.0783 -0.0049 0.9969 0.1127 -0.0062 0.9936 0.1249 -0.01 0.9921 0.0633 -0.0076 0.998 0.0013 -0.0013 1 0 0 1 0 0 1 0 0 1 0 0 1 0 0 1 -0.0057 -0.0004 1 -0.1073 -0.0138 0.9941 -0.1861 -0.0183 0.9824 -0.1743 -0.0154 0.9846 -0.1445 -0.0118 0.9894 -0.1238 -0.0119 0.9922 0 0 1 0 0 1 0 0 1 0 0 1 -0.0267 0.0086 0.9996 -0.048 0.0371 0.9982 -0.0522 0.0428 0.9977 -0.0109 0.0424 0.999 0.0336 0.0422 0.9985 0.0687 0.0404 0.9968 0.0353 0.0165 0.9992 0 0 1 0 0 1 0 0 1 0 0 1 0 0 1 0 0 1 0 0 1 0 0 1 0 0 1 -0.0131 0.0111 0.9999 -0.0419 0.0349 0.9985 -0.0534 0.0512 0.9973 -0.0183 0.0577 0.9982 0.0283 0.0554 0.9981 0.0632 0.0484 0.9968 0.0352 0.0202 0.9992 0 0 1 0 0 1 0 0 1 0 0 1 0 0 1 0 0 1 0 0 1 0 0 1 -0.0359 0.0003 0.9994 -0.1351 -0.0094 0.9908 -0.1829 -0.0184 0.983 -0.1587 -0.0228 0.9871 -0.1193 -0.0263 0.9925 -0.0696 -0.0288 0.9972 -0.0165 -0.0303 0.9994 0.0329 -0.0309 0.999 0.0719 -0.0305 0.9969 0.0961 -0.0296 0.9949 0.1036 -0.0282 0.9942 0.0947 -0.0266 0.9951 0.072 -0.0251 0.9971 0.04 -0.0237 0.9989 0.0048 -0.0228 0.9997 -0.0273 -0.0224 0.9994 -0.0504 -0.0227 0.9985 -0.0604 -0.0239 0.9979 -0.0552 -0.026 0.9981 -0.0354 -0.0289 0.999 -0.0035 -0.0327 0.9995 0.0355 -0.037 0.9987 0.0753 -0.0418 0.9963 0.1092 -0.0467 0.9929 0.1276 -0.0475 0.9907 0.0721 -0.0424 0.9965 0.0176 -0.0136 0.9998 0 0 1 0 0 1 0 0 1 0 0 1 0 0 1 -0.0187 -0.0063 0.9998 -0.1312 -0.0444 0.9904 -0.1815 -0.0523 0.982 -0.1689 -0.0455 0.9846 -0.1384 -0.0378 0.9897 -0.116 -0.0367 0.9926 0 0 1 0 0 1 0 0 1 0 0 1 -0.006 0.006 1 -0.035 0.0189 0.9992 -0.0459 0.0306 0.9985 -0.0095 0.038 0.9992 0.0357 0.0418 0.9985 0.0502 0.0326 0.9982 0.0105 0.0052 0.9999 0 0 1 0 0 1 0 0 1 0 0 1 0 0 1 0 0 1 0 0 1 0 0 1 0 0 1 -0.0006 0.0006 1 -0.0254 0.0094 0.9996 -0.0348 0.0335 0.9988 -0.0227 0.0332 0.9992 0.0234 0.0261 0.9994 0.0441 0.0137 0.9989 0.0162 0.0001 0.9999 0 0 1 0 0 1 0 0 1 0 0 1 0 0 1 0 0 1 0 0 1 0 0 1 -0.0447 -0.0046 0.999 -0.1562 -0.0347 0.9871 -0.1853 -0.0457 0.9816 -0.1602 -0.046 0.986 -0.12 -0.0453 0.9917 -0.0695 -0.0438 0.9966 -0.0156 -0.0415 0.999 0.0343 -0.0387 0.9987 0.0737 -0.0356 0.9966 0.0981 -0.0326 0.9946 0.1055 -0.03 0.994 0.0963 -0.028 0.995 0.073 -0.0269 0.997 0.0403 -0.0269 0.9988 0.0042 -0.028 0.9996 -0.0288 -0.0305 0.9991 -0.053 -0.0343 0.998 -0.0641 -0.0394 0.9972 -0.06 -0.0459 0.9971 -0.041 -0.0534 0.9977 -0.0099 -0.0618 0.998 0.0285 -0.0706 0.9971 0.068 -0.0796 0.9945 0.1021 -0.0883 0.9909 0.1249 -0.0964 0.9875 0.0966 -0.09 0.9913 0.0509 -0.0525 0.9973 0.0155 -0.0155 0.9998 0 0 1 0 0 1 0 0 1 0 0 1 -0.0684 -0.0471 0.9965 -0.1571 -0.096 0.9829 -0.1731 -0.0921 0.9806 -0.1594 -0.0819 0.9838 -0.1282 -0.0708 0.9892 -0.1042 -0.0682 0.9922 0 0 1 0 0 1 0 0 1 0 0 1 0 0 1 -0.0243 0.005 0.9997 -0.0317 0.0204 0.9993 -0.0035 0.0292 0.9996 0.0365 0.035 0.9987 0.0229 0.0164 0.9996 0 0 1 0 0 1 0 0 1 0 0 1 0 0 1 0 0 1 0 0 1 0 0 1 0 0 1 0 0 1 0 0 1 -0.0081 0.0049 1 -0.0278 0.0153 0.9995 -0.0313 0.0087 0.9995 0.0137 -0.0026 0.9999 0.0324 -0.0132 0.9994 0.0211 -0.0055 0.9998 0.0001 -0.0001 1 0 0 1 0 0 1 0 0 1 0 0 1 0 0 1 0 0 1 0 0 1 -0.0812 -0.0329 0.9962 -0.1808 -0.0739 0.9808 -0.1835 -0.0766 0.98 -0.1575 -0.0729 0.9848 -0.1165 -0.0683 0.9908 -0.0654 -0.0629 0.9959 -0.0112 -0.0569 0.9983 0.0388 -0.0507 0.998 0.0779 -0.0448 0.996 0.1017 -0.0396 0.994 0.1083 -0.0355 0.9935 0.098 -0.0329 0.9946 0.0734 -0.032 0.9968 0.0391 -0.0329 0.9987 0.0014 -0.0357 0.9994 -0.0334 -0.0406 0.9986 -0.0592 -0.0473 0.9971 -0.0717 -0.0559 0.9959 -0.0689 -0.0662 0.9954 -0.051 -0.0778 0.9957 -0.0207 -0.0903 0.9957 0.0173 -0.1033 0.9945 0.0568 -0.116 0.9916 0.0912 -0.1281 0.9876 0.1148 -0.1392 0.9836 0.1165 -0.142 0.983 0.0918 -0.1203 0.9885 0.0478 -0.0887 0.9949 0.0119 -0.0636 0.9979 0.0047 -0.0424 0.9991 -0.0037 -0.0451 0.999 -0.0456 -0.0893 0.995 -0.1238 -0.1413 0.9822 -0.1575 -0.1452 0.9768 -0.1614 -0.1338 0.9778 -0.1465 -0.121 0.9818 -0.1144 -0.1071 0.9877 -0.089 -0.103 0.9907 0 0 1 0 0 1 0 0 1 0 0 1 0 0 1 -0.0147 0.0023 0.9999 -0.0236 0.0066 0.9997 0.0074 0.0163 0.9998 0.027 0.0174 0.9995 0.0039 0.002 1 0 0 1 0 0 1 0 0 1 0 0 1 0 0 1 0 0 1 0 0 1 0 0 1 0 0 1 0 0 1 0 0 1 -0.0011 0.0011 1 -0.0302 0.0018 0.9995 -0.0441 -0.0104 0.999 -0.0009 -0.0275 0.9996 0.0345 -0.0367 0.9987 0.0286 -0.0354 0.999 0.0124 -0.0141 0.9998 0.0007 -0.0007 1 0 0 1 0 0 1 0 0 1 0 0 1 0 0 1 -0.0291 -0.0243 0.9993 -0.1397 -0.0909 0.986 -0.1872 -0.1137 0.9757 -0.178 -0.108 0.9781 -0.1509 -0.1011 0.9834 -0.109 -0.0932 0.9897 -0.0575 -0.0844 0.9948 -0.0033 -0.0751 0.9972 0.0462 -0.0659 0.9968 0.0845 -0.0574 0.9948 0.1071 -0.0502 0.993 0.1121 -0.0447 0.9927 0.1 -0.0414 0.9941 0.0733 -0.0405 0.9965 0.0368 -0.042 0.9984 -0.0033 -0.0461 0.9989 -0.0403 -0.0528 0.9978 -0.0682 -0.0619 0.9957 -0.0826 -0.0732 0.9939 -0.0814 -0.0865 0.9929 -0.0647 -0.1014 0.9927 -0.0353 -0.1173 0.9925 0.0024 -0.1335 0.991 0.0421 -0.1494 0.9879 0.0772 -0.1642 0.9834 0.102 -0.1777 0.9788 0.1125 -0.1894 0.9754 0.1038 -0.1967 0.9749 0.0722 -0.1874 0.9796 0.0436 -0.1634 0.9856 0.0063 -0.1594 0.9872 -0.034 -0.1773 0.9836 -0.0879 -0.1992 0.976 -0.1257 -0.1969 0.9723 -0.1453 -0.1858 0.9718 -0.1472 -0.1728 0.9739 -0.1309 -0.1583 0.9787 -0.0978 -0.1424 0.985 -0.0712 -0.1366 0.9881 0 0 1 0 0 1 0 0 1 0 0 1 0 0 1 -0.0207 -0.0135 0.9997 -0.0172 -0.0164 0.9997 0.0187 -0.0025 0.9998 0.0193 0.0025 0.9998 0 0 1 0 0 1 0 0 1 0 0 1 0 0 1 0 0 1 0 0 1 0 0 1 0 0 1 0 0 1 0 0 1 0 0 1 0 0 1 -0.039 -0.0046 0.9992 -0.0643 -0.0245 0.9976 -0.0199 -0.0464 0.9987 0.0236 -0.0669 0.9975 0.0432 -0.0716 0.9965 0.0345 -0.0571 0.9978 0.0125 -0.0381 0.9992 0.0092 -0.0092 0.9999 0 0 1 0 0 1 0 0 1 -0.0266 -0.0337 0.9991 -0.1016 -0.1073 0.989 -0.1729 -0.1511 0.9733 -0.1804 -0.1449 0.9729 -0.1695 -0.137 0.976 -0.1412 -0.1279 0.9817 -0.0985 -0.1175 0.9882 -0.0466 -0.1062 0.9933 0.0074 -0.0945 0.9955 0.0561 -0.083 0.995 0.0931 -0.0726 0.993 0.1139 -0.0639 0.9914 0.1169 -0.0575 0.9915 0.1023 -0.0536 0.9933 0.073 -0.0527 0.9959 0.0336 -0.0547 0.9979 -0.0093 -0.0598 0.9982 -0.0491 -0.0677 0.9965 -0.0794 -0.0784 0.9938 -0.096 -0.0916 0.9912 -0.0965 -0.107 0.9896 -0.0812 -0.1241 0.9889 -0.0526 -0.1423 0.9884 -0.0152 -0.1607 0.9869 0.0248 -0.1785 0.9836 0.0609 -0.1951 0.9789 0.0873 -0.2099 0.9738 0.0998 -0.2228 0.9697 0.0964 -0.2334 0.9676 0.0772 -0.2415 0.9673 0.0445 -0.2465 0.9681 0.0027 -0.248 0.9688 -0.0422 -0.2457 0.9684 -0.0834 -0.2397 0.9673 -0.1148 -0.2305 0.9663 -0.1318 -0.2187 0.9669 -0.1315 -0.2048 0.9699 -0.1135 -0.1893 0.9753 -0.0793 -0.1724 0.9818 -0.052 -0.1646 0.985 0 0 1 0 0 1 0 0 1 -0.0055 -0.011 0.9999 -0.0208 -0.0395 0.999 -0.0305 -0.057 0.9979 -0.0009 -0.0419 0.9991 0.0328 -0.0214 0.9992 0.025 -0.0048 0.9997 0 0 1 0 0 1 0 0 1 0 0 1 0 0 1 0 0 1 0 0 1 0 0 1 0 0 1 0 0 1 0 0 1 0 0 1 -0.0013 -0.0006 1 -0.0548 -0.0103 0.9984 -0.0885 -0.0336 0.9955 -0.0424 -0.0578 0.9974 0.0019 -0.0813 0.9967 0.0375 -0.1035 0.9939 0.0458 -0.1106 0.9928 0.0485 -0.0909 0.9947 0.026 -0.079 0.9965 0.0045 -0.0718 0.9974 -0.001 -0.0694 0.9976 -0.0351 -0.0998 0.9944 -0.092 -0.1524 0.984 -0.145 -0.1816 0.9726 -0.1669 -0.1768 0.97 -0.1721 -0.1698 0.9703 -0.1593 -0.161 0.974 -0.1295 -0.1507 0.9801 -0.0859 -0.1391 0.9865 -0.0337 -0.1266 0.9914 0.0199 -0.1136 0.9933 0.0675 -0.101 0.9926 0.1028 -0.0897 0.9907 0.1216 -0.0803 0.9893 0.1221 -0.0736 0.9898 0.1047 -0.0697 0.9921 0.0724 -0.069 0.995 0.0298 -0.0715 0.997 -0.0163 -0.0772 0.9969 -0.059 -0.086 0.9945 -0.092 -0.0976 0.991 -0.1108 -0.1117 0.9875 -0.1131 -0.1281 0.9853 -0.0992 -0.1461 0.9843 -0.0714 -0.1652 0.9837 -0.0343 -0.1844 0.9822 0.0062 -0.2029 0.9792 0.0436 -0.2198 0.9746 0.0718 -0.2348 0.9694 0.0868 -0.2475 0.965 0.0862 -0.2579 0.9623 0.0703 -0.2655 0.9615 0.0413 -0.27 0.962 0.0033 -0.271 0.9626 -0.0377 -0.2682 0.9626 -0.0753 -0.2618 0.9622 -0.1035 -0.2521 0.9621 -0.1177 -0.24 0.9636 -0.1153 -0.2258 0.9673 -0.0955 -0.21 0.973 -0.0602 -0.1928 0.9794 -0.0324 -0.1831 0.9826 0 -0.0546 0.9985 0.0029 -0.0761 0.9971 -0.0132 -0.0832 0.9964 -0.0323 -0.103 0.9942 -0.0377 -0.1099 0.9932 -0.0149 -0.0917 0.9957 0.0233 -0.0664 0.9975 0.0566 -0.0397 0.9976 0.0428 -0.0092 0.999 0.0004 -0.0004 1 0 0 1 0 0 1 0 0 1 0 0 1 0 0 1 0 0 1 0 0 1 0 0 1 0 0 1 0 0 1 0 0 1 -0.0057 -0.0019 1 -0.0729 -0.0127 0.9973 -0.1131 -0.0352 0.993 -0.0672 -0.061 0.9959 -0.0222 -0.0864 0.996 0.0149 -0.1104 0.9938 0.0385 -0.1323 0.9905 0.0443 -0.1506 0.9876 0.0285 -0.1585 0.9869 0.0088 -0.1585 0.9873 -0.0207 -0.1741 0.9845 -0.0682 -0.1946 0.9785 -0.1098 -0.1991 0.9738 -0.1419 -0.1975 0.97 -0.1608 -0.1932 0.9679 -0.1635 -0.1865 0.9688 -0.1486 -0.178 0.9727 -0.1173 -0.168 0.9788 -0.0727 -0.1565 0.985 -0.0203 -0.1441 0.9893 0.0328 -0.1313 0.9908 0.0792 -0.119 0.9897 0.1127 -0.108 0.9877 0.1292 -0.0992 0.9866 0.127 -0.093 0.9875 0.1068 -0.0898 0.9902 0.0713 -0.0898 0.9934 0.0255 -0.093 0.9953 -0.0239 -0.0992 0.9948 -0.0696 -0.1082 0.9917 -0.1051 -0.1199 0.9872 -0.1259 -0.134 0.9829 -0.13 -0.15 0.9801 -0.1173 -0.1677 0.9788 -0.0902 -0.1861 0.9784 -0.0531 -0.2046 0.9774 -0.012 -0.222 0.975 0.0268 -0.2378 0.9709 0.0571 -0.2514 0.9662 0.0747 -0.2626 0.962 0.0772 -0.2713 0.9594 0.0646 -0.2774 0.9586 0.0391 -0.2805 0.9591 0.0049 -0.2802 0.9599 -0.0325 -0.2764 0.9605 -0.0668 -0.2693 0.9607 -0.092 -0.2592 0.9614 -0.1037 -0.2469 0.9635 -0.0991 -0.2327 0.9675 -0.0778 -0.2172 0.973 -0.0414 -0.2005 0.9788 -0.0136 -0.1891 0.9819 0.0113 -0.1827 0.9831 0.0068 -0.1898 0.9818 -0.0181 -0.1843 0.9827 -0.0271 -0.1685 0.9853 -0.0159 -0.1445 0.9894 0.0113 -0.1184 0.9929 0.0504 -0.0907 0.9946 0.0915 -0.0586 0.9941 0.0646 -0.0275 0.9975 0.0084 -0.0073 0.9999 0 0 1 0 0 1 0 0 1 0 0 1 0 0 1 0 0 1 0 0 1 0 0 1 0 0 1 0 0 1 0 0 1 -0.0104 -0.0014 0.9999 -0.0887 -0.0091 0.996 -0.1384 -0.0305 0.9899 -0.093 -0.0564 0.9941 -0.0474 -0.0822 0.9955 -0.0089 -0.1069 0.9942 0.0168 -0.1297 0.9914 0.0264 -0.1501 0.9883 0.0191 -0.1676 0.9857 -0.0032 -0.1819 0.9833 -0.0364 -0.1926 0.9806 -0.0746 -0.1995 0.9771 -0.1112 -0.2026 0.9729 -0.14 -0.2023 0.9693 -0.1559 -0.1993 0.9675 -0.1559 -0.1941 0.9685 -0.139 -0.1872 0.9724 -0.106 -0.1787 0.9782 -0.0605 -0.169 0.9838 -0.0079 -0.1583 0.9874 0.0446 -0.1472 0.9881 0.0897 -0.1367 0.9865 0.1213 -0.1275 0.9844 0.1356 -0.1203 0.9834 0.1309 -0.1158 0.9846 0.1078 -0.1141 0.9876 0.0693 -0.1154 0.9909 0.0204 -0.1194 0.9926 -0.0318 -0.1259 0.9915 -0.08 -0.1348 0.9876 -0.1177 -0.1457 0.9823 -0.1403 -0.1586 0.9773 -0.1457 -0.1731 0.9741 -0.1339 -0.1887 0.9729 -0.1073 -0.2049 0.9729 -0.07 -0.2208 0.9728 -0.028 -0.2355 0.9715 0.0124 -0.2483 0.9686 0.0449 -0.2588 0.9649 0.0651 -0.267 0.9615 0.0706 -0.2727 0.9595 0.0613 -0.276 0.9592 0.0391 -0.2766 0.9602 0.0081 -0.2742 0.9616 -0.0262 -0.2687 0.9629 -0.0577 -0.2605 0.9638 -0.0804 -0.2498 0.9649 -0.09 -0.2374 0.9672 -0.0837 -0.2236 0.9711 -0.061 -0.2089 0.976 -0.0239 -0.1935 0.9808 0.0034 -0.1809 0.9835 0.0274 -0.2414 0.97 0.0189 -0.2348 0.9719 0.0001 -0.2165 0.9763 -0.0031 -0.1948 0.9808 0.0105 -0.17 0.9854 0.0393 -0.1428 0.989 0.0792 -0.1138 0.9903 0.1236 -0.0839 0.9888 0.0941 -0.0521 0.9942 0.0339 -0.0109 0.9994 0 0 1 0 0 1 0 0 1 0 0 1 0 0 1 0 0 1 0 0 1 0 0 1 0 0 1 0 0 1 0 0 1 -0.0124 -0.0003 0.9999 -0.1003 -0.0022 0.995 -0.1628 -0.0207 0.9864 -0.1182 -0.0453 0.992 -0.0725 -0.0701 0.9949 -0.0329 -0.0942 0.995 -0.0052 -0.1168 0.9931 0.0069 -0.1373 0.9905 0.0025 -0.1552 0.9879 -0.0166 -0.1701 0.9853 -0.0464 -0.1818 0.9822 -0.0812 -0.19 0.9784 -0.1144 -0.1947 0.9742 -0.14 -0.1964 0.9705 -0.1531 -0.1957 0.9686 -0.1507 -0.193 0.9696 -0.1317 -0.1888 0.9731 -0.0973 -0.1833 0.9782 -0.0508 -0.1767 0.983 0.0019 -0.1692 0.9856 0.0537 -0.1615 0.9854 0.0975 -0.1542 0.9832 0.1274 -0.1481 0.9807 0.1396 -0.1439 0.9797 0.1326 -0.1421 0.9809 0.1071 -0.1426 0.984 0.0661 -0.1455 0.9871 0.0148 -0.1505 0.9885 -0.0397 -0.1571 0.9868 -0.0898 -0.1651 0.9822 -0.1289 -0.1744 0.9762 -0.1526 -0.1849 0.9708 -0.1587 -0.1964 0.9676 -0.1474 -0.2086 0.9668 -0.1208 -0.2209 0.9678 -0.083 -0.2325 0.9691 -0.0398 -0.2426 0.9693 0.0022 -0.2506 0.9681 0.037 -0.2564 0.9659 0.0599 -0.2598 0.9638 0.0682 -0.2611 0.9629 0.0617 -0.2602 0.9636 0.0423 -0.2572 0.9654 0.0138 -0.2518 0.9677 -0.0182 -0.2441 0.9696 -0.0477 -0.2344 0.971 -0.0688 -0.223 0.9724 -0.077 -0.2107 0.9745 -0.0696 -0.1977 0.9778 -0.0462 -0.1845 0.9817 -0.0088 -0.1713 0.9852 0.0173 -0.1582 0.9873 0.0425 -0.2602 0.9646 0.0355 -0.2532 0.9668 0.0207 -0.2364 0.9714 0.021 -0.2157 0.9762 0.0372 -0.1915 0.9808 0.0678 -0.1644 0.9841 0.1085 -0.1352 0.9849 0.1527 -0.105 0.9827 0.1373 -0.0697 0.9881 0.0701 -0.0145 0.9974 0 0 1 0 0 1 0 0 1 0 0 1 0 0 1 0 0 1 0 0 1 0 0 1 0 0 1 0 0 1 0 0 1 -0.0099 0.0014 1 -0.1064 0.006 0.9943 -0.1844 -0.0082 0.9828 -0.1414 -0.0297 0.9895 -0.096 -0.0522 0.994 -0.0557 -0.0745 0.9957 -0.0267 -0.0959 0.995 -0.0125 -0.1156 0.9932 -0.0144 -0.1333 0.991 -0.0308 -0.1486 0.9884 -0.0577 -0.1611 0.9853 -0.0895 -0.1707 0.9812 -0.1199 -0.1775 0.9768 -0.1427 -0.1818 0.9729 -0.1534 -0.184 0.9709 -0.1488 -0.1848 0.9714 -0.1281 -0.1844 0.9745 -0.0924 -0.1831 0.9787 -0.0453 -0.181 0.9824 0.0074 -0.1782 0.984 0.0587 -0.1751 0.9828 0.1014 -0.1723 0.9798 0.1298 -0.1704 0.9768 0.1404 -0.17 0.9754 0.1316 -0.1715 0.9764 0.1042 -0.1747 0.9791 0.0615 -0.1793 0.9819 0.0087 -0.185 0.9827 -0.047 -0.1912 0.9804 -0.0979 -0.1977 0.9754 -0.1376 -0.2044 0.9692 -0.1615 -0.2114 0.964 -0.1677 -0.2186 0.9613 -0.1562 -0.2258 0.9616 -0.1291 -0.2326 0.964 -0.0904 -0.2383 0.967 -0.0458 -0.2421 0.9692 -0.0018 -0.2437 0.9698 0.0352 -0.2431 0.9694 0.0605 -0.2403 0.9688 0.0712 -0.2358 0.9692 0.067 -0.2298 0.9709 0.0495 -0.2222 0.9737 0.0227 -0.2131 0.9768 -0.008 -0.2027 0.9792 -0.0366 -0.1913 0.9808 -0.0571 -0.1794 0.9821 -0.0649 -0.1674 0.9838 -0.0573 -0.1559 0.9861 -0.034 -0.145 0.9888 0.0029 -0.135 0.9908 0.0272 -0.1225 0.9921 0.0554 -0.2685 0.9617 0.0494 -0.2618 0.9639 0.0393 -0.2483 0.9679 0.0434 -0.2301 0.9722 0.0627 -0.208 0.9761 0.0953 -0.1826 0.9786 0.1369 -0.1547 0.9784 0.1811 -0.1254 0.9754 0.1898 -0.0872 0.978 0.1114 -0.0296 0.9933 0.0057 -0.0057 1 0 0 1 0 0 1 0 0 1 0 0 1 0 0 1 0 0 1 0 0 1 0 0 1 0 0 1 0 0 1 -0.0028 0.0028 1 -0.1101 0.0056 0.9939 -0.1979 0.0011 0.9802 -0.1614 -0.0123 0.9868 -0.1168 -0.0315 0.9927 -0.0765 -0.051 0.9958 -0.0466 -0.0702 0.9964 -0.0311 -0.0885 0.9956 -0.0312 -0.1055 0.9939 -0.0455 -0.1207 0.9916 -0.0701 -0.134 0.9885 -0.0997 -0.1452 0.9844 -0.1278 -0.1543 0.9797 -0.1485 -0.1616 0.9756 -0.1573 -0.1675 0.9732 -0.1511 -0.1725 0.9733 -0.1291 -0.1769 0.9757 -0.0926 -0.1807 0.9792 -0.045 -0.184 0.9819 0.0077 -0.1867 0.9824 0.0584 -0.1891 0.9802 0.1003 -0.1915 0.9764 0.1277 -0.1944 0.9726 0.1371 -0.1982 0.9705 0.1273 -0.203 0.9709 0.0991 -0.2087 0.9729 0.0557 -0.2148 0.9751 0.0026 -0.2206 0.9754 -0.053 -0.2257 0.9728 -0.1035 -0.2297 0.9677 -0.1427 -0.2328 0.962 -0.166 -0.2352 0.9577 -0.1714 -0.237 0.9563 -0.159 -0.2382 0.9581 -0.1308 -0.2382 0.9624 -0.0907 -0.2365 0.9674 -0.0443 -0.2328 0.9715 0.0017 -0.2266 0.974 0.0408 -0.2184 0.975 0.0681 -0.2084 0.9757 0.0806 -0.1972 0.977 0.0778 -0.1852 0.9796 0.0613 -0.1726 0.9831 0.0351 -0.1595 0.9866 0.0044 -0.1464 0.9892 -0.0245 -0.1335 0.9907 -0.0455 -0.1214 0.9916 -0.0541 -0.1105 0.9924 -0.0475 -0.1011 0.9937 -0.0253 -0.0935 0.9953 0.0104 -0.0876 0.9961 0.0321 -0.0769 0.9965 0.0642 -0.2644 0.9623 0.0588 -0.2589 0.9641 0.0539 -0.2504 0.9666 0.0624 -0.2369 0.9695 0.0852 -0.2187 0.9721 0.1203 -0.1967 0.9731 0.1632 -0.1716 0.9716 0.2075 -0.1447 0.9675 0.2395 -0.1098 0.9647 0.1513 -0.0683 0.9861 0.0348 -0.0178 0.9992 0 0 1 0 0 1 0 0 1 0 0 1 0 0 1 0 0 1 0 0 1 0 0 1 0 0 1 0 0 1 0 0 1 -0.1085 0.0023 0.9941 -0.1983 0.0117 0.9801 -0.1775 0.0034 0.9841 -0.1341 -0.0118 0.9909 -0.0943 -0.0279 0.9952 -0.0643 -0.0444 0.9969 -0.0481 -0.0608 0.997 -0.0472 -0.0766 0.9959 -0.0603 -0.0916 0.994 -0.0836 -0.1056 0.9909 -0.1116 -0.1183 0.9867 -0.1383 -0.1299 0.9818 -0.1577 -0.1405 0.9774 -0.1653 -0.1504 0.9747 -0.1582 -0.16 0.9744 -0.1354 -0.1695 0.9762 -0.0984 -0.1789 0.9789 -0.0507 -0.188 0.9809 0.002 -0.1965 0.9805 0.0525 -0.2045 0.9775 0.094 -0.2121 0.9727 0.121 -0.2195 0.9681 0.1301 -0.227 0.9652 0.1202 -0.2346 0.9646 0.0922 -0.242 0.9659 0.0495 -0.2486 0.9673 -0.0025 -0.2537 0.9673 -0.0567 -0.2567 0.9648 -0.1058 -0.2574 0.9605 -0.1433 -0.2561 0.956 -0.165 -0.2531 0.9532 -0.1689 -0.2488 0.9537 -0.1549 -0.243 0.9576 -0.1249 -0.2354 0.9638 -0.0828 -0.2256 0.9707 -0.0344 -0.2134 0.9764 0.0136 -0.1989 0.9799 0.0545 -0.1825 0.9817 0.0831 -0.1649 0.9828 0.0965 -0.147 0.9844 0.0941 -0.129 0.9872 0.0774 -0.1116 0.9907 0.0505 -0.095 0.9942 0.0186 -0.0796 0.9967 -0.0118 -0.066 0.9978 -0.0347 -0.0544 0.9979 -0.0453 -0.0454 0.9979 -0.0408 -0.0389 0.9984 -0.0207 -0.0352 0.9992 0.0128 -0.0341 0.9993 0.0316 -0.0263 0.9992 0.0668 -0.246 0.967 0.0617 -0.2426 0.9682 0.0623 -0.241 0.9685 0.0758 -0.2341 0.9693 0.1027 -0.2221 0.9696 0.1408 -0.2056 0.9685 0.1855 -0.1853 0.965 0.2306 -0.1624 0.9594 0.2694 -0.1381 0.9531 0.2022 -0.1037 0.9738 0.0923 -0.0222 0.9955 0 0 1 0 0 1 0 0 1 0 0 1 0 0 1 0 0 1 0 0 1 0 0 1 0 0 1 0 0 1 0 0 1 -0.0985 0.0039 0.9951 -0.1931 0.0182 0.981 -0.1895 0.0138 0.9818 -0.1476 0.0026 0.989 -0.1089 -0.01 0.994 -0.0795 -0.0236 0.9966 -0.0635 -0.0379 0.9973 -0.0624 -0.0525 0.9967 -0.0751 -0.0672 0.9949 -0.0979 -0.0817 0.9918 -0.1254 -0.096 0.9875 -0.1514 -0.1099 0.9823 -0.1703 -0.1237 0.9776 -0.1774 -0.1375 0.9745 -0.1699 -0.1515 0.9737 -0.1469 -0.1659 0.9751 -0.1098 -0.1805 0.9774 -0.062 -0.1949 0.9789 -0.0094 -0.2087 0.9779 0.0412 -0.2215 0.9743 0.0829 -0.2332 0.9689 0.1103 -0.244 0.9635 0.1201 -0.254 0.9597 0.1112 -0.2631 0.9583 0.0847 -0.271 0.9589 0.0439 -0.2768 0.9599 -0.0057 -0.28 0.96 -0.0573 -0.28 0.9583 -0.1037 -0.2766 0.9554 -0.1388 -0.2704 0.9527 -0.1582 -0.2616 0.9521 -0.1597 -0.2507 0.9548 -0.1434 -0.2377 0.9607 -0.111 -0.2223 0.9686 -0.0666 -0.2042 0.9767 -0.0159 -0.1837 0.9829 0.0338 -0.161 0.9864 0.0758 -0.137 0.9877 0.1049 -0.1127 0.9881 0.1181 -0.0888 0.989 0.1148 -0.0661 0.9912 0.0968 -0.0449 0.9943 0.0679 -0.0259 0.9974 0.0336 -0.0094 0.9994 0.0005 0.004 1 -0.0254 0.0141 0.9996 -0.039 0.0207 0.999 -0.0376 0.0237 0.999 -0.0206 0.0233 0.9995 0.0101 0.0197 0.9998 0.0257 0.0236 0.9994 0.0617 -0.2115 0.9754 0.0566 -0.2109 0.9759 0.0626 -0.2179 0.974 0.0814 -0.2196 0.9722 0.1129 -0.2159 0.9699 0.1547 -0.2072 0.966 0.202 -0.194 0.96 0.2487 -0.1772 0.9522 0.2882 -0.1581 0.9444 0.2684 -0.1228 0.9554 0.1508 -0.0494 0.9873 0.0115 -0.0115 0.9999 0 0 1 0 0 1 0 0 1 0 0 1 0 0 1 0 0 1 0 0 1 0 0 1 0 0 1 0 0 1 -0.086 0.0044 0.9963 -0.1862 0.0176 0.9823 -0.1978 0.015 0.9801 -0.1577 0.0074 0.9875 -0.1205 -0.0021 0.9927 -0.0923 -0.0132 0.9956 -0.0771 -0.0256 0.9967 -0.0767 -0.0391 0.9963 -0.0899 -0.0534 0.9945 -0.1129 -0.0683 0.9912 -0.1406 -0.0838 0.9865 -0.1668 -0.0997 0.9809 -0.1857 -0.116 0.9757 -0.1929 -0.1328 0.9722 -0.1855 -0.1504 0.9711 -0.1627 -0.1685 0.9722 -0.1257 -0.187 0.9743 -0.0779 -0.2053 0.9756 -0.025 -0.2227 0.9746 0.0261 -0.2386 0.9708 0.0687 -0.2527 0.9651 0.0974 -0.2651 0.9593 0.1089 -0.2757 0.9551 0.1021 -0.2846 0.9532 0.0782 -0.2912 0.9535 0.0405 -0.295 0.9546 -0.0058 -0.2952 0.9554 -0.0539 -0.2914 0.9551 -0.0969 -0.2836 0.954 -0.1288 -0.2722 0.9536 -0.1452 -0.2577 0.9553 -0.1439 -0.2404 0.9599 -0.1246 -0.2205 0.9674 -0.0894 -0.1978 0.9761 -0.0424 -0.1724 0.9841 0.0102 -0.1446 0.9894 0.061 -0.1153 0.9915 0.1033 -0.0855 0.991 0.1317 -0.0564 0.9897 0.1434 -0.0288 0.9892 0.1382 -0.0032 0.9904 0.1176 0.0198 0.9929 0.0858 0.0396 0.9955 0.0482 0.0559 0.9973 0.0115 0.0681 0.9976 -0.0182 0.076 0.9969 -0.0357 0.0798 0.9962 -0.0381 0.0794 0.9961 -0.0247 0.0752 0.9969 0.0026 0.0674 0.9977 0.0152 0.0671 0.9976 0.0476 -0.1605 0.9859 0.0424 -0.163 0.9857 0.0534 -0.1794 0.9823 0.0772 -0.1912 0.9785 0.1136 -0.1979 0.9736 0.1598 -0.1992 0.9668 0.2107 -0.1955 0.9578 0.2599 -0.1872 0.9473 0.3012 -0.1755 0.9373 0.3197 -0.151 0.9354 0.2033 -0.1099 0.9729 0.0637 -0.0291 0.9975 0 0 1 0 0 1 0 0 1 0 0 1 0 0 1 0 0 1 0 0 1 0 0 1 0 0 1 0 0 1 -0.0757 0.003 0.9971 -0.1838 0.0067 0.9829 -0.2028 0.0031 0.9792 -0.1648 -0.0019 0.9863 -0.1295 -0.009 0.9915 -0.103 -0.0181 0.9945 -0.0893 -0.029 0.9956 -0.0902 -0.0414 0.9951 -0.1044 -0.0552 0.993 -0.1284 -0.0702 0.9892 -0.1568 -0.0862 0.9839 -0.1835 -0.103 0.9776 -0.2029 -0.1205 0.9718 -0.2105 -0.1389 0.9677 -0.2035 -0.1581 0.9662 -0.181 -0.178 0.9672 -0.1442 -0.1983 0.9695 -0.0963 -0.2181 0.9712 -0.0428 -0.2366 0.9707 0.0094 -0.2531 0.9674 0.0537 -0.2672 0.9621 0.0845 -0.2788 0.9566 0.0986 -0.2881 0.9525 0.0949 -0.2948 0.9508 0.0745 -0.2987 0.9514 0.0406 -0.2992 0.9533 -0.0017 -0.2956 0.9553 -0.0459 -0.2876 0.9566 -0.0852 -0.2753 0.9576 -0.1135 -0.2591 0.9592 -0.1266 -0.2394 0.9626 -0.122 -0.2168 0.9686 -0.0996 -0.1912 0.9765 -0.0615 -0.1629 0.9847 -0.0122 -0.132 0.9912 0.0418 -0.0995 0.9942 0.0928 -0.0663 0.9935 0.1341 -0.0337 0.9904 0.1607 -0.0026 0.987 0.1701 0.0261 0.9851 0.1619 0.0521 0.9854 0.1382 0.0748 0.9876 0.1028 0.0939 0.9903 0.0613 0.1087 0.9922 0.0204 0.1189 0.9927 -0.0135 0.1244 0.9921 -0.0353 0.1254 0.9915 -0.0418 0.1221 0.9916 -0.0324 0.1149 0.9929 -0.0086 0.1041 0.9945 0.0014 0.0999 0.995 0.0252 -0.0951 0.9951 0.0197 -0.1005 0.9947 0.0341 -0.1255 0.9915 0.0622 -0.1476 0.9871 0.1033 -0.1658 0.9807 0.1542 -0.1791 0.9717 0.2095 -0.187 0.9598 0.2623 -0.1897 0.9461 0.3065 -0.1878 0.9331 0.3369 -0.1823 0.9237 0.2699 -0.1547 0.9504 0.1451 -0.054 0.9879 0.0101 -0.0101 0.9999 0 0 1 0 0 1 0 0 1 0 0 1 0 0 1 0 0 1 0 0 1 0 0 1 0 0 1 -0.0742 -0.0008 0.9972 -0.1935 -0.0174 0.9809 -0.2053 -0.0257 0.9784 -0.1696 -0.0288 0.9851 -0.1365 -0.0342 0.99 -0.112 -0.0418 0.9928 -0.1003 -0.0513 0.9936 -0.1028 -0.0626 0.9927 -0.1184 -0.0755 0.9901 -0.1436 -0.0897 0.9856 -0.1728 -0.1049 0.9794 -0.2002 -0.1209 0.9723 -0.2201 -0.1377 0.9657 -0.2281 -0.1553 0.9612 -0.2215 -0.1737 0.9596 -0.1992 -0.1927 0.9608 -0.1625 -0.2117 0.9637 -0.1142 -0.2301 0.9664 -0.0599 -0.2469 0.9672 -0.006 -0.2612 0.9653 0.0405 -0.2727 0.9612 0.0742 -0.2813 0.9567 0.0916 -0.2871 0.9535 0.0915 -0.2901 0.9526 0.075 -0.2901 0.9541 0.0451 -0.2865 0.957 0.0069 -0.2788 0.9603 -0.0334 -0.2667 0.9632 -0.0689 -0.2505 0.9657 -0.0937 -0.2304 0.9686 -0.1034 -0.207 0.9729 -0.0956 -0.1807 0.9789 -0.0702 -0.1517 0.9859 -0.0296 -0.1204 0.9923 0.0213 -0.0873 0.996 0.0756 -0.0534 0.9957 0.1258 -0.0199 0.9919 0.1652 0.0122 0.9862 0.1892 0.0421 0.981 0.1956 0.0692 0.9782 0.1842 0.0933 0.9784 0.157 0.1141 0.981 0.1178 0.1311 0.9843 0.0722 0.1436 0.987 0.027 0.1515 0.9881 -0.0114 0.1546 0.9879 -0.0375 0.1533 0.9875 -0.0482 0.1479 0.9878 -0.0425 0.1387 0.9894 -0.0221 0.1263 0.9917 -0.0142 0.1187 0.9928 -0.0033 -0.0214 0.9998 -0.0089 -0.0287 0.9995 0.0063 -0.0594 0.9982 0.0366 -0.0901 0.9953 0.0812 -0.1192 0.9895 0.1365 -0.145 0.98 0.1965 -0.1661 0.9663 0.254 -0.1818 0.95 0.3022 -0.1921 0.9337 0.3361 -0.1976 0.9209 0.3346 -0.1802 0.925 0.2087 -0.1342 0.9687 0.0696 -0.0395 0.9968 0 0 1 0 0 1 0 0 1 0 0 1 0 0 1 0 0 1 0 0 1 0 0 1 0 0 1 -0.0984 -0.0245 0.9948 -0.2161 -0.0651 0.9742 -0.2056 -0.0738 0.9759 -0.1724 -0.0755 0.9821 -0.1417 -0.0795 0.9867 -0.1194 -0.0856 0.9892 -0.1095 -0.0935 0.9896 -0.1137 -0.103 0.9882 -0.1307 -0.1138 0.9849 -0.1569 -0.1256 0.9796 -0.1869 -0.1381 0.9726 -0.2147 -0.1512 0.9649 -0.2349 -0.1647 0.958 -0.2431 -0.1788 0.9534 -0.2367 -0.1934 0.9522 -0.2145 -0.2083 0.9542 -0.1776 -0.2232 0.9585 -0.1288 -0.2371 0.9629 -0.0732 -0.2492 0.9657 -0.0173 -0.2588 0.9658 0.0318 -0.2654 0.9636 0.0687 -0.2691 0.9607 0.0895 -0.27 0.9587 0.0931 -0.2682 0.9589 0.0803 -0.2636 0.9613 0.0542 -0.2558 0.9652 0.0197 -0.2443 0.9695 -0.0171 -0.229 0.9733 -0.0493 -0.2101 0.9764 -0.071 -0.188 0.9796 -0.0777 -0.1631 0.9836 -0.0671 -0.1358 0.9885 -0.0394 -0.1065 0.9935 0.0029 -0.0757 0.9971 0.0544 -0.0441 0.9975 0.1082 -0.0125 0.9941 0.1567 0.0179 0.9875 0.1937 0.0464 0.98 0.2149 0.0725 0.974 0.2182 0.0959 0.9712 0.2037 0.1166 0.9721 0.1731 0.1342 0.9757 0.1302 0.1482 0.9803 0.0806 0.1581 0.9841 0.0312 0.1636 0.986 -0.0115 0.1647 0.9863 -0.0417 0.1617 0.986 -0.0562 0.155 0.9863 -0.054 0.1452 0.9879 -0.0366 0.1324 0.9905 -0.03 0.1223 0.992 -0.0333 0.0512 0.9981 -0.0392 0.0433 0.9983 -0.0265 0.0116 0.9996 0.0028 -0.0236 0.9997 0.0483 -0.0607 0.997 0.1063 -0.0975 0.9895 0.1706 -0.1317 0.9765 0.2331 -0.1614 0.959 0.2864 -0.1857 0.94 0.3247 -0.2045 0.9234 0.3447 -0.2184 0.913 0.282 -0.1984 0.9387 0.1569 -0.1115 0.9813 0.0343 -0.0343 0.9988 0 0 1 0 0 1 0 0 1 0 0 1 0 0 1 0 0 1 0 0 1 -0.017 -0.0085 0.9998 -0.1716 -0.0986 0.9802 -0.2296 -0.1439 0.9626 -0.2032 -0.1417 0.9688 -0.1726 -0.1418 0.9747 -0.1443 -0.1439 0.979 -0.1241 -0.1476 0.9812 -0.1161 -0.1528 0.9814 -0.1216 -0.159 0.9798 -0.1396 -0.1659 0.9762 -0.1664 -0.1732 0.9707 -0.1967 -0.1806 0.9637 -0.2246 -0.1881 0.9561 -0.2448 -0.1956 0.9496 -0.253 -0.2034 0.9458 -0.2465 -0.2115 0.9458 -0.2243 -0.2198 0.9494 -0.187 -0.2277 0.9556 -0.1373 -0.2347 0.9623 -0.0802 -0.2398 0.9675 -0.0223 -0.2425 0.9699 0.0295 -0.2426 0.9697 0.0693 -0.2402 0.9682 0.0933 -0.2355 0.9674 0.1 -0.2288 0.9683 0.0903 -0.2199 0.9713 0.0672 -0.2086 0.9757 0.0355 -0.1946 0.9802 0.0014 -0.1778 0.9841 -0.0283 -0.1584 0.987 -0.0477 -0.1368 0.9895 -0.0522 -0.1133 0.9922 -0.0398 -0.0883 0.9953 -0.0106 -0.0622 0.998 0.0324 -0.0354 0.9988 0.0837 -0.0085 0.9965 0.1363 0.0176 0.9905 0.1829 0.0423 0.9822 0.2175 0.0651 0.9739 0.2361 0.0858 0.9679 0.2368 0.1042 0.9659 0.2196 0.1204 0.9681 0.186 0.1341 0.9734 0.1399 0.1447 0.9795 0.0866 0.1518 0.9846 0.0333 0.1552 0.9873 -0.0132 0.1547 0.9879 -0.047 0.1507 0.9875 -0.0648 0.1437 0.9875 -0.0655 0.1341 0.9888 -0.0506 0.1222 0.9912 -0.0446 0.1105 0.9929 -0.0597 0.112 0.9919 -0.0661 0.105 0.9923 -0.0592 0.0774 0.9952 -0.0346 0.043 0.9985 0.008 0.003 1 0.0657 -0.0408 0.997 0.1321 -0.0856 0.9875 0.1988 -0.1285 0.9716 0.2573 -0.1673 0.9517 0.3009 -0.2007 0.9323 0.3256 -0.2288 0.9174 0.3199 -0.242 0.916 0.2327 -0.2127 0.949 0.1181 -0.1245 0.9852 0.0364 -0.0364 0.9987 0 0 1 0 0 1 0 0 1 0 0 1 0 0 1 -0.0128 -0.0257 0.9996 -0.1273 -0.1456 0.9811 -0.2329 -0.2355 0.9435 -0.2208 -0.2299 0.9478 -0.1969 -0.2258 0.9541 -0.1688 -0.2233 0.96 -0.1428 -0.2221 0.9645 -0.1246 -0.2218 0.9671 -0.1179 -0.2223 0.9678 -0.1244 -0.2231 0.9668 -0.1428 -0.2239 0.9641 -0.1697 -0.2243 0.9596 -0.1999 -0.2243 0.9538 -0.2277 -0.2239 0.9476 -0.2477 -0.2232 0.9428 -0.2557 -0.2226 0.9408 -0.2491 -0.2221 0.9427 -0.2265 -0.2216 0.9485 -0.1887 -0.2209 0.9569 -0.1381 -0.2192 0.9659 -0.0796 -0.216 0.9731 -0.0198 -0.211 0.9773 0.0342 -0.204 0.9784 0.0762 -0.1955 0.9777 0.1024 -0.1858 0.9772 0.1112 -0.175 0.9783 0.1034 -0.1632 0.9811 0.0821 -0.1503 0.9852 0.052 -0.1359 0.9894 0.0195 -0.12 0.9926 -0.0088 -0.1029 0.9947 -0.0268 -0.0846 0.9961 -0.0302 -0.0655 0.9974 -0.0167 -0.0457 0.9988 0.013 -0.0256 0.9996 0.056 -0.0054 0.9984 0.1067 0.0144 0.9942 0.158 0.0333 0.9869 0.2029 0.0509 0.9779 0.2355 0.067 0.9696 0.2521 0.0815 0.9643 0.2509 0.0944 0.9634 0.2315 0.1056 0.9671 0.1955 0.115 0.9739 0.1466 0.1221 0.9816 0.0903 0.1264 0.9879 0.0338 0.1277 0.9912 -0.0159 0.1261 0.9919 -0.0527 0.1218 0.9912 -0.0731 0.1152 0.9906 -0.0761 0.1068 0.9914 -0.0629 0.0967 0.9933 -0.0568 0.0843 0.9948 -0.0785 0.1525 0.9852 -0.0856 0.1472 0.9854 -0.087 0.1275 0.988 -0.0703 0.0988 0.9926 -0.0344 0.0615 0.9975 0.0187 0.0165 0.9997 0.0837 -0.0338 0.9959 0.1521 -0.0865 0.9846 0.2145 -0.138 0.9669 0.2631 -0.1859 0.9467 0.2928 -0.2289 0.9284 0.3013 -0.2668 0.9155 0.272 -0.2841 0.9194 0.2084 -0.246 0.9466 0.1079 -0.1869 0.9764 0.0269 -0.1348 0.9905 0.0144 -0.0797 0.9967 0.001 -0.0633 0.998 -0.0119 -0.086 0.9962 -0.0482 -0.1553 0.9867 -0.1281 -0.2692 0.9545 -0.2158 -0.3413 0.9148 -0.2188 -0.3334 0.917 -0.2069 -0.3253 0.9227 -0.1851 -0.3181 0.9298 -0.1592 -0.3116 0.9368 -0.1352 -0.3053 0.9426 -0.1184 -0.2991 0.9468 -0.1127 -0.2927 0.9495 -0.1196 -0.2859 0.9508 -0.138 -0.2784 0.9505 -0.1647 -0.2701 0.9486 -0.1946 -0.2609 0.9456 -0.2222 -0.2509 0.9422 -0.2421 -0.2406 0.94 -0.25 -0.2302 0.9405 -0.2432 -0.2201 0.9447 -0.2203 -0.2101 0.9525 -0.1819 -0.2 0.9628 -0.1304 -0.1894 0.9732 -0.0708 -0.1779 0.9815 -0.0099 -0.1656 0.9861 0.0451 -0.1527 0.9872 0.0881 -0.1396 0.9863 0.115 -0.1267 0.9853 0.1244 -0.1141 0.9857 0.1171 -0.1018 0.9879 0.0962 -0.0896 0.9913 0.0666 -0.0774 0.9948 0.0345 -0.0651 0.9973 0.0066 -0.0526 0.9986 -0.011 -0.04 0.9991 -0.014 -0.0274 0.9995 -0.0003 -0.0147 0.9999 0.0294 -0.0022 0.9996 0.0721 0.0102 0.9973 0.1221 0.0221 0.9923 0.1724 0.0334 0.9845 0.2161 0.0437 0.9754 0.2474 0.053 0.9675 0.2627 0.0613 0.9629 0.2601 0.0686 0.9632 0.2391 0.0749 0.9681 0.2015 0.0799 0.9762 0.1505 0.0834 0.9851 0.0919 0.085 0.9921 0.0329 0.0846 0.9959 -0.0191 0.0821 0.9964 -0.0581 0.078 0.9953 -0.0803 0.0723 0.9941 -0.0847 0.0656 0.9942 -0.0727 0.058 0.9957 -0.0658 0.0457 0.9968 -0.0876 0.1676 0.982 -0.0958 0.1644 0.9817 -0.1067 0.154 0.9823 -0.0997 0.1339 0.986 -0.0734 0.1036 0.9919 -0.0286 0.0631 0.9976 0.0305 0.0134 0.9994 0.0963 -0.0431 0.9944 0.1596 -0.1029 0.9818 0.2114 -0.1625 0.9638 0.2455 -0.2192 0.9443 0.2585 -0.2715 0.9271 0.2495 -0.3187 0.9144 0.2144 -0.3558 0.9096 0.1461 -0.3583 0.9221 0.0975 -0.322 0.9417 0.0382 -0.3125 0.9491 -0.0231 -0.3315 0.9432 -0.0777 -0.3751 0.9237 -0.1306 -0.4247 0.8959 -0.1803 -0.446 0.8767 -0.1976 -0.4376 0.8772 -0.1991 -0.4283 0.8814 -0.1875 -0.4184 0.8887 -0.1668 -0.4077 0.8977 -0.1422 -0.3962 0.9071 -0.1194 -0.3835 0.9158 -0.1035 -0.3696 0.9234 -0.0982 -0.3547 0.9298 -0.1051 -0.3387 0.935 -0.1233 -0.3214 0.9389 -0.1497 -0.303 0.9412 -0.1796 -0.2835 0.942 -0.2072 -0.2632 0.9422 -0.2273 -0.2427 0.9431 -0.2355 -0.2225 0.9461 -0.2287 -0.2028 0.9521 -0.2057 -0.1838 0.9612 -0.167 -0.1652 0.972 -0.1152 -0.147 0.9824 -0.0554 -0.1292 0.9901 0.0054 -0.112 0.9937 0.06 -0.0958 0.9936 0.1022 -0.0809 0.9915 0.1283 -0.0677 0.9894 0.1368 -0.0561 0.989 0.1287 -0.046 0.9906 0.1071 -0.0372 0.9936 0.0768 -0.0294 0.9966 0.0442 -0.0224 0.9988 0.016 -0.0161 0.9997 -0.0019 -0.0102 0.9999 -0.005 -0.0048 1 0.0085 0.0004 1 0.0381 0.0054 0.9993 0.0805 0.0101 0.9967 0.13 0.0147 0.9914 0.1798 0.0188 0.9835 0.2228 0.0226 0.9746 0.2534 0.0258 0.967 0.2679 0.0286 0.963 0.2644 0.0308 0.9639 0.2426 0.0324 0.9696 0.2037 0.0333 0.9785 0.1514 0.0333 0.9879 0.0913 0.0323 0.9953 0.0308 0.0302 0.9991 -0.0226 0.0271 0.9994 -0.0627 0.0233 0.9978 -0.0858 0.0189 0.9961 -0.0909 0.0142 0.9958 -0.0793 0.0092 0.9968 -0.0713 -0.0023 0.9975 -0.0866 0.1556 0.984 -0.0967 0.1539 0.9833 -0.1172 0.1526 0.9813 -0.1205 0.1418 0.9825 -0.1049 0.1206 0.9871 -0.0708 0.0882 0.9936 -0.0214 0.0445 0.9988 0.0374 -0.0093 0.9993 0.097 -0.0708 0.9928 0.1486 -0.1365 0.9794 0.1847 -0.2027 0.9617 0.201 -0.2667 0.9426 0.1961 -0.3264 0.9247 0.1709 -0.3804 0.9089 0.1286 -0.427 0.8951 0.0741 -0.4649 0.8823 0.0136 -0.4932 0.8698 -0.0461 -0.5119 0.8578 -0.0988 -0.522 0.8472 -0.1399 -0.5252 0.8394 -0.1669 -0.5232 0.8357 -0.1789 -0.5175 0.8368 -0.177 -0.5089 0.8424 -0.1635 -0.4978 0.8518 -0.142 -0.4839 0.8635 -0.1172 -0.4672 0.8763 -0.0944 -0.4477 0.8892 -0.0784 -0.4257 0.9015 -0.0728 -0.4014 0.913 -0.0794 -0.3753 0.9235 -0.0974 -0.3476 0.9326 -0.1239 -0.3185 0.9398 -0.1541 -0.2884 0.945 -0.1825 -0.2579 0.9488 -0.2035 -0.2278 0.9522 -0.2125 -0.1987 0.9567 -0.2064 -0.1711 0.9634 -0.184 -0.1451 0.9722 -0.1458 -0.1207 0.9819 -0.0948 -0.0981 0.9906 -0.0363 -0.0775 0.9963 0.0228 -0.0591 0.998 0.0753 -0.0432 0.9962 0.1154 -0.0301 0.9929 0.1392 -0.0197 0.9901 0.1457 -0.0118 0.9893 0.1359 -0.0061 0.9907 0.1128 -0.0023 0.9936 0.0814 0 0.9967 0.0478 0.0011 0.9989 0.0188 0.0012 0.9998 0.0004 0.0006 1 -0.0031 -0.0004 1 0.0102 -0.0017 0.9999 0.0397 -0.0031 0.9992 0.0819 -0.0045 0.9966 0.1314 -0.0059 0.9913 0.181 -0.0073 0.9835 0.2237 -0.0088 0.9746 0.2541 -0.0103 0.9671 0.2682 -0.0121 0.9633 0.2643 -0.0142 0.9643 0.2419 -0.0166 0.9702 0.2025 -0.0195 0.9791 0.1495 -0.0227 0.9885 0.0888 -0.0262 0.9957 0.0277 -0.0298 0.9992 -0.0261 -0.0334 0.9991 -0.0664 -0.0369 0.9971 -0.0895 -0.0401 0.9952 -0.0945 -0.043 0.9946 -0.0827 -0.0454 0.9955 -0.0732 -0.0556 0.9958 -0.0773 0.1175 0.9901 -0.0899 0.1161 0.9892 -0.1193 0.1219 0.9853 -0.1324 0.1193 0.984 -0.1274 0.1071 0.9861 -0.1046 0.0842 0.991 -0.0664 0.0497 0.9966 -0.0179 0.0037 0.9998 0.0338 -0.0526 0.998 0.0806 -0.1169 0.9899 0.115 -0.1856 0.9759 0.1322 -0.2553 0.9578 0.1299 -0.3229 0.9375 0.1091 -0.3855 0.9162 0.073 -0.4408 0.8947 0.0269 -0.4868 0.8731 -0.0232 -0.5225 0.8523 -0.0712 -0.548 0.8334 -0.1119 -0.5644 0.8179 -0.1419 -0.5732 0.8071 -0.1592 -0.5758 0.8019 -0.1634 -0.5734 0.8028 -0.1553 -0.5665 0.8093 -0.1371 -0.5551 0.8204 -0.1121 -0.539 0.8348 -0.0847 -0.518 0.8512 -0.06 -0.4923 0.8683 -0.0425 -0.4625 0.8856 -0.0357 -0.4292 0.9025 -0.0416 -0.3932 0.9185 -0.0595 -0.3551 0.9329 -0.0867 -0.3156 0.9449 -0.1183 -0.2756 0.954 -0.1486 -0.2361 0.9603 -0.1716 -0.1981 0.965 -0.1826 -0.1626 0.9697 -0.1785 -0.13 0.9753 -0.1579 -0.1007 0.9823 -0.1217 -0.0747 0.9897 -0.0731 -0.0521 0.996 -0.0174 -0.0329 0.9993 0.0385 -0.0174 0.9991 0.0878 -0.0055 0.9961 0.1247 0.0029 0.9922 0.1457 0.0082 0.9893 0.1498 0.0108 0.9887 0.1379 0.0112 0.9904 0.1131 0.0096 0.9935 0.0802 0.0066 0.9968 0.0456 0.0024 0.999 0.0159 -0.0026 0.9999 -0.003 -0.008 1 -0.0068 -0.0137 0.9999 0.0064 -0.0194 0.9998 0.0359 -0.0251 0.999 0.0782 -0.0307 0.9965 0.1277 -0.036 0.9912 0.1774 -0.041 0.9833 0.2201 -0.0459 0.9744 0.2504 -0.0508 0.9668 0.2644 -0.0559 0.9628 0.2603 -0.0612 0.9636 0.2376 -0.0669 0.969 0.198 -0.0729 0.9775 0.1449 -0.079 0.9863 0.0843 -0.0847 0.9928 0.0235 -0.0897 0.9957 -0.0297 -0.0939 0.9951 -0.0693 -0.0972 0.9928 -0.0917 -0.0996 0.9908 -0.0958 -0.101 0.9903 -0.0831 -0.1013 0.9914 -0.0721 -0.1097 0.9914 -0.0628 0.0569 0.9964 -0.0786 0.0541 0.9954 -0.1152 0.0637 0.9913 -0.1367 0.0667 0.9884 -0.141 0.0618 0.9881 -0.1285 0.0479 0.9906 -0.1014 0.0237 0.9946 -0.0641 -0.0113 0.9979 -0.0227 -0.0571 0.9981 0.0158 -0.1125 0.9935 0.0447 -0.1751 0.9835 0.0591 -0.242 0.9685 0.0569 -0.3097 0.9491 0.0387 -0.3747 0.9263 0.0079 -0.4338 0.901 -0.0305 -0.4844 0.8743 -0.0707 -0.5252 0.8481 -0.1071 -0.556 0.8242 -0.1358 -0.5778 0.8048 -0.1538 -0.5918 0.7913 -0.1598 -0.5991 0.7846 -0.1538 -0.6004 0.7847 -0.1368 -0.5959 0.7913 -0.1108 -0.5853 0.8032 -0.0793 -0.5681 0.8191 -0.0465 -0.5442 0.8377 -0.0174 -0.5137 0.8578 0.0035 -0.4775 0.8786 0.0124 -0.4366 0.8996 0.0077 -0.3921 0.9199 -0.0104 -0.3452 0.9385 -0.0391 -0.2972 0.954 -0.0733 -0.2495 0.9656 -0.107 -0.2036 0.9732 -0.1338 -0.161 0.9778 -0.1486 -0.1228 0.9812 -0.1482 -0.0895 0.9849 -0.1314 -0.0612 0.9894 -0.099 -0.0379 0.9944 -0.0543 -0.0194 0.9983 -0.0027 -0.0056 1 0.0493 0.004 0.9988 0.0948 0.0096 0.9955 0.1284 0.0117 0.9917 0.1467 0.0111 0.9891 0.1485 0.0081 0.9889 0.1348 0.0033 0.9909 0.1085 -0.0029 0.9941 0.0745 -0.01 0.9972 0.0392 -0.0177 0.9991 0.0091 -0.0256 0.9996 -0.01 -0.0336 0.9994 -0.0137 -0.0415 0.999 -0.0005 -0.0493 0.9988 0.0291 -0.0568 0.998 0.0715 -0.0641 0.9954 0.1211 -0.0712 0.9901 0.1707 -0.0779 0.9822 0.2134 -0.0845 0.9733 0.2436 -0.0912 0.9656 0.2575 -0.0982 0.9613 0.2532 -0.1058 0.9616 0.2304 -0.1139 0.9664 0.1908 -0.1223 0.974 0.1381 -0.1306 0.9818 0.0781 -0.1381 0.9873 0.0183 -0.1444 0.9893 -0.0336 -0.1493 0.9882 -0.0718 -0.1526 0.9857 -0.0927 -0.1545 0.9836 -0.0953 -0.1549 0.9833 -0.0811 -0.1538 0.9848 -0.0685 -0.1601 0.9847 -0.0473 -0.0196 0.9987 -0.0666 -0.0255 0.9975 -0.1082 -0.0163 0.994 -0.1357 -0.0113 0.9907 -0.1472 -0.0116 0.989 -0.1429 -0.0184 0.9896 -0.125 -0.0328 0.9916 -0.0977 -0.0557 0.9937 -0.0665 -0.0875 0.9939 -0.0375 -0.1282 0.991 -0.0165 -0.1767 0.9841 -0.0077 -0.2314 0.9728 -0.013 -0.2896 0.9571 -0.0314 -0.3482 0.9369 -0.0596 -0.4041 0.9128 -0.0928 -0.4542 0.8861 -0.1252 -0.4966 0.8589 -0.1521 -0.5309 0.8337 -0.1699 -0.5571 0.8129 -0.1763 -0.5761 0.7982 -0.1705 -0.5883 0.7904 -0.1527 -0.5941 0.7898 -0.1243 -0.5929 0.7956 -0.0876 -0.5843 0.8068 -0.0464 -0.5675 0.8221 -0.0052 -0.5423 0.8402 0.0307 -0.5091 0.8601 0.0565 -0.4691 0.8813 0.0687 -0.4236 0.9032 0.0653 -0.3742 0.925 0.0467 -0.3225 0.9454 0.0157 -0.2701 0.9627 -0.0226 -0.219 0.9755 -0.0613 -0.1712 0.9833 -0.0938 -0.1283 0.9873 -0.1145 -0.0917 0.9892 -0.1198 -0.0617 0.9909 -0.1084 -0.0382 0.9934 -0.0813 -0.0209 0.9965 -0.0416 -0.0092 0.9991 0.0054 -0.0026 1 0.0532 -0.0003 0.9986 0.0952 -0.0016 0.9955 0.1261 -0.0057 0.992 0.1422 -0.0118 0.9898 0.1424 -0.0194 0.9896 0.1275 -0.028 0.9914 0.1004 -0.037 0.9943 0.0661 -0.0462 0.9967 0.0307 -0.0551 0.998 0.0007 -0.0636 0.998 -0.018 -0.0716 0.9973 -0.0216 -0.0792 0.9966 -0.0081 -0.0866 0.9962 0.0215 -0.0937 0.9954 0.0638 -0.1006 0.9929 0.1133 -0.1074 0.9877 0.1627 -0.1141 0.9801 0.2052 -0.1209 0.9712 0.2351 -0.1281 0.9635 0.2487 -0.136 0.959 0.2442 -0.1448 0.9589 0.2213 -0.1544 0.9629 0.1818 -0.1644 0.9695 0.1295 -0.1742 0.9761 0.0705 -0.1831 0.9806 0.0122 -0.1904 0.9816 -0.038 -0.1958 0.9799 -0.0742 -0.1993 0.9771 -0.0931 -0.201 0.9752 -0.0937 -0.2009 0.9751 -0.0774 -0.1989 0.977 -0.0633 -0.203 0.9771 -0.0353 -0.1031 0.994 -0.0579 -0.1129 0.9919 -0.1018 -0.1079 0.9889 -0.1325 -0.1045 0.9857 -0.1481 -0.1035 0.9835 -0.1489 -0.1057 0.9832 -0.1373 -0.112 0.9842 -0.1172 -0.123 0.9855 -0.0939 -0.1397 0.9857 -0.0732 -0.1624 0.984 -0.06 -0.1912 0.9797 -0.0581 -0.226 0.9724 -0.0686 -0.2655 0.9617 -0.0904 -0.3081 0.947 -0.1199 -0.3516 0.9285 -0.152 -0.3935 0.9067 -0.181 -0.4319 0.8836 -0.2024 -0.4656 0.8615 -0.2124 -0.4942 0.843 -0.2093 -0.5173 0.8298 -0.1924 -0.5347 0.8228 -0.1622 -0.5458 0.8221 -0.1205 -0.5495 0.8267 -0.0706 -0.5448 0.8356 -0.0169 -0.5307 0.8474 0.0349 -0.5073 0.8611 0.0793 -0.4752 0.8763 0.1111 -0.436 0.893 0.1268 -0.3915 0.9114 0.1247 -0.3435 0.9308 0.1052 -0.2936 0.9501 0.0713 -0.2436 0.9673 0.0283 -0.1955 0.9803 -0.0167 -0.1514 0.9883 -0.0562 -0.1131 0.992 -0.0841 -0.0818 0.9931 -0.0965 -0.058 0.9936 -0.0917 -0.0413 0.9949 -0.0705 -0.0312 0.997 -0.0362 -0.0268 0.999 0.0062 -0.0273 0.9996 0.0503 -0.0315 0.9982 0.0896 -0.0384 0.9952 0.1185 -0.0471 0.9918 0.1334 -0.0569 0.9894 0.1329 -0.0671 0.9889 0.1178 -0.0772 0.99 0.091 -0.0869 0.9921 0.0572 -0.0957 0.9938 0.0225 -0.1035 0.9944 -0.0068 -0.1102 0.9939 -0.0249 -0.1161 0.9929 -0.028 -0.1215 0.9922 -0.0144 -0.1265 0.9919 0.0151 -0.1316 0.9912 0.0571 -0.1366 0.989 0.106 -0.1417 0.9842 0.1549 -0.1471 0.9769 0.1967 -0.1529 0.9685 0.2261 -0.1596 0.9609 0.2392 -0.1675 0.9564 0.2342 -0.1766 0.956 0.2111 -0.1868 0.9594 0.1717 -0.1976 0.9651 0.12 -0.2083 0.9707 0.062 -0.2178 0.974 0.0053 -0.2256 0.9742 -0.0429 -0.2313 0.9719 -0.0768 -0.2349 0.969 -0.0933 -0.2366 0.9671 -0.0915 -0.2363 0.9674 -0.0729 -0.2338 0.9695 -0.0572 -0.2357 0.9701 -0.0302 -0.1838 0.9825 -0.0556 -0.1971 0.9788 -0.0991 -0.1983 0.9751 -0.1299 -0.1988 0.9714 -0.1462 -0.1989 0.9691 -0.1485 -0.1989 0.9687 -0.1394 -0.1991 0.97 -0.1227 -0.2001 0.9721 -0.1039 -0.2022 0.9738 -0.0883 -0.2064 0.9745 -0.0807 -0.2134 0.9736 -0.0846 -0.2239 0.9709 -0.1009 -0.2383 0.9659 -0.128 -0.2566 0.958 -0.1622 -0.2781 0.9468 -0.1978 -0.3021 0.9325 -0.2289 -0.3274 0.9167 -0.2502 -0.3531 0.9015 -0.2579 -0.3783 0.889 -0.2495 -0.4022 0.8809 -0.2244 -0.4234 0.8777 -0.1831 -0.4404 0.8789 -0.1281 -0.4512 0.8832 -0.0638 -0.454 0.8887 0.0038 -0.4475 0.8943 0.0676 -0.4317 0.8995 0.121 -0.4077 0.9051 0.1587 -0.3773 0.9124 0.1775 -0.3423 0.9227 0.1764 -0.3046 0.936 0.156 -0.2655 0.9514 0.1195 -0.2264 0.9667 0.0722 -0.1888 0.9794 0.0214 -0.1545 0.9878 -0.025 -0.1251 0.9918 -0.0603 -0.102 0.993 -0.0798 -0.0856 0.9931 -0.0816 -0.0758 0.9938 -0.0664 -0.072 0.9952 -0.0372 -0.0733 0.9966 0.0012 -0.0785 0.9969 0.0424 -0.0866 0.9953 0.0797 -0.0964 0.9922 0.1076 -0.1069 0.9884 0.1222 -0.1175 0.9855 0.1221 -0.1275 0.9843 0.1079 -0.1367 0.9847 0.0823 -0.1447 0.9861 0.0498 -0.1511 0.9873 0.0165 -0.1559 0.9876 -0.0115 -0.1594 0.9872 -0.0287 -0.1618 0.9864 -0.0314 -0.1637 0.986 -0.0178 -0.1655 0.986 0.0113 -0.1675 0.9858 0.0526 -0.1697 0.9841 0.1005 -0.1724 0.9799 0.1483 -0.1757 0.9732 0.1892 -0.1798 0.9653 0.2176 -0.1853 0.9583 0.2299 -0.1923 0.954 0.2243 -0.2009 0.9536 0.2008 -0.2109 0.9566 0.1614 -0.2217 0.9617 0.1101 -0.2323 0.9664 0.0532 -0.2419 0.9688 -0.0018 -0.2496 0.9684 -0.0479 -0.2551 0.9657 -0.0796 -0.2586 0.9627 -0.0935 -0.2601 0.961 -0.0891 -0.2596 0.9616 -0.0679 -0.2569 0.964 -0.0507 -0.2565 0.9652 -0.0335 -0.2532 0.9668 -0.0606 -0.2686 0.9613 -0.1016 -0.2755 0.9559 -0.1298 -0.28 0.9512 -0.1437 -0.2819 0.9486 -0.144 -0.281 0.9488 -0.1334 -0.2772 0.9515 -0.1161 -0.2702 0.9558 -0.0973 -0.2602 0.9606 -0.0827 -0.2476 0.9653 -0.0771 -0.2335 0.9693 -0.084 -0.2191 0.9721 -0.1045 -0.2057 0.973 -0.137 -0.1946 0.9713 -0.1774 -0.1871 0.9662 -0.2194 -0.184 0.9581 -0.2567 -0.1859 0.9484 -0.2832 -0.1931 0.9394 -0.2942 -0.2053 0.9334 -0.2869 -0.2217 0.9319 -0.2596 -0.2412 0.9351 -0.2124 -0.2619 0.9414 -0.148 -0.2812 0.9482 -0.0716 -0.2964 0.9524 0.0087 -0.3055 0.9522 0.0837 -0.3074 0.9479 0.1454 -0.3026 0.942 0.1885 -0.2922 0.9376 0.2102 -0.2779 0.9373 0.2102 -0.2609 0.9422 0.1898 -0.2421 0.9515 0.152 -0.2223 0.9631 0.1022 -0.2023 0.974 0.0477 -0.1833 0.9819 -0.0037 -0.1667 0.986 -0.0445 -0.1535 0.9871 -0.0697 -0.1448 0.987 -0.077 -0.1406 0.9871 -0.0666 -0.1408 0.9878 -0.0415 -0.1447 0.9886 -0.0064 -0.1512 0.9885 0.0325 -0.1594 0.9867 0.0686 -0.1682 0.9834 0.0962 -0.177 0.9795 0.1115 -0.1852 0.9764 0.1125 -0.1924 0.9748 0.0999 -0.1984 0.975 0.0762 -0.2029 0.9762 0.0458 -0.2056 0.9776 0.0142 -0.2065 0.9783 -0.0124 -0.2061 0.9785 -0.0287 -0.2047 0.9784 -0.0311 -0.2029 0.9787 -0.0177 -0.2012 0.9794 0.0107 -0.1999 0.9798 0.0508 -0.1992 0.9786 0.0974 -0.1991 0.9751 0.1437 -0.2 0.9692 0.1833 -0.2021 0.9621 0.2105 -0.2058 0.9557 0.2218 -0.2113 0.9519 0.2153 -0.2187 0.9517 0.1913 -0.2277 0.9548 0.1517 -0.2375 0.9595 0.1008 -0.2473 0.9637 0.0449 -0.2559 0.9657 -0.0087 -0.2628 0.9648 -0.0528 -0.2677 0.9621 -0.0822 -0.2705 0.9592 -0.0937 -0.2715 0.9579 -0.0867 -0.2707 0.9588 -0.0627 -0.2676 0.9615 -0.0441 -0.2649 0.9633 -0.0445 -0.3053 0.9512 -0.072 -0.3205 0.9445 -0.109 -0.3312 0.9373 -0.1327 -0.3381 0.9317 -0.1418 -0.341 0.9293 -0.1373 -0.3394 0.9306 -0.1219 -0.3323 0.9353 -0.0999 -0.3191 0.9424 -0.0768 -0.2992 0.9511 -0.0586 -0.2728 0.9603 -0.0505 -0.2404 0.9694 -0.0566 -0.2032 0.9775 -0.0782 -0.1631 0.9835 -0.1142 -0.1222 0.9859 -0.1599 -0.0833 0.9836 -0.2089 -0.0492 0.9767 -0.2537 -0.0222 0.967 -0.2877 -0.0038 0.9577 -0.306 0.0052 0.952 -0.3051 0.0049 0.9523 -0.2831 -0.0042 0.9591 -0.2392 -0.0215 0.9707 -0.1752 -0.0455 0.9835 -0.0958 -0.0742 0.9926 -0.0096 -0.1046 0.9945 0.0727 -0.1339 0.9883 0.1412 -0.1598 0.977 0.1897 -0.1814 0.965 0.2151 -0.1985 0.9562 0.2175 -0.2117 0.9528 0.1986 -0.2214 0.9548 0.1618 -0.2277 0.9602 0.1124 -0.2309 0.9665 0.0575 -0.2316 0.9711 0.0051 -0.2305 0.9731 -0.0376 -0.2287 0.9728 -0.0652 -0.2274 0.9716 -0.0753 -0.2275 0.9709 -0.0679 -0.2292 0.971 -0.0455 -0.2324 0.9715 -0.0127 -0.2367 0.9715 0.0247 -0.2412 0.9702 0.06 -0.2457 0.9675 0.0878 -0.2496 0.9644 0.1039 -0.2527 0.9619 0.1065 -0.255 0.961 0.0959 -0.2563 0.9618 0.0743 -0.2562 0.9638 0.0459 -0.2547 0.9659 0.0161 -0.2516 0.9677 -0.0093 -0.2474 0.9689 -0.0249 -0.2425 0.9698 -0.0272 -0.2375 0.971 -0.0143 -0.2327 0.9724 0.0131 -0.2286 0.9734 0.0518 -0.2252 0.9729 0.0968 -0.2226 0.9701 0.1415 -0.2211 0.9649 0.1794 -0.2209 0.9587 0.2052 -0.2225 0.9531 0.2153 -0.226 0.95 0.208 -0.2316 0.9503 0.1834 -0.2387 0.9536 0.1437 -0.2467 0.9584 0.093 -0.2546 0.9626 0.0379 -0.2615 0.9645 -0.0144 -0.2667 0.9637 -0.0568 -0.27 0.9612 -0.0841 -0.2716 0.9587 -0.0934 -0.2716 0.9579 -0.0839 -0.2699 0.9592 -0.0573 -0.2662 0.9622 -0.0373 -0.2612 0.9646 -0.0611 -0.3361 0.9398 -0.0874 -0.3487 0.9331 -0.1196 -0.3605 0.9251 -0.1376 -0.3678 0.9197 -0.1404 -0.3701 0.9183 -0.1289 -0.3667 0.9214 -0.106 -0.3562 0.9284 -0.0761 -0.3374 0.9383 -0.045 -0.3092 0.9499 -0.0191 -0.2714 0.9623 -0.0043 -0.224 0.9746 -0.0054 -0.1681 0.9857 -0.0246 -0.1057 0.9941 -0.061 -0.0396 0.9973 -0.1103 0.026 0.9936 -0.1652 0.0868 0.9824 -0.2173 0.1387 0.9662 -0.2593 0.1792 0.949 -0.2862 0.2073 0.9355 -0.2948 0.2233 0.9291 -0.2835 0.2274 0.9316 -0.2515 0.2193 0.9427 -0.1995 0.1988 0.9595 -0.1305 0.1657 0.9775 -0.0508 0.1209 0.9914 0.0299 0.0674 0.9973 0.1011 0.0095 0.9948 0.1542 -0.0484 0.9868 0.1848 -0.103 0.9774 0.1918 -0.1526 0.9695 0.1769 -0.196 0.9645 0.1439 -0.2328 0.9618 0.0984 -0.2625 0.9599 0.0476 -0.285 0.9573 -0.001 -0.3009 0.9536 -0.0405 -0.3114 0.9494 -0.0661 -0.3178 0.9459 -0.0752 -0.3216 0.9439 -0.0679 -0.3237 0.9437 -0.0462 -0.3248 0.9447 -0.0144 -0.3248 0.9457 0.0221 -0.3237 0.9459 0.0571 -0.3217 0.9451 0.0851 -0.3189 0.944 0.102 -0.3155 0.9434 0.106 -0.3117 0.9443 0.0969 -0.3074 0.9466 0.0771 -0.3025 0.95 0.0503 -0.2968 0.9536 0.0219 -0.2901 0.9567 -0.0026 -0.2827 0.9592 -0.0179 -0.275 0.9613 -0.0203 -0.2675 0.9633 -0.0081 -0.2605 0.9654 0.0181 -0.2542 0.967 0.0553 -0.2487 0.967 0.0985 -0.244 0.9648 0.1415 -0.2403 0.9603 0.1778 -0.2379 0.9549 0.2022 -0.2371 0.9502 0.2112 -0.2383 0.9479 0.2031 -0.2414 0.9489 0.178 -0.2459 0.9528 0.1381 -0.2512 0.958 0.0877 -0.2564 0.9626 0.0333 -0.2605 0.9649 -0.018 -0.2632 0.9646 -0.059 -0.2642 0.9627 -0.0846 -0.2637 0.9609 -0.0919 -0.2619 0.9607 -0.0803 -0.2587 0.9626 -0.0513 -0.2539 0.9659 -0.03 -0.2466 0.9687 -0.0803 -0.343 0.9359 -0.1041 -0.3508 0.9306 -0.1309 -0.3612 0.9233 -0.1426 -0.3666 0.9194 -0.1382 -0.3664 0.9202 -0.1184 -0.3595 0.9256 -0.086 -0.3445 0.9348 -0.0458 -0.3198 0.9464 -0.0039 -0.2841 0.9588 0.0325 -0.2368 0.971 0.0567 -0.1783 0.9823 0.0632 -0.1096 0.992 0.0491 -0.0327 0.9983 0.0145 0.0489 0.9987 -0.0363 0.1305 0.9908 -0.096 0.2065 0.9737 -0.1555 0.2719 0.9497 -0.2065 0.3239 0.9233 -0.2435 0.3618 0.8999 -0.2636 0.3865 0.8838 -0.2655 0.3989 0.8777 -0.2493 0.3989 0.8824 -0.2154 0.3859 0.897 -0.1656 0.3582 0.9188 -0.1037 0.3143 0.9437 -0.036 0.2538 0.9666 0.0288 0.1793 0.9834 0.082 0.0953 0.9921 0.1166 0.0079 0.9931 0.1294 -0.0772 0.9886 0.121 -0.1555 0.9804 0.0951 -0.2242 0.9699 0.0576 -0.2814 0.9579 0.0156 -0.3264 0.9451 -0.0239 -0.3597 0.9328 -0.055 -0.3829 0.9221 -0.0735 -0.3979 0.9145 -0.0773 -0.4064 0.9104 -0.0665 -0.41 0.9096 -0.043 -0.4098 0.9112 -0.0103 -0.4062 0.9137 0.0263 -0.3999 0.9162 0.0614 -0.3915 0.9181 0.0896 -0.382 0.9198 0.1071 -0.3719 0.9221 0.1118 -0.3619 0.9255 0.1037 -0.3521 0.9302 0.0849 -0.3425 0.9357 0.059 -0.3329 0.9411 0.0312 -0.323 0.9459 0.0071 -0.3131 0.9497 -0.0083 -0.3034 0.9528 -0.0113 -0.2942 0.9557 -0.0001 -0.2858 0.9583 0.0249 -0.2781 0.9602 0.0607 -0.2711 0.9606 0.1023 -0.2648 0.9589 0.1436 -0.2592 0.9551 0.1784 -0.2547 0.9504 0.2017 -0.2515 0.9466 0.2098 -0.25 0.9452 0.2011 -0.2502 0.9471 0.1757 -0.2515 0.9518 0.1358 -0.2534 0.9578 0.0858 -0.255 0.9631 0.0319 -0.2556 0.9663 -0.0184 -0.2547 0.9668 -0.0584 -0.2525 0.9658 -0.0827 -0.249 0.965 -0.0885 -0.2446 0.9656 -0.0751 -0.2393 0.968 -0.0442 -0.2327 0.9715 -0.0217 -0.2231 0.9746 -0.0988 -0.324 0.9409 -0.1189 -0.325 0.9382 -0.1403 -0.3315 0.933 -0.1455 -0.3328 0.9317 -0.1331 -0.328 0.9352 -0.1041 -0.3161 0.943 -0.0611 -0.2954 0.9534 -0.0093 -0.2643 0.9644 0.0443 -0.2219 0.9741 0.0917 -0.1681 0.9815 0.1254 -0.1038 0.9867 0.1395 -0.0304 0.9898 0.1308 0.0501 0.9901 0.0992 0.1346 0.9859 0.0481 0.2187 0.9746 -0.0155 0.2969 0.9548 -0.0822 0.3644 0.9276 -0.1431 0.4183 0.897 -0.1917 0.4581 0.868 -0.2247 0.4851 0.8451 -0.2409 0.5005 0.8316 -0.2406 0.5051 0.8289 -0.225 0.4984 0.8373 -0.1957 0.4787 0.8559 -0.1554 0.4438 0.8826 -0.1079 0.391 0.914 -0.0589 0.3191 0.9459 -0.015 0.2294 0.9732 0.0172 0.1263 0.9918 0.033 0.0169 0.9993 0.0314 -0.0906 0.9954 0.015 -0.1888 0.9819 -0.0109 -0.2727 0.962 -0.0398 -0.3401 0.9395 -0.0656 -0.3915 0.9179 -0.0835 -0.4285 0.8997 -0.0903 -0.4537 0.8866 -0.0847 -0.4693 0.879 -0.0666 -0.4771 0.8763 -0.038 -0.4783 0.8774 -0.0022 -0.4739 0.8806 0.0363 -0.4649 0.8846 0.0724 -0.4524 0.8889 0.1011 -0.4378 0.8934 0.1189 -0.4224 0.8986 0.124 -0.4071 0.9049 0.1162 -0.3925 0.9124 0.0976 -0.3787 0.9204 0.0717 -0.3656 0.928 0.0437 -0.3531 0.9346 0.0191 -0.3411 0.9398 0.003 -0.3299 0.944 -0.0009 -0.3196 0.9476 0.0092 -0.3103 0.9506 0.0329 -0.3018 0.9528 0.0673 -0.2938 0.9535 0.1074 -0.2863 0.9521 0.1474 -0.2792 0.9488 0.1812 -0.2727 0.9449 0.2036 -0.2672 0.9419 0.2112 -0.263 0.9414 0.2024 -0.2599 0.9442 0.1771 -0.2576 0.9499 0.1375 -0.2556 0.9569 0.088 -0.253 0.9635 0.0348 -0.2493 0.9678 -0.0148 -0.2442 0.9696 -0.054 -0.2378 0.9698 -0.0774 -0.2306 0.97 -0.0821 -0.2227 0.9714 -0.0675 -0.2144 0.9744 -0.0354 -0.2053 0.9781 -0.0117 -0.1935 0.981 -0.1133 -0.2778 0.9539 -0.1289 -0.2704 0.9541 -0.1449 -0.2709 0.9517 -0.1434 -0.266 0.9533 -0.1231 -0.255 0.9591 -0.0845 -0.2367 0.9679 -0.0309 -0.2098 0.9772 0.0321 -0.1734 0.9843 0.0961 -0.1273 0.9872 0.1522 -0.0724 0.9857 0.1927 -0.0099 0.9812 0.212 0.0586 0.9755 0.2074 0.1316 0.9694 0.1786 0.2073 0.9618 0.1283 0.2825 0.9507 0.0627 0.3531 0.9335 -0.0099 0.4151 0.9097 -0.0801 0.4654 0.8815 -0.1404 0.5033 0.8526 -0.1865 0.5297 0.8275 -0.2166 0.5458 0.8094 -0.2312 0.5527 0.8007 -0.2318 0.5503 0.8022 -0.2204 0.5375 0.814 -0.1996 0.5122 0.8354 -0.1726 0.4715 0.8648 -0.1433 0.4126 0.8996 -0.1159 0.3337 0.9355 -0.0949 0.2352 0.9673 -0.0835 0.1212 0.9891 -0.0829 -0.0001 0.9966 -0.0914 -0.1186 0.9887 -0.105 -0.2253 0.9686 -0.1187 -0.3146 0.9418 -0.128 -0.3853 0.9139 -0.1294 -0.4385 0.8893 -0.121 -0.4769 0.8706 -0.1021 -0.5029 0.8583 -0.0731 -0.5185 0.852 -0.036 -0.525 0.8504 0.006 -0.5236 0.852 0.0487 -0.5155 0.8555 0.0873 -0.5023 0.8603 0.1175 -0.4857 0.8662 0.1361 -0.4675 0.8735 0.1414 -0.449 0.8823 0.1336 -0.4311 0.8924 0.1146 -0.4142 0.9029 0.088 -0.3984 0.913 0.059 -0.3836 0.9216 0.0332 -0.3698 0.9285 0.0158 -0.3573 0.9338 0.0105 -0.3461 0.9381 0.0193 -0.3361 0.9416 0.0416 -0.327 0.9441 0.0747 -0.3184 0.945 0.1137 -0.31 0.9439 0.1528 -0.3016 0.9411 0.1858 -0.2933 0.9378 0.208 -0.2855 0.9355 0.2156 -0.2785 0.9359 0.2071 -0.2721 0.9397 0.1825 -0.2661 0.9465 0.1437 -0.2599 0.9549 0.095 -0.2528 0.9628 0.0426 -0.2443 0.9688 -0.0064 -0.2344 0.9721 -0.045 -0.2234 0.9737 -0.0678 -0.2116 0.975 -0.072 -0.1996 0.9772 -0.0568 -0.1875 0.9806 -0.0241 -0.1753 0.9842 0.0005 -0.1615 0.9869 -0.121 -0.2051 0.9712 -0.1314 -0.1886 0.9732 -0.1421 -0.1815 0.9731 -0.1344 -0.1694 0.9763 -0.1066 -0.1516 0.9827 -0.0594 -0.1274 0.9901 0.0033 -0.0963 0.9953 0.0746 -0.0583 0.9955 0.1454 -0.0143 0.9893 0.2062 0.0346 0.9779 0.2497 0.0871 0.9644 0.2713 0.1424 0.9519 0.2691 0.2002 0.9421 0.2429 0.2598 0.9346 0.1947 0.3197 0.9273 0.1291 0.3773 0.917 0.0533 0.4294 0.9016 -0.024 0.4731 0.8807 -0.0945 0.5072 0.8567 -0.1525 0.5317 0.8331 -0.1954 0.5477 0.8135 -0.2231 0.5561 0.8006 -0.2372 0.5571 0.7959 -0.2401 0.5499 0.8 -0.235 0.533 0.8128 -0.2249 0.504 0.8339 -0.2133 0.4602 0.8618 -0.2033 0.3988 0.8942 -0.1976 0.3179 0.9273 -0.1974 0.218 0.9558 -0.2023 0.1033 0.9739 -0.2096 -0.0184 0.9776 -0.2159 -0.1369 0.9668 -0.2174 -0.2437 0.9452 -0.2112 -0.3338 0.9187 -0.1956 -0.4062 0.8926 -0.1702 -0.4618 0.8705 -0.1351 -0.5026 0.8539 -0.0918 -0.5304 0.8428 -0.0427 -0.5464 0.8364 0.0088 -0.5522 0.8337 0.0584 -0.5492 0.8337 0.1018 -0.5392 0.836 0.135 -0.5244 0.8407 0.1554 -0.5068 0.848 0.1616 -0.488 0.8577 0.1539 -0.4693 0.8695 0.1345 -0.4512 0.8822 0.1071 -0.4339 0.8946 0.0768 -0.4176 0.9054 0.0493 -0.4024 0.9141 0.03 -0.3886 0.9209 0.0229 -0.3764 0.9262 0.03 -0.3656 0.9303 0.0509 -0.3558 0.9332 0.0827 -0.3464 0.9344 0.1208 -0.337 0.9337 0.1593 -0.3272 0.9314 0.1921 -0.3172 0.9287 0.2145 -0.3073 0.9271 0.2228 -0.2976 0.9284 0.2152 -0.2881 0.9331 0.1918 -0.2784 0.9411 0.1544 -0.2681 0.9509 0.107 -0.2565 0.9606 0.0556 -0.2432 0.9684 0.0074 -0.2283 0.9736 -0.0307 -0.2122 0.9767 -0.0534 -0.1956 0.9792 -0.0574 -0.1789 0.9822 -0.0423 -0.1626 0.9858 -0.0097 -0.1467 0.9891 0.0154 -0.1314 0.9912 -0.1197 -0.1113 0.9866 -0.1247 -0.0869 0.9884 -0.1309 -0.0723 0.9888 -0.1179 -0.0537 0.9916 -0.0841 -0.0309 0.996 -0.0308 -0.0038 0.9995 0.0374 0.0271 0.9989 0.1129 0.061 0.9917 0.1859 0.0967 0.9778 0.2475 0.1334 0.9596 0.2912 0.1707 0.9413 0.3134 0.2089 0.9263 0.3127 0.2485 0.9168 0.289 0.2898 0.9124 0.2436 0.3322 0.9112 0.1796 0.3744 0.9097 0.1029 0.4139 0.9045 0.0212 0.4486 0.8935 -0.0568 0.4768 0.8772 -0.1244 0.4982 0.8581 -0.1778 0.5134 0.8395 -0.2163 0.5231 0.8244 -0.2412 0.5272 0.8148 -0.2551 0.5255 0.8116 -0.2615 0.5165 0.8154 -0.2639 0.4984 0.8258 -0.2657 0.4691 0.8423 -0.2696 0.426 0.8636 -0.2776 0.367 0.8878 -0.2898 0.2907 0.9119 -0.3044 0.1978 0.9318 -0.3179 0.0918 0.9437 -0.3258 -0.0208 0.9452 -0.3238 -0.1324 0.9368 -0.3093 -0.2358 0.9213 -0.2814 -0.3267 0.9023 -0.2407 -0.4026 0.8832 -0.189 -0.4631 0.8659 -0.1291 -0.5084 0.8514 -0.0646 -0.5393 0.8396 -0.0001 -0.5571 0.8305 0.0597 -0.5635 0.824 0.1105 -0.5608 0.8205 0.1488 -0.5517 0.8207 0.1724 -0.5384 0.8248 0.1807 -0.523 0.833 0.1743 -0.5065 0.8445 0.1553 -0.4897 0.8579 0.1275 -0.473 0.8718 0.0961 -0.4565 0.8845 0.067 -0.4407 0.8951 0.0458 -0.426 0.9036 0.0367 -0.4126 0.9102 0.0419 -0.4006 0.9153 0.061 -0.3896 0.919 0.0915 -0.379 0.9209 0.1288 -0.3682 0.9208 0.1669 -0.3569 0.9191 0.1999 -0.3451 0.917 0.2229 -0.333 0.9162 0.2324 -0.3207 0.9182 0.2264 -0.3083 0.924 0.2048 -0.2953 0.9332 0.1694 -0.2813 0.9446 0.1238 -0.2655 0.9561 0.0739 -0.2477 0.966 0.0266 -0.228 0.9733 -0.0111 -0.207 0.9783 -0.0338 -0.1855 0.9821 -0.0382 -0.1641 0.9857 -0.0236 -0.1433 0.9894 0.008 -0.1235 0.9923 0.0335 -0.1071 0.9937 -0.1089 -0.0077 0.994 -0.1096 0.021 0.9938 -0.1124 0.0408 0.9928 -0.0958 0.0629 0.9934 -0.0588 0.0869 0.9945 -0.0029 0.1124 0.9937 0.0669 0.1383 0.9881 0.1425 0.1636 0.9762 0.2145 0.1874 0.9586 0.2746 0.2097 0.9384 0.3172 0.2309 0.9198 0.3393 0.2522 0.9063 0.3395 0.2745 0.8997 0.3179 0.2983 0.9 0.275 0.3236 0.9054 0.2132 0.3496 0.9123 0.1369 0.375 0.9168 0.0533 0.3982 0.9157 -0.0292 0.418 0.908 -0.1033 0.4342 0.8949 -0.1643 0.4471 0.8793 -0.2105 0.4572 0.8641 -0.2431 0.4645 0.8515 -0.2647 0.4684 0.8429 -0.2791 0.4678 0.8387 -0.2899 0.4608 0.8388 -0.3008 0.4458 0.8431 -0.3144 0.4205 0.8511 -0.3323 0.3831 0.8619 -0.3542 0.332 0.8743 -0.378 0.2665 0.8866 -0.3999 0.187 0.8973 -0.4152 0.096 0.9047 -0.4188 -0.0027 0.9081 -0.4068 -0.1044 0.9075 -0.377 -0.2039 0.9035 -0.3292 -0.2966 0.8965 -0.2653 -0.3784 0.8868 -0.1896 -0.4461 0.8746 -0.1081 -0.498 0.8604 -0.0273 -0.5338 0.8452 0.0462 -0.555 0.8306 0.1076 -0.5643 0.8185 0.1535 -0.5649 0.8108 0.1825 -0.5597 0.8084 0.1945 -0.5509 0.8116 0.1907 -0.54 0.8198 0.1735 -0.5275 0.8316 0.1467 -0.514 0.8452 0.1155 -0.4995 0.8586 0.0857 -0.4845 0.8706 0.063 -0.4696 0.8806 0.0521 -0.4553 0.8888 0.0553 -0.442 0.8953 0.0726 -0.4294 0.9002 0.1017 -0.4171 0.9032 0.138 -0.4045 0.9041 0.1758 -0.3912 0.9034 0.2092 -0.3772 0.9022 0.2332 -0.3627 0.9023 0.2441 -0.348 0.9052 0.2402 -0.3329 0.9119 0.221 -0.3171 0.9223 0.1881 -0.2998 0.9353 0.1449 -0.2806 0.9488 0.0969 -0.259 0.961 0.0509 -0.2352 0.9706 0.0137 -0.2098 0.9777 -0.0091 -0.1837 0.9829 -0.0142 -0.1578 0.9874 -0.0007 -0.1328 0.9911 0.0292 -0.1091 0.9936 0.0548 -0.0922 0.9942 -0.0906 0.0896 0.9918 -0.0887 0.1179 0.9891 -0.09 0.1393 0.9862 -0.0723 0.161 0.9843 -0.0348 0.1826 0.9826 0.0206 0.203 0.979 0.0887 0.2213 0.9712 0.1619 0.2364 0.9581 0.2312 0.2483 0.9407 0.2891 0.2573 0.9221 0.3302 0.2646 0.906 0.3518 0.2715 0.8958 0.3525 0.2789 0.8933 0.3321 0.2875 0.8984 0.2908 0.2973 0.9094 0.2305 0.3079 0.9231 0.1551 0.3186 0.9351 0.071 0.3287 0.9418 -0.0134 0.3377 0.9411 -0.0905 0.3462 0.9338 -0.1551 0.3546 0.9221 -0.2053 0.3635 0.9087 -0.242 0.373 0.8957 -0.2679 0.3822 0.8844 -0.2868 0.39 0.875 -0.3029 0.3946 0.8675 -0.3197 0.394 0.8617 -0.3398 0.3863 0.8575 -0.3644 0.3695 0.8548 -0.3931 0.3421 0.8535 -0.4236 0.3031 0.8536 -0.4526 0.252 0.8554 -0.4755 0.189 0.8591 -0.488 0.1151 0.8652 -0.4855 0.0316 0.8737 -0.4642 -0.0592 0.8838 -0.4214 -0.1544 0.8936 -0.3566 -0.2494 0.9004 -0.2728 -0.3382 0.9007 -0.1769 -0.415 0.8925 -0.0789 -0.4752 0.8763 0.0116 -0.5179 0.8554 0.0872 -0.545 0.8339 0.144 -0.5601 0.8158 0.1809 -0.5669 0.8037 0.1987 -0.5682 0.7985 0.1993 -0.5659 0.8001 0.1856 -0.5607 0.807 0.1616 -0.5529 0.8174 0.1322 -0.5428 0.8294 0.1034 -0.5306 0.8413 0.0806 -0.517 0.8522 0.0687 -0.5029 0.8616 0.0704 -0.4887 0.8696 0.0861 -0.4747 0.8759 0.1137 -0.4605 0.8804 0.149 -0.4457 0.8827 0.1864 -0.43 0.8834 0.2201 -0.4135 0.8835 0.2451 -0.3964 0.8847 0.2578 -0.3792 0.8887 0.2561 -0.3616 0.8965 0.2397 -0.3433 0.9081 0.2097 -0.3235 0.9227 0.1694 -0.3016 0.9383 0.1238 -0.2771 0.9528 0.0794 -0.2501 0.965 0.0429 -0.2212 0.9743 0.02 -0.1915 0.9813 0.0141 -0.1618 0.9867 0.026 -0.1331 0.9908 0.0538 -0.106 0.9929 0.079 -0.089 0.9929 -0.0686 0.1663 0.9837 -0.0663 0.1898 0.9796 -0.0678 0.2099 0.9754 -0.0511 0.2286 0.9722 -0.0154 0.2454 0.9693 0.0375 0.2596 0.965 0.1025 0.27 0.9574 0.1722 0.2761 0.9456 0.2385 0.278 0.9305 0.2939 0.2765 0.9149 0.3335 0.273 0.9024 0.3542 0.2685 0.8958 0.3546 0.2642 0.8969 0.3342 0.2603 0.9058 0.2932 0.257 0.9209 0.2333 0.2539 0.9387 0.1582 0.2508 0.955 0.0745 0.2478 0.9659 -0.0096 0.2454 0.9694 -0.0864 0.2446 0.9658 -0.1509 0.2465 0.9573 -0.2009 0.2521 0.9466 -0.2377 0.2614 0.9355 -0.2643 0.2739 0.9247 -0.2846 0.2886 0.9142 -0.303 0.3036 0.9033 -0.3232 0.3168 0.8918 -0.3477 0.3258 0.8792 -0.3773 0.3285 0.8659 -0.4112 0.323 0.8524 -0.4469 0.3079 0.8399 -0.4811 0.2826 0.8299 -0.5099 0.2468 0.824 -0.5298 0.2003 0.8241 -0.5369 0.143 0.8314 -0.5277 0.0745 0.8462 -0.4981 -0.0053 0.8671 -0.4449 -0.0951 0.8905 -0.3667 -0.1915 0.9104 -0.2675 -0.2872 0.9198 -0.1573 -0.3737 0.9141 -0.0497 -0.444 0.8947 0.0432 -0.496 0.8672 0.1145 -0.5319 0.839 0.1625 -0.5556 0.8154 0.1887 -0.5708 0.7991 0.1959 -0.58 0.7907 0.1877 -0.5845 0.7894 0.1686 -0.5848 0.7935 0.1434 -0.5811 0.8011 0.1176 -0.5738 0.8105 0.0967 -0.5636 0.8204 0.0853 -0.5513 0.83 0.0865 -0.5376 0.8388 0.1011 -0.5229 0.8464 0.1275 -0.5073 0.8523 0.1618 -0.4905 0.8563 0.1988 -0.4724 0.8586 0.2328 -0.4533 0.8604 0.2588 -0.4336 0.8631 0.2732 -0.4137 0.8685 0.2739 -0.3937 0.8775 0.2603 -0.3732 0.8905 0.2335 -0.3515 0.9066 0.1963 -0.3278 0.9241 0.1535 -0.3014 0.9411 0.111 -0.2724 0.9558 0.0755 -0.2412 0.9675 0.0525 -0.2089 0.9765 0.0457 -0.1765 0.9832 0.0558 -0.145 0.9879 0.0811 -0.1151 0.99 0.1056 -0.0986 0.9895 -0.0467 0.2134 0.9758 -0.0455 0.2301 0.9721 -0.0488 0.247 0.9678 -0.0344 0.2616 0.9646 -0.0016 0.2734 0.9619 0.0479 0.2817 0.9583 0.1093 0.2856 0.9521 0.1756 0.2847 0.9424 0.2388 0.2793 0.93 0.2919 0.2703 0.9175 0.3296 0.259 0.9079 0.3489 0.2464 0.9042 0.3482 0.2334 0.9079 0.3267 0.2201 0.9191 0.2847 0.2065 0.9361 0.224 0.1925 0.9554 0.1487 0.1781 0.9727 0.0658 0.164 0.9843 -0.0166 0.1514 0.9883 -0.0907 0.1419 0.9857 -0.1518 0.1368 0.9789 -0.1983 0.1373 0.9705 -0.2316 0.1439 0.9621 -0.2553 0.1564 0.9541 -0.2736 0.1742 0.9459 -0.2914 0.1959 0.9363 -0.3125 0.2195 0.9242 -0.3397 0.2427 0.9087 -0.3733 0.2626 0.8898 -0.412 0.2767 0.8682 -0.4527 0.2831 0.8455 -0.4916 0.2806 0.8244 -0.5253 0.2687 0.8074 -0.5505 0.2471 0.7974 -0.5648 0.2156 0.7966 -0.5654 0.1732 0.8065 -0.5492 0.1185 0.8273 -0.5123 0.0498 0.8574 -0.451 -0.0337 0.8919 -0.3637 -0.1296 0.9224 -0.2554 -0.2309 0.9389 -0.1385 -0.327 0.9348 -0.0295 -0.4087 0.9122 0.059 -0.4722 0.8795 0.122 -0.5192 0.8459 0.16 -0.5533 0.8175 0.1766 -0.5776 0.797 0.1765 -0.5943 0.7846 0.1646 -0.6046 0.7793 0.1455 -0.6096 0.7793 0.1239 -0.6108 0.782 0.1058 -0.6092 0.7859 0.0975 -0.6036 0.7913 0.1018 -0.5924 0.7992 0.1179 -0.576 0.8089 0.1437 -0.5568 0.8181 0.1767 -0.5371 0.8248 0.2131 -0.5167 0.8292 0.2474 -0.4953 0.8328 0.2744 -0.4731 0.8372 0.2903 -0.4506 0.8442 0.2932 -0.4283 0.8547 0.2824 -0.4059 0.8692 0.2587 -0.3828 0.8869 0.2248 -0.3579 0.9063 0.1848 -0.3305 0.9255 0.1445 -0.3006 0.9428 0.1101 -0.2684 0.957 0.0872 -0.2348 0.9681 0.0794 -0.2009 0.9764 0.0877 -0.1678 0.9819 0.1104 -0.1362 0.9845 0.1339 -0.1205 0.9836 -0.0271 0.2286 0.9731 -0.0282 0.2379 0.9709 -0.034 0.2511 0.9674 -0.0226 0.2616 0.9649 0.0069 0.2691 0.9631 0.0529 0.2727 0.9606 0.1108 0.2719 0.9559 0.1738 0.2663 0.9481 0.2342 0.2563 0.9378 0.2849 0.2426 0.9273 0.3206 0.2265 0.9197 0.338 0.2088 0.9177 0.3354 0.1901 0.9227 0.3119 0.1705 0.9347 0.268 0.15 0.9517 0.2058 0.1284 0.9701 0.13 0.1062 0.9858 0.0479 0.0845 0.9953 -0.0318 0.0648 0.9974 -0.1018 0.0488 0.9936 -0.1576 0.0379 0.9868 -0.1984 0.0331 0.9796 -0.226 0.0352 0.9735 -0.2441 0.0444 0.9687 -0.2576 0.0609 0.9643 -0.2717 0.084 0.9587 -0.2909 0.1124 0.9501 -0.3183 0.1443 0.9369 -0.3545 0.1767 0.9182 -0.3975 0.2067 0.894 -0.4435 0.2314 0.8659 -0.4879 0.2487 0.8367 -0.5266 0.2576 0.8101 -0.5568 0.2576 0.7897 -0.5764 0.2485 0.7785 -0.5838 0.2299 0.7787 -0.5773 0.2004 0.7916 -0.5542 0.158 0.8173 -0.5111 0.0997 0.8537 -0.4444 0.0233 0.8955 -0.3532 -0.0705 0.9329 -0.2434 -0.1753 0.9539 -0.1288 -0.2799 0.9513 -0.026 -0.3732 0.9274 0.0536 -0.4493 0.8918 0.107 -0.5083 0.8545 0.1369 -0.5527 0.8221 0.1481 -0.5852 0.7972 0.1441 -0.6099 0.7792 0.1262 -0.6336 0.7633 0.1014 -0.6604 0.744 0.0863 -0.6846 0.7238 0.0917 -0.6956 0.7125 0.1135 -0.6877 0.7171 0.1421 -0.6617 0.7362 0.1707 -0.6253 0.7615 0.1988 -0.5902 0.7824 0.2303 -0.562 0.7944 0.2635 -0.5374 0.8011 0.2914 -0.5131 0.8073 0.309 -0.4886 0.816 0.3139 -0.4643 0.8282 0.3056 -0.4402 0.8443 0.2849 -0.4159 0.8636 0.254 -0.3903 0.885 0.2167 -0.3628 0.9063 0.1786 -0.3328 0.9259 0.1454 -0.3007 0.9426 0.1227 -0.2671 0.9558 0.114 -0.233 0.9658 0.1205 -0.1994 0.9725 0.1404 -0.1673 0.9759 0.1625 -0.1527 0.9748 -0.0112 0.2135 0.9769 -0.0148 0.2159 0.9763 -0.0234 0.2257 0.9739 -0.015 0.2329 0.9724 0.0113 0.2371 0.9714 0.054 0.2376 0.9699 0.1088 0.234 0.9661 0.1689 0.226 0.9594 0.2266 0.2138 0.9502 0.2748 0.1982 0.9408 0.3082 0.18 0.9341 0.3234 0.16 0.9326 0.3183 0.1386 0.9378 0.2923 0.1157 0.9493 0.246 0.0914 0.965 0.182 0.0657 0.9811 0.1056 0.0395 0.9936 0.0247 0.0138 0.9996 -0.0519 -0.0095 0.9986 -0.1173 -0.0291 0.9927 -0.1675 -0.0438 0.9849 -0.2019 -0.0527 0.978 -0.2227 -0.0552 0.9733 -0.2339 -0.0507 0.9709 -0.2408 -0.0387 0.9698 -0.2489 -0.0188 0.9684 -0.2634 0.0085 0.9646 -0.2882 0.0422 0.9566 -0.3244 0.0804 0.9425 -0.3701 0.1201 0.9212 -0.421 0.1581 0.8932 -0.4714 0.1913 0.8609 -0.5163 0.2176 0.8283 -0.552 0.236 0.7997 -0.5768 0.2461 0.7789 -0.5896 0.2476 0.7688 -0.5899 0.2398 0.7711 -0.5763 0.2211 0.7868 -0.547 0.189 0.8155 -0.4993 0.1398 0.855 -0.4309 0.0705 0.8997 -0.342 -0.0197 0.9395 -0.239 -0.1256 0.9629 -0.1348 -0.2363 0.9623 -0.0437 -0.3396 0.9395 0.0257 -0.4273 0.9037 0.0717 -0.4972 0.8647 0.0936 -0.5537 0.8274 0.0821 -0.6121 0.7865 0.0389 -0.6839 0.7285 0.0084 -0.7493 0.6621 0.0243 -0.7867 0.6168 0.0718 -0.7966 0.6002 0.1273 -0.7874 0.6031 0.1797 -0.7621 0.6221 0.2217 -0.7177 0.6601 0.2458 -0.6612 0.7088 0.2604 -0.6122 0.7466 0.2828 -0.5785 0.7651 0.3095 -0.5516 0.7746 0.3288 -0.5256 0.7846 0.3357 -0.4999 0.7984 0.3298 -0.4746 0.8161 0.3117 -0.4495 0.8372 0.2834 -0.4237 0.8603 0.2487 -0.3964 0.8838 0.2124 -0.3671 0.9056 0.1803 -0.3358 0.9245 0.1577 -0.3032 0.9398 0.1481 -0.27 0.9514 0.1527 -0.2371 0.9594 0.17 -0.2054 0.9638 0.1905 -0.192 0.9627 0.001 0.1728 0.985 -0.005 0.1696 0.9855 -0.0161 0.1766 0.9841 -0.0104 0.1815 0.9833 0.0131 0.1837 0.9829 0.053 0.1827 0.9817 0.1049 0.1782 0.9784 0.1622 0.1698 0.972 0.2174 0.1576 0.9633 0.2631 0.1423 0.9542 0.2941 0.1245 0.9476 0.3067 0.1046 0.946 0.299 0.0829 0.9507 0.2703 0.0594 0.961 0.2215 0.0341 0.9746 0.1557 0.0073 0.9878 0.0789 -0.0199 0.9967 -0.0006 -0.0462 0.9989 -0.0742 -0.0703 0.9948 -0.1351 -0.0909 0.9867 -0.18 -0.1071 0.9778 -0.2084 -0.1186 0.9708 -0.2227 -0.1246 0.9669 -0.2271 -0.1245 0.9659 -0.2267 -0.1176 0.9668 -0.2277 -0.1032 0.9682 -0.2357 -0.0809 0.9684 -0.2553 -0.0508 0.9655 -0.2884 -0.0137 0.9574 -0.3341 0.0283 0.9421 -0.3879 0.0726 0.9188 -0.4437 0.1157 0.8887 -0.4951 0.1548 0.8549 -0.5374 0.1878 0.8221 -0.5682 0.2136 0.7947 -0.5865 0.2318 0.7761 -0.5923 0.2418 0.7686 -0.5855 0.2428 0.7734 -0.5657 0.2328 0.7911 -0.5317 0.2089 0.8207 -0.4823 0.1674 0.8599 -0.4166 0.1046 0.9031 -0.3363 0.0192 0.9416 -0.2473 -0.0849 0.9652 -0.1591 -0.1979 0.9672 -0.0815 -0.3074 0.9481 -0.0249 -0.406 0.9135 -0.0158 -0.5069 0.8619 -0.0785 -0.6313 0.7715 -0.1329 -0.7381 0.6614 -0.0921 -0.7878 0.609 0.0058 -0.7846 0.62 0.0889 -0.7601 0.6437 0.1478 -0.7556 0.6381 0.2104 -0.7657 0.6078 0.2754 -0.7573 0.5922 0.318 -0.7168 0.6205 0.3197 -0.6617 0.6782 0.3134 -0.6171 0.7218 0.3293 -0.586 0.7404 0.3491 -0.5593 0.7519 0.3582 -0.5331 0.7665 0.3545 -0.5074 0.7854 0.3387 -0.482 0.808 0.3128 -0.4564 0.833 0.2802 -0.4297 0.8584 0.2455 -0.4014 0.8824 0.2142 -0.3715 0.9034 0.1913 -0.3404 0.9206 0.1807 -0.3088 0.9338 0.1834 -0.2774 0.9431 0.1981 -0.247 0.9485 0.2168 -0.2348 0.9476 0.0099 0.1137 0.9935 0.002 0.1068 0.9943 -0.011 0.1119 0.9937 -0.0075 0.1154 0.9933 0.0137 0.1169 0.9931 0.0511 0.1158 0.992 0.1005 0.1118 0.9886 0.1553 0.1045 0.9823 0.2079 0.0941 0.9736 0.2511 0.0808 0.9646 0.2796 0.0649 0.9579 0.2896 0.0469 0.956 0.2793 0.0267 0.9598 0.248 0.0043 0.9688 0.1969 -0.0199 0.9802 0.1296 -0.0455 0.9905 0.0526 -0.0714 0.9961 -0.0256 -0.0962 0.995 -0.0964 -0.1188 0.9882 -0.1534 -0.1383 0.9784 -0.1936 -0.1544 0.9689 -0.2169 -0.1666 0.9619 -0.2256 -0.1745 0.9585 -0.2238 -0.1776 0.9583 -0.2169 -0.1751 0.9604 -0.2109 -0.1659 0.9633 -0.2118 -0.1496 0.9658 -0.2248 -0.1256 0.9663 -0.2526 -0.0941 0.963 -0.2952 -0.0558 0.9538 -0.3491 -0.0124 0.937 -0.4079 0.0335 0.9124 -0.4647 0.0788 0.8819 -0.5136 0.1209 0.8495 -0.5509 0.1579 0.8195 -0.5753 0.1888 0.7959 -0.5868 0.213 0.7812 -0.5858 0.2296 0.7772 -0.573 0.2373 0.7845 -0.5484 0.234 0.8028 -0.5123 0.2165 0.8311 -0.4649 0.1812 0.8666 -0.4069 0.1246 0.9049 -0.3405 0.0455 0.9391 -0.2693 -0.0533 0.9616 -0.1998 -0.1642 0.966 -0.1599 -0.2879 0.9442 -0.2154 -0.4502 0.8666 -0.3074 -0.6124 0.7283 -0.2465 -0.6894 0.6811 -0.0035 -0.6222 0.7828 0.194 -0.4018 0.895 0.1567 -0.2941 0.9429 0.0612 -0.3999 0.9145 0.1009 -0.5948 0.7975 0.2455 -0.7135 0.6563 0.3654 -0.7213 0.5883 0.3987 -0.6823 0.6127 0.3647 -0.6437 0.6728 0.3532 -0.6132 0.7066 0.3694 -0.5869 0.7205 0.3807 -0.5614 0.7348 0.3793 -0.5363 0.754 0.3657 -0.5116 0.7775 0.342 -0.4868 0.8038 0.3111 -0.4612 0.831 0.2776 -0.4343 0.8569 0.2467 -0.4059 0.88 0.2234 -0.3766 0.8991 0.2113 -0.3468 0.9138 0.212 -0.3173 0.9243 0.2241 -0.2887 0.9308 0.2408 -0.2773 0.9301 0.0163 0.0459 0.9988 0.0071 0.0375 0.9993 -0.0071 0.0414 0.9991 -0.0051 0.0443 0.999 0.0143 0.0458 0.9988 0.0496 0.0454 0.9977 0.0966 0.0427 0.9944 0.149 0.0374 0.9881 0.1991 0.0294 0.9795 0.2399 0.0188 0.9706 0.2659 0.0058 0.964 0.2734 -0.0097 0.9618 0.2606 -0.0274 0.9651 0.2269 -0.0475 0.9728 0.1738 -0.0694 0.9823 0.1053 -0.0925 0.9901 0.0283 -0.1156 0.9929 -0.0485 -0.1374 0.9893 -0.1168 -0.1572 0.9806 -0.1705 -0.1743 0.9698 -0.2069 -0.1886 0.96 -0.2261 -0.2001 0.9533 -0.2302 -0.2084 0.9506 -0.2234 -0.213 0.9512 -0.2109 -0.2131 0.954 -0.1987 -0.2078 0.9578 -0.1932 -0.1966 0.9613 -0.1996 -0.1787 0.9634 -0.2214 -0.154 0.9629 -0.2592 -0.1225 0.958 -0.3104 -0.0848 0.9468 -0.3694 -0.0425 0.9283 -0.429 0.0021 0.9033 -0.4828 0.0465 0.8745 -0.526 0.0887 0.8458 -0.5565 0.1272 0.8211 -0.5737 0.1609 0.8031 -0.5784 0.1889 0.7936 -0.5715 0.21 0.7933 -0.554 0.2226 0.8022 -0.5273 0.2241 0.8196 -0.4925 0.2116 0.8442 -0.4513 0.1819 0.8736 -0.405 0.132 0.9047 -0.3546 0.0612 0.933 -0.3082 -0.0317 0.9508 -0.3231 -0.1647 0.9319 -0.4481 -0.3498 0.8227 -0.4656 -0.4832 0.7414 -0.1153 -0.4302 0.8953 0.3931 -0.0336 0.9189 0.3797 0.1726 0.9089 0.1093 0.1498 0.9827 -0.1774 -0.0026 0.9841 -0.2647 -0.2649 0.9272 -0.0169 -0.5865 0.8098 0.3168 -0.7015 0.6384 0.4581 -0.6704 0.5837 0.4299 -0.6451 0.6316 0.3831 -0.6276 0.6778 0.3894 -0.6055 0.6941 0.4024 -0.5821 0.7065 0.4035 -0.5589 0.7245 0.3921 -0.536 0.7476 0.3705 -0.5129 0.7744 0.3413 -0.4891 0.8027 0.3088 -0.464 0.8303 0.278 -0.4375 0.8552 0.2538 -0.41 0.8761 0.2402 -0.382 0.8924 0.2385 -0.3544 0.9042 0.248 -0.3276 0.9117 0.2627 -0.3167 0.9114 0.0207 -0.0203 0.9996 0.0108 -0.0282 0.9995 -0.0039 -0.0251 0.9997 -0.0029 -0.0225 0.9997 0.0151 -0.0208 0.9997 0.0487 -0.0205 0.9986 0.0936 -0.022 0.9954 0.1436 -0.0255 0.9893 0.1913 -0.0312 0.981 0.2298 -0.0391 0.9725 0.2534 -0.0495 0.9661 0.2587 -0.0623 0.9639 0.2437 -0.0775 0.9668 0.208 -0.0948 0.9735 0.1533 -0.1139 0.9816 0.084 -0.1338 0.9874 0.0072 -0.1533 0.9882 -0.0683 -0.1714 0.9828 -0.1344 -0.1874 0.973 -0.1854 -0.2011 0.9619 -0.2188 -0.2127 0.9523 -0.2346 -0.2222 0.9464 -0.2352 -0.2294 0.9445 -0.2245 -0.2339 0.946 -0.2075 -0.2349 0.9496 -0.1904 -0.2317 0.954 -0.1795 -0.2238 0.958 -0.1803 -0.2107 0.9608 -0.1966 -0.1919 0.9615 -0.2293 -0.1674 0.9588 -0.2765 -0.1372 0.9511 -0.3334 -0.102 0.9372 -0.3933 -0.0632 0.9172 -0.4494 -0.0224 0.8931 -0.4965 0.0186 0.8679 -0.5317 0.0583 0.8449 -0.554 0.0957 0.827 -0.5638 0.1298 0.8156 -0.5622 0.1594 0.8115 -0.5506 0.1831 0.8144 -0.5309 0.1989 0.8238 -0.5051 0.2041 0.8386 -0.4755 0.1961 0.8576 -0.4437 0.1721 0.8795 -0.4108 0.1302 0.9024 -0.3925 0.0637 0.9175 -0.4692 -0.0512 0.8816 -0.6058 -0.1944 0.7715 -0.4903 -0.2593 0.8321 0.2438 -0.0585 0.9681 0.539 0.1124 0.8348 0.3318 0.0503 0.942 -0.0034 -0.0876 0.9962 -0.2872 -0.1624 0.944 -0.4744 -0.2358 0.8481 -0.3649 -0.4528 0.8135 0.153 -0.6741 0.7226 0.4815 -0.6423 0.5963 0.489 -0.6205 0.6131 0.4146 -0.6249 0.6615 0.4085 -0.6123 0.6769 0.423 -0.5927 0.6854 0.4265 -0.5726 0.7001 0.4174 -0.5528 0.7212 0.3978 -0.5327 0.747 0.3703 -0.5116 0.7753 0.3388 -0.489 0.8038 0.3081 -0.4648 0.8301 0.2831 -0.4392 0.8526 0.2676 -0.4131 0.8705 0.2635 -0.3871 0.8836 0.2701 -0.3618 0.8923 0.283 -0.3508 0.8926 0.0237 -0.076 0.9968 0.0135 -0.0822 0.9965 -0.0013 -0.08 0.9968 -0.0008 -0.0779 0.997 0.0161 -0.0765 0.9969 0.0481 -0.0761 0.9959 0.0912 -0.077 0.9929 0.1391 -0.0795 0.9871 0.1845 -0.0837 0.9793 0.2208 -0.09 0.9712 0.2424 -0.0984 0.9652 0.2457 -0.1091 0.9632 0.2288 -0.122 0.9658 0.1916 -0.1369 0.9719 0.1357 -0.153 0.9789 0.066 -0.1695 0.9833 -0.0103 -0.1851 0.9827 -0.0844 -0.199 0.9764 -0.1486 -0.2108 0.9662 -0.1972 -0.2206 0.9552 -0.2281 -0.2287 0.9464 -0.2414 -0.2353 0.9415 -0.2392 -0.2402 0.9408 -0.2254 -0.2432 0.9434 -0.205 -0.2435 0.948 -0.1842 -0.2407 0.953 -0.1693 -0.2342 0.9573 -0.1658 -0.2239 0.9604 -0.1777 -0.2094 0.9615 -0.2062 -0.1907 0.9597 -0.2498 -0.1675 0.9537 -0.3039 -0.1401 0.9424 -0.3623 -0.1091 0.9257 -0.4184 -0.0755 0.9051 -0.467 -0.0406 0.8833 -0.5047 -0.0051 0.8633 -0.5303 0.03 0.8473 -0.5438 0.0641 0.8367 -0.5463 0.0964 0.832 -0.5393 0.1258 0.8327 -0.525 0.1504 0.8377 -0.5058 0.1682 0.8461 -0.4844 0.1767 0.8568 -0.4629 0.1734 0.8693 -0.4427 0.156 0.883 -0.4471 0.1176 0.8867 -0.5581 0.0438 0.8286 -0.672 -0.032 0.7399 -0.438 -0.0539 0.8973 0.3729 -0.0149 0.9278 0.5014 -0.068 0.8625 0.1871 -0.2117 0.9593 -0.1047 -0.3208 0.9413 -0.3164 -0.3695 0.8737 -0.5216 -0.3773 0.7652 -0.5252 -0.4578 0.7173 -0.0155 -0.6438 0.765 0.4967 -0.5914 0.6352 0.5299 -0.574 0.6243 0.4381 -0.6044 0.6654 0.4253 -0.6043 0.6737 0.4419 -0.5902 0.6756 0.4478 -0.5748 0.6849 0.441 -0.5594 0.7019 0.4234 -0.5435 0.7248 0.3977 -0.5263 0.7515 0.3674 -0.5073 0.7795 0.337 -0.4861 0.8063 0.3112 -0.4631 0.8299 0.294 -0.4388 0.8491 0.2875 -0.4143 0.8636 0.2913 -0.3902 0.8734 0.3026 -0.3787 0.8746 0.0255 -0.1158 0.9929 0.0151 -0.1198 0.9927 0.0005 -0.1187 0.9929 0.0006 -0.1177 0.993 0.0166 -0.1174 0.993 0.0473 -0.1178 0.9919 0.0886 -0.1193 0.9889 0.1346 -0.122 0.9834 0.1781 -0.126 0.9759 0.2125 -0.1317 0.9682 0.2324 -0.1391 0.9626 0.2341 -0.1486 0.9608 0.2159 -0.1599 0.9632 0.1776 -0.1727 0.9688 0.1212 -0.1862 0.975 0.0517 -0.1994 0.9786 -0.0238 -0.2112 0.9771 -0.0965 -0.2209 0.9705 -0.1588 -0.2284 0.9605 -0.2054 -0.234 0.9503 -0.2342 -0.2381 0.9426 -0.2454 -0.2411 0.939 -0.2411 -0.2429 0.9396 -0.2249 -0.2432 0.9435 -0.202 -0.2415 0.9491 -0.1785 -0.2374 0.9549 -0.1607 -0.2308 0.9596 -0.1543 -0.2214 0.9629 -0.1633 -0.2094 0.9641 -0.189 -0.1945 0.9625 -0.2299 -0.1768 0.957 -0.2818 -0.1561 0.9467 -0.3385 -0.1329 0.9315 -0.3937 -0.1076 0.9129 -0.4421 -0.0808 0.8933 -0.4803 -0.053 0.8755 -0.5069 -0.0245 0.8616 -0.522 0.0046 0.8529 -0.5266 0.034 0.8494 -0.5224 0.0631 0.8504 -0.5115 0.0907 0.8545 -0.4969 0.1152 0.8601 -0.4813 0.1346 0.8662 -0.4669 0.1464 0.8721 -0.4557 0.1483 0.8777 -0.4718 0.1368 0.871 -0.5882 0.1107 0.8011 -0.6868 0.093 0.7209 -0.4588 0.064 0.8863 0.2682 -0.1167 0.9563 0.3869 -0.2813 0.8782 0.0875 -0.384 0.9192 -0.1808 -0.4323 0.8834 -0.3624 -0.4724 0.8034 -0.5412 -0.4889 0.6842 -0.5565 -0.521 0.6472 -0.0445 -0.6066 0.7937 0.5371 -0.4887 0.6875 0.5459 -0.5049 0.6687 0.4449 -0.5661 0.694 0.4382 -0.5779 0.6885 0.4587 -0.571 0.6809 0.4671 -0.5621 0.6825 0.4624 -0.5528 0.6933 0.4467 -0.5426 0.7113 0.4229 -0.5308 0.7345 0.394 -0.5165 0.7603 0.3642 -0.4995 0.786 0.3382 -0.4798 0.8096 0.3197 -0.458 0.8295 0.311 -0.4352 0.8449 0.3122 -0.4122 0.8559 0.3223 -0.3999 0.858 0.0261 -0.1373 0.9902 0.0153 -0.1392 0.9902 0.0007 -0.1398 0.9902 0.0004 -0.1407 0.9901 0.0156 -0.1422 0.9897 0.0451 -0.1445 0.9885 0.085 -0.1477 0.9854 0.1294 -0.1518 0.9799 0.1713 -0.1569 0.9727 0.2042 -0.1631 0.9653 0.2228 -0.1707 0.9598 0.2235 -0.1797 0.958 0.2045 -0.1901 0.9602 0.1658 -0.2014 0.9654 0.1095 -0.2128 0.9709 0.0407 -0.2231 0.974 -0.0335 -0.2314 0.9723 -0.1045 -0.2371 0.9658 -0.1649 -0.2404 0.9566 -0.2097 -0.2417 0.9474 -0.2367 -0.2417 0.941 -0.2461 -0.2407 0.9389 -0.2399 -0.2387 0.941 -0.2219 -0.2356 0.9462 -0.1971 -0.2309 0.9528 -0.1716 -0.2244 0.9593 -0.152 -0.2161 0.9645 -0.144 -0.2063 0.9678 -0.1515 -0.1949 0.9691 -0.1759 -0.1822 0.9674 -0.2156 -0.168 0.9619 -0.2664 -0.1525 0.9517 -0.3222 -0.1358 0.9369 -0.3765 -0.118 0.9189 -0.4241 -0.0994 0.9001 -0.4617 -0.08 0.8834 -0.4879 -0.0599 0.8708 -0.5028 -0.0387 0.8636 -0.5074 -0.0161 0.8616 -0.5036 0.0079 0.8639 -0.4939 0.033 0.8689 -0.4814 0.0584 0.8745 -0.4691 0.0824 0.8793 -0.4594 0.1033 0.8822 -0.454 0.1187 0.8831 -0.4714 0.1291 0.8724 -0.5743 0.144 0.8059 -0.6778 0.1716 0.7149 -0.5573 0.1559 0.8156 -0.0319 -0.1342 0.9904 0.2123 -0.432 0.8765 0.0263 -0.547 0.8367 -0.222 -0.5714 0.7901 -0.4092 -0.5825 0.7023 -0.5472 -0.5745 0.6087 -0.503 -0.5568 0.661 0.1238 -0.4588 0.8799 0.5792 -0.3113 0.7534 0.5188 -0.4143 0.7478 0.4321 -0.5045 0.7475 0.4457 -0.5265 0.724 0.4723 -0.5295 0.7047 0.4836 -0.5299 0.6967 0.4809 -0.529 0.6992 0.4672 -0.5265 0.7104 0.445 -0.5217 0.7279 0.4177 -0.5138 0.7494 0.389 -0.5024 0.7722 0.3633 -0.4873 0.7941 0.3443 -0.4691 0.8133 0.3342 -0.4486 0.8289 0.3334 -0.427 0.8406 0.3426 -0.4139 0.8434 0.0251 -0.1407 0.9897 0.0137 -0.141 0.9899 -0.0011 -0.1438 0.9896 -0.0021 -0.1471 0.9891 0.0123 -0.1513 0.9884 0.0407 -0.1564 0.9869 0.0793 -0.1623 0.9836 0.1224 -0.1688 0.978 0.1632 -0.1759 0.9708 0.1952 -0.1836 0.9634 0.213 -0.1922 0.9579 0.2133 -0.2017 0.9559 0.1942 -0.2119 0.9578 0.1557 -0.2223 0.9625 0.1003 -0.2319 0.9675 0.0327 -0.2399 0.9703 -0.0397 -0.2451 0.9687 -0.1087 -0.2473 0.9628 -0.1671 -0.2468 0.9546 -0.21 -0.2441 0.9467 -0.2352 -0.24 0.9418 -0.2429 -0.2349 0.9412 -0.2352 -0.2288 0.9446 -0.2156 -0.2217 0.951 -0.1893 -0.2133 0.9585 -0.1626 -0.2036 0.9655 -0.142 -0.1928 0.9709 -0.1333 -0.1812 0.9744 -0.1405 -0.1693 0.9755 -0.1649 -0.1571 0.9737 -0.2049 -0.145 0.968 -0.2559 -0.1329 0.9575 -0.3119 -0.1208 0.9424 -0.3661 -0.109 0.9242 -0.4134 -0.0973 0.9053 -0.4503 -0.0856 0.8888 -0.4755 -0.0736 0.8766 -0.4891 -0.0607 0.8701 -0.4923 -0.0463 0.8692 -0.4873 -0.0298 0.8728 -0.4766 -0.0109 0.8791 -0.4637 0.0106 0.886 -0.4519 0.0339 0.8914 -0.4441 0.0577 0.8941 -0.4417 0.0802 0.8936 -0.4548 0.1031 0.8846 -0.5304 0.1432 0.8356 -0.6413 0.2093 0.7382 -0.6286 0.2431 0.7388 -0.4096 0.0622 0.9101 -0.1048 -0.3586 0.9276 -0.1025 -0.5873 0.8028 -0.2676 -0.6511 0.7103 -0.43 -0.6359 0.6409 -0.5134 -0.5614 0.649 -0.3091 -0.3794 0.872 0.3631 -0.0557 0.9301 0.531 -0.1035 0.841 0.431 -0.304 0.8496 0.403 -0.4057 0.8203 0.4455 -0.4392 0.7801 0.4802 -0.4572 0.7486 0.4955 -0.4711 0.7298 0.4954 -0.4821 0.7226 0.4836 -0.4902 0.7252 0.4632 -0.4948 0.7353 0.4375 -0.4955 0.7504 0.4104 -0.4915 0.7681 0.3857 -0.4827 0.7863 0.367 -0.4695 0.803 0.3565 -0.4527 0.8173 0.3546 -0.4334 0.8285 0.3632 -0.4199 0.8317 0.0223 -0.128 0.9915 0.0101 -0.1272 0.9918 -0.0056 -0.1325 0.9912 -0.0075 -0.1387 0.9903 0.0059 -0.1461 0.9892 0.0332 -0.1545 0.9874 0.0708 -0.1637 0.984 0.113 -0.1733 0.9784 0.1532 -0.1832 0.9711 0.1848 -0.1933 0.9636 0.2025 -0.2035 0.9579 0.203 -0.214 0.9555 0.1844 -0.2245 0.9569 0.1469 -0.2345 0.961 0.0929 -0.243 0.9656 0.0273 -0.2491 0.9681 -0.0429 -0.2519 0.9668 -0.1096 -0.2512 0.9617 -0.1657 -0.2473 0.9547 -0.2065 -0.2411 0.9483 -0.2299 -0.2333 0.9449 -0.2359 -0.2242 0.9456 -0.2266 -0.2141 0.9502 -0.2056 -0.2028 0.9574 -0.1781 -0.1904 0.9654 -0.1505 -0.1771 0.9726 -0.1295 -0.1632 0.9781 -0.1211 -0.1492 0.9814 -0.129 -0.1358 0.9823 -0.1545 -0.1232 0.9803 -0.1958 -0.1116 0.9743 -0.2483 -0.1014 0.9634 -0.3055 -0.0924 0.9477 -0.3607 -0.0847 0.9288 -0.4083 -0.0781 0.9095 -0.4451 -0.0723 0.8926 -0.4695 -0.0669 0.8804 -0.4819 -0.0612 0.8741 -0.4834 -0.0543 0.8737 -0.4761 -0.0454 0.8782 -0.4631 -0.0337 0.8857 -0.4478 -0.0186 0.8939 -0.4342 0.0002 0.9008 -0.4256 0.0221 0.9047 -0.4236 0.0461 0.9047 -0.4319 0.0725 0.899 -0.4754 0.1162 0.872 -0.5698 0.2023 0.7965 -0.6206 0.2945 0.7268 -0.5786 0.2908 0.762 -0.4764 0.088 0.8748 -0.3915 -0.2097 0.896 -0.4125 -0.3577 0.8378 -0.4638 -0.3126 0.829 -0.3644 -0.0567 0.9295 0.0551 0.2813 0.9581 0.3408 0.282 0.8968 0.3435 0.046 0.938 0.3071 -0.1613 0.9379 0.3619 -0.2538 0.897 0.4316 -0.3039 0.8493 0.4767 -0.3432 0.8093 0.4985 -0.3762 0.781 0.5026 -0.4039 0.7644 0.4937 -0.4266 0.7578 0.4756 -0.4442 0.7593 0.4519 -0.4562 0.7665 0.4267 -0.4623 0.7773 0.4038 -0.4622 0.7895 0.3865 -0.4562 0.8015 0.3768 -0.445 0.8124 0.375 -0.4296 0.8215 0.3831 -0.4162 0.8246 0.0176 -0.1021 0.9946 0.0041 -0.1009 0.9949 -0.0129 -0.1087 0.994 -0.016 -0.118 0.9929 -0.004 -0.1287 0.9917 0.0222 -0.1406 0.9898 0.059 -0.1534 0.9864 0.1007 -0.1665 0.9809 0.1407 -0.1795 0.9736 0.1725 -0.1922 0.9661 0.1908 -0.2046 0.9601 0.1921 -0.2165 0.9572 0.1747 -0.2277 0.9579 0.1389 -0.2377 0.9614 0.0869 -0.2455 0.9655 0.0238 -0.2503 0.9679 -0.0436 -0.2513 0.9669 -0.1076 -0.2483 0.9627 -0.1611 -0.2419 0.9568 -0.1996 -0.2327 0.9518 -0.221 -0.2217 0.9498 -0.2252 -0.2091 0.9516 -0.2142 -0.1952 0.9571 -0.1917 -0.1801 0.9648 -0.1632 -0.1639 0.9729 -0.1351 -0.147 0.9799 -0.1143 -0.1299 0.9849 -0.1066 -0.1133 0.9878 -0.1159 -0.0978 0.9884 -0.1434 -0.084 0.9861 -0.187 -0.0722 0.9797 -0.2418 -0.0626 0.9683 -0.3011 -0.0552 0.952 -0.358 -0.05 0.9324 -0.4068 -0.0467 0.9123 -0.444 -0.0448 0.8949 -0.4683 -0.0439 0.8825 -0.4799 -0.0432 0.8762 -0.48 -0.0419 0.8763 -0.4707 -0.0391 0.8814 -0.4549 -0.0338 0.8899 -0.4364 -0.025 0.8994 -0.4195 -0.0119 0.9077 -0.4078 0.0056 0.913 -0.404 0.0271 0.9144 -0.4088 0.052 0.9111 -0.4298 0.0865 0.8988 -0.4851 0.1558 0.8605 -0.5489 0.2709 0.7908 -0.5618 0.376 0.7369 -0.5332 0.4118 0.739 -0.4901 0.3911 0.779 -0.4298 0.3908 0.814 -0.3148 0.4665 0.8266 -0.1221 0.5524 0.8246 0.0547 0.5232 0.8505 0.1163 0.3518 0.9288 0.1279 0.1469 0.9809 0.2011 0.0224 0.9793 0.3078 -0.0537 0.9499 0.3956 -0.1198 0.9106 0.4533 -0.1811 0.8728 0.485 -0.2362 0.842 0.4965 -0.2848 0.82 0.4927 -0.3266 0.8066 0.4784 -0.3615 0.8003 0.4579 -0.3891 0.7993 0.4356 -0.4088 0.8019 0.4156 -0.4206 0.8065 0.4009 -0.4246 0.8118 0.3934 -0.4215 0.8171 0.3931 -0.4123 0.8218 0.4008 -0.4003 0.8241 0.0109 -0.067 0.9977 -0.004 -0.066 0.9978 -0.0228 -0.076 0.9968 -0.0278 -0.088 0.9957 -0.0172 -0.1018 0.9947 0.0078 -0.1171 0.9931 0.0438 -0.1333 0.9901 0.0853 -0.1497 0.985 0.1256 -0.1659 0.9781 0.1581 -0.1814 0.9706 0.1775 -0.1959 0.9644 0.1803 -0.2094 0.9611 0.1647 -0.2215 0.9611 0.1311 -0.2318 0.9639 0.0818 -0.2394 0.9675 0.0216 -0.2434 0.9697 -0.0426 -0.2432 0.969 -0.1034 -0.2387 0.9656 -0.1541 -0.2304 0.9608 -0.19 -0.2191 0.957 -0.209 -0.2055 0.9561 -0.2111 -0.1901 0.9588 -0.1983 -0.1731 0.9647 -0.1744 -0.1548 0.9724 -0.1448 -0.1353 0.9802 -0.1165 -0.1153 0.9865 -0.0961 -0.0953 0.9908 -0.0897 -0.0763 0.993 -0.101 -0.0589 0.9931 -0.1308 -0.0436 0.9904 -0.1772 -0.0309 0.9837 -0.2349 -0.0211 0.9718 -0.2969 -0.0141 0.9548 -0.3561 -0.01 0.9344 -0.4065 -0.0083 0.9136 -0.4448 -0.0085 0.8956 -0.4696 -0.01 0.8828 -0.481 -0.012 0.8766 -0.4803 -0.0138 0.877 -0.4694 -0.0146 0.8829 -0.4513 -0.0134 0.8923 -0.4297 -0.0092 0.9029 -0.4089 -0.0011 0.9126 -0.3933 0.0116 0.9193 -0.3858 0.029 0.9221 -0.3874 0.0508 0.9205 -0.3984 0.0775 0.9139 -0.4234 0.1179 0.8982 -0.4631 0.1924 0.8652 -0.491 0.3035 0.8165 -0.481 0.4142 0.7727 -0.4366 0.4947 0.7514 -0.3653 0.5467 0.7534 -0.2727 0.5688 0.7759 -0.1815 0.5392 0.8224 -0.1192 0.4481 0.886 -0.0688 0.3386 0.9384 0.0152 0.2629 0.9647 0.1306 0.2098 0.969 0.2443 0.1525 0.9576 0.3372 0.0862 0.9375 0.4044 0.0156 0.9144 0.447 -0.0547 0.8929 0.4683 -0.1218 0.8751 0.4727 -0.1836 0.8619 0.465 -0.2387 0.8525 0.4501 -0.2856 0.8461 0.4327 -0.3233 0.8416 0.4174 -0.351 0.8382 0.4071 -0.3688 0.8356 0.4036 -0.3774 0.8335 0.4067 -0.3776 0.8319 0.4139 -0.3682 0.8325 0.0027 -0.0272 0.9996 -0.0137 -0.0269 0.9995 -0.035 -0.0386 0.9986 -0.0421 -0.0527 0.9977 -0.0333 -0.0689 0.9971 -0.0097 -0.0869 0.9962 0.0256 -0.1059 0.994 0.067 -0.1252 0.9899 0.1079 -0.1441 0.9837 0.1416 -0.162 0.9766 0.1626 -0.1786 0.9704 0.1674 -0.1935 0.9667 0.1542 -0.2066 0.9662 0.1233 -0.2173 0.9683 0.077 -0.2249 0.9713 0.0203 -0.2285 0.9733 -0.0404 -0.2277 0.9729 -0.0978 -0.2224 0.97 -0.1453 -0.213 0.9662 -0.1783 -0.2005 0.9633 -0.1948 -0.1853 0.9632 -0.1945 -0.168 0.9664 -0.1797 -0.1489 0.9724 -0.1542 -0.1282 0.9797 -0.1238 -0.1064 0.9866 -0.0953 -0.0841 0.9919 -0.0756 -0.0621 0.9952 -0.0707 -0.0413 0.9966 -0.0841 -0.0222 0.9962 -0.1166 -0.0056 0.9932 -0.166 0.0082 0.9861 -0.2268 0.0188 0.9738 -0.2917 0.026 0.9561 -0.3534 0.0302 0.935 -0.4058 0.0316 0.9134 -0.4455 0.0311 0.8948 -0.4711 0.0292 0.8816 -0.4828 0.0268 0.8753 -0.4818 0.0243 0.876 -0.47 0.0226 0.8824 -0.4501 0.0223 0.8927 -0.4259 0.0244 0.9044 -0.4017 0.0297 0.9153 -0.382 0.0389 0.9234 -0.3702 0.0527 0.9275 -0.3678 0.0709 0.9272 -0.3743 0.0934 0.9226 -0.3878 0.1206 0.9138 -0.4069 0.1576 0.8998 -0.4252 0.2125 0.8798 -0.4295 0.2835 0.8574 -0.4107 0.3526 0.8408 -0.3713 0.4001 0.8379 -0.3201 0.4169 0.8507 -0.2645 0.408 0.8738 -0.2012 0.3914 0.898 -0.1194 0.3815 0.9166 -0.019 0.3731 0.9276 0.0874 0.3536 0.9313 0.1868 0.3182 0.9294 0.2717 0.2685 0.9242 0.3381 0.208 0.9178 0.3851 0.1402 0.9122 0.4139 0.0683 0.9078 0.4269 -0.0048 0.9043 0.4278 -0.0758 0.9007 0.4211 -0.1416 0.8959 0.4117 -0.1992 0.8893 0.4038 -0.2464 0.881 0.4007 -0.2823 0.8717 0.4038 -0.3066 0.8619 0.4127 -0.3202 0.8528 0.4192 -0.3152 0.8514 -0.0066 0.0122 0.9999 -0.0246 0.0115 0.9996 -0.0486 -0.0011 0.9988 -0.0581 -0.0164 0.9982 -0.0515 -0.0341 0.9981 -0.0293 -0.0537 0.9981 0.0051 -0.0745 0.9972 0.0464 -0.0958 0.9943 0.0881 -0.1166 0.9893 0.1233 -0.1362 0.983 0.1463 -0.1543 0.9771 0.1535 -0.1703 0.9734 0.143 -0.1841 0.9724 0.1151 -0.1952 0.974 0.0723 -0.2029 0.9765 0.0192 -0.2064 0.9783 -0.0378 -0.2055 0.9779 -0.0915 -0.2 0.9755 -0.1356 -0.1904 0.9723 -0.1655 -0.1774 0.9701 -0.1791 -0.1616 0.9705 -0.1764 -0.1435 0.9738 -0.1594 -0.1234 0.9795 -0.1323 -0.1017 0.986 -0.101 -0.0788 0.9918 -0.0725 -0.0555 0.9958 -0.0536 -0.0325 0.998 -0.0502 -0.0107 0.9987 -0.0658 0.0093 0.9978 -0.1009 0.0269 0.9945 -0.1532 0.0417 0.9873 -0.217 0.0532 0.9747 -0.2849 0.0613 0.9566 -0.3491 0.0663 0.9347 -0.4035 0.0686 0.9124 -0.4446 0.069 0.8931 -0.4711 0.0684 0.8794 -0.4833 0.0672 0.8729 -0.4823 0.0663 0.8735 -0.4699 0.066 0.8802 -0.4489 0.0669 0.8911 -0.4227 0.0695 0.9036 -0.3957 0.0746 0.9153 -0.3724 0.0827 0.9244 -0.3565 0.0943 0.9295 -0.35 0.1097 0.9303 -0.3525 0.129 0.9269 -0.3616 0.1518 0.9199 -0.3736 0.1782 0.9103 -0.384 0.2092 0.8993 -0.3874 0.2456 0.8886 -0.3787 0.2853 0.8805 -0.355 0.3236 0.8771 -0.3164 0.3574 0.8787 -0.2628 0.3873 0.8837 -0.1939 0.4142 0.8893 -0.1117 0.4355 0.8932 -0.0223 0.4466 0.8945 0.0665 0.4442 0.8934 0.1482 0.4281 0.8915 0.2181 0.3991 0.8906 0.2739 0.3586 0.8924 0.3152 0.3077 0.8977 0.3427 0.2478 0.9062 0.3585 0.1802 0.916 0.3652 0.1074 0.9247 0.3665 0.0327 0.9298 0.3664 -0.0395 0.9296 0.3687 -0.1051 0.9236 0.3759 -0.1605 0.9127 0.3889 -0.204 0.8984 0.4066 -0.2349 0.8829 0.4127 -0.2359 0.8798 -0.0163 0.0467 0.9988 -0.0357 0.0447 0.9984 -0.0627 0.032 0.9975 -0.0749 0.0165 0.9971 -0.0704 -0.0016 0.9975 -0.05 -0.0216 0.9985 -0.0166 -0.0429 0.9989 0.0247 -0.0648 0.9976 0.0671 -0.0863 0.994 0.1039 -0.1067 0.9888 0.1291 -0.1254 0.9837 0.1389 -0.1419 0.9801 0.1314 -0.156 0.979 0.1067 -0.1671 0.9801 0.0674 -0.1748 0.9823 0.018 -0.1785 0.9838 -0.0351 -0.1777 0.9835 -0.0851 -0.1726 0.9813 -0.1257 -0.1635 0.9785 -0.1524 -0.1509 0.9767 -0.1631 -0.1356 0.9772 -0.1578 -0.1178 0.9804 -0.1387 -0.098 0.9855 -0.11 -0.0765 0.991 -0.0779 -0.0539 0.9955 -0.0493 -0.0309 0.9983 -0.0312 -0.0083 0.9995 -0.0292 0.0134 0.9995 -0.0467 0.0335 0.9983 -0.0842 0.0515 0.9951 -0.1391 0.0669 0.988 -0.2058 0.0794 0.9754 -0.2763 0.0886 0.957 -0.3428 0.095 0.9346 -0.399 0.0989 0.9116 -0.4414 0.1013 0.8916 -0.4688 0.1029 0.8773 -0.4813 0.1045 0.8703 -0.4803 0.1066 0.8706 -0.4675 0.1095 0.8772 -0.4455 0.1137 0.888 -0.4178 0.1192 0.9007 -0.3886 0.1265 0.9127 -0.3625 0.1357 0.922 -0.3433 0.1473 0.9276 -0.3331 0.1615 0.929 -0.3319 0.1784 0.9263 -0.3375 0.1981 0.9203 -0.346 0.2205 0.9119 -0.3529 0.2459 0.9028 -0.3536 0.2742 0.8943 -0.344 0.3057 0.8878 -0.3213 0.3397 0.884 -0.2836 0.3752 0.8825 -0.2307 0.4104 0.8823 -0.1645 0.4426 0.8815 -0.0893 0.4689 0.8787 -0.011 0.4864 0.8736 0.0639 0.4939 0.8672 0.1303 0.4911 0.8613 0.1849 0.4785 0.8584 0.2267 0.4565 0.8604 0.256 0.4254 0.8681 0.2744 0.3849 0.8812 0.2844 0.3346 0.8984 0.2893 0.2749 0.9169 0.2927 0.207 0.9335 0.2986 0.1341 0.9449 0.31 0.0604 0.9488 0.3285 -0.0091 0.9444 0.3538 -0.07 0.9327 0.3836 -0.1196 0.9157 0.3899 -0.1278 0.9119 -0.0256 0.0724 0.997 -0.0464 0.069 0.9965 -0.0764 0.057 0.9954 -0.0913 0.0421 0.9949 -0.0891 0.0249 0.9957 -0.0704 0.0057 0.9975 -0.038 -0.0148 0.9992 0.003 -0.0359 0.9994 0.0461 -0.0568 0.9973 0.0844 -0.0767 0.9935 0.1118 -0.0949 0.9892 0.1242 -0.111 0.986 0.1196 -0.1247 0.985 0.0982 -0.1354 0.9859 0.0624 -0.1429 0.9878 0.0167 -0.1466 0.9891 -0.0328 -0.1462 0.9887 -0.0791 -0.1418 0.9867 -0.1163 -0.1337 0.9842 -0.1399 -0.1224 0.9826 -0.1478 -0.1084 0.9831 -0.14 -0.0921 0.9859 -0.1188 -0.0738 0.9902 -0.0887 -0.054 0.9946 -0.0557 -0.0331 0.9979 -0.027 -0.0117 0.9996 -0.0095 0.0094 0.9999 -0.0087 0.0298 0.9995 -0.0277 0.049 0.9984 -0.0671 0.0667 0.9955 -0.1243 0.0823 0.9888 -0.1932 0.0954 0.9765 -0.266 0.1059 0.9581 -0.3345 0.1139 0.9355 -0.3923 0.12 0.912 -0.4358 0.125 0.8913 -0.4637 0.1297 0.8764 -0.4764 0.1349 0.8688 -0.4751 0.1411 0.8685 -0.4617 0.1484 0.8745 -0.4387 0.1571 0.8848 -0.4096 0.1671 0.8968 -0.3787 0.1783 0.9082 -0.3504 0.1906 0.917 -0.3287 0.204 0.9222 -0.3157 0.2186 0.9233 -0.3117 0.2345 0.9208 -0.3145 0.2519 0.9152 -0.3203 0.271 0.9077 -0.3247 0.292 0.8996 -0.3231 0.3154 0.8923 -0.3117 0.3413 0.8867 -0.2876 0.3699 0.8834 -0.2492 0.4004 0.8818 -0.197 0.4313 0.8804 -0.1333 0.4605 0.8776 -0.0629 0.4855 0.872 0.0081 0.5044 0.8634 0.0736 0.5162 0.8533 0.1288 0.5209 0.8438 0.1711 0.5188 0.8376 0.2 0.5101 0.8365 0.2165 0.4947 0.8417 0.2228 0.4718 0.8531 0.2222 0.4404 0.8699 0.2188 0.3994 0.8903 0.2172 0.3484 0.9118 0.2218 0.2883 0.9315 0.2363 0.2213 0.9462 0.2621 0.1509 0.9532 0.2981 0.0819 0.951 0.3407 0.019 0.94 0.348 0.0043 0.9375 -0.0342 0.0864 0.9957 -0.0561 0.0817 0.9951 -0.089 0.0709 0.9935 -0.1064 0.0576 0.9927 -0.1064 0.0421 0.9934 -0.0893 0.0249 0.9957 -0.058 0.0064 0.9983 -0.0172 -0.0126 0.9998 0.0264 -0.0315 0.9992 0.066 -0.0495 0.9966 0.0954 -0.0661 0.9932 0.1102 -0.0807 0.9906 0.1084 -0.0931 0.9897 0.09 -0.1028 0.9906 0.0574 -0.1096 0.9923 0.0151 -0.1131 0.9935 -0.031 -0.113 0.9931 -0.074 -0.1095 0.9912 -0.1081 -0.1028 0.9888 -0.1289 -0.0934 0.9873 -0.1342 -0.0815 0.9876 -0.1242 -0.0676 0.99 -0.1011 -0.052 0.9935 -0.0696 -0.035 0.997 -0.0358 -0.017 0.9992 -0.007 0.0015 1 0.0101 0.0199 0.9997 0.0102 0.038 0.9992 -0.0098 0.0554 0.9984 -0.0505 0.0719 0.9961 -0.1092 0.087 0.9902 -0.1799 0.1005 0.9785 -0.2544 0.1121 0.9606 -0.3244 0.1219 0.938 -0.3834 0.1304 0.9143 -0.4276 0.1384 0.8933 -0.4558 0.1467 0.8779 -0.4684 0.156 0.8696 -0.4666 0.1668 0.8686 -0.4522 0.1791 0.8737 -0.428 0.1931 0.8829 -0.3975 0.2083 0.8937 -0.3649 0.2243 0.9036 -0.335 0.2408 0.9109 -0.3115 0.2573 0.9147 -0.2969 0.2738 0.9148 -0.2911 0.2901 0.9116 -0.2922 0.3064 0.9059 -0.2964 0.323 0.8988 -0.2993 0.3403 0.8914 -0.2964 0.3588 0.8851 -0.2839 0.379 0.8808 -0.2589 0.4012 0.8786 -0.2202 0.425 0.878 -0.1681 0.4493 0.8774 -0.1056 0.4726 0.8749 -0.0377 0.4931 0.8691 0.0293 0.5096 0.8599 0.0892 0.5215 0.8486 0.1373 0.5288 0.8375 0.1711 0.5322 0.8292 0.1903 0.5316 0.8253 0.1962 0.5268 0.827 0.1914 0.5168 0.8345 0.1797 0.5003 0.847 0.1658 0.476 0.8637 0.1551 0.4429 0.883 0.1529 0.4005 0.9034 0.1636 0.3492 0.9226 0.1895 0.2904 0.9379 0.2301 0.2267 0.9464 0.2813 0.1619 0.9459 0.29 0.1436 0.9462 -0.0416 0.0875 0.9953 -0.0646 0.0813 0.9946 -0.1 0.0722 0.9924 -0.1196 0.061 0.9909 -0.1213 0.048 0.9915 -0.1057 0.0336 0.9938 -0.0753 0.0183 0.997 -0.0348 0.0024 0.9994 0.0093 -0.0133 0.9999 0.05 -0.0283 0.9984 0.0811 -0.042 0.9958 0.098 -0.0541 0.9937 0.0986 -0.0642 0.9931 0.0828 -0.0722 0.9939 0.053 -0.0778 0.9956 0.0135 -0.0806 0.9967 -0.0297 -0.0807 0.9963 -0.07 -0.0781 0.9945 -0.1015 -0.073 0.9922 -0.1199 -0.0657 0.9906 -0.123 -0.0565 0.9908 -0.1111 -0.0457 0.9928 -0.0865 -0.0335 0.9957 -0.0538 -0.0202 0.9983 -0.0194 -0.0061 0.9998 0.0097 0.0085 0.9999 0.0268 0.0233 0.9994 0.0266 0.0381 0.9989 0.0061 0.0529 0.9986 -0.0352 0.0674 0.9971 -0.0946 0.0815 0.9922 -0.1662 0.0948 0.9815 -0.2417 0.1072 0.9644 -0.3127 0.1187 0.9424 -0.3725 0.1297 0.9189 -0.4171 0.1409 0.8979 -0.4453 0.153 0.8822 -0.4573 0.1665 0.8736 -0.4546 0.1821 0.8719 -0.4391 0.1996 0.876 -0.4134 0.219 0.8838 -0.3812 0.2396 0.8929 -0.3472 0.2608 0.9008 -0.3159 0.2819 0.906 -0.2914 0.3021 0.9076 -0.2759 0.3212 0.9059 -0.2696 0.3389 0.9014 -0.2702 0.3553 0.8948 -0.2741 0.3706 0.8874 -0.2768 0.3854 0.8803 -0.2739 0.4001 0.8746 -0.2614 0.4154 0.8713 -0.2365 0.4317 0.8704 -0.198 0.4489 0.8714 -0.1464 0.4662 0.8725 -0.0847 0.4826 0.8717 -0.0178 0.4969 0.8676 0.0475 0.5083 0.8599 0.105 0.5169 0.8496 0.1496 0.5232 0.839 0.1787 0.5278 0.8303 0.1919 0.531 0.8254 0.1904 0.5322 0.8249 0.1771 0.5305 0.829 0.1561 0.5245 0.837 0.1326 0.5126 0.8483 0.1125 0.4939 0.8622 0.1017 0.4675 0.8781 0.1049 0.4331 0.8952 0.1254 0.3908 0.9119 0.1636 0.3411 0.9257 0.2164 0.2855 0.9336 0.2264 0.2672 0.9367 -0.0476 0.0751 0.996 -0.0715 0.0677 0.9951 -0.109 0.0605 0.9922 -0.1303 0.0517 0.9901 -0.1334 0.0416 0.9902 -0.1188 0.0307 0.9924 -0.089 0.0191 0.9959 -0.0487 0.0073 0.9988 -0.0042 -0.0043 1 0.0374 -0.0152 0.9992 0.0699 -0.0252 0.9972 0.0885 -0.0338 0.9955 0.091 -0.0409 0.995 0.0773 -0.0464 0.9959 0.0496 -0.0501 0.9975 0.0124 -0.052 0.9986 -0.0287 -0.0519 0.9982 -0.0669 -0.0499 0.9965 -0.0965 -0.0463 0.9943 -0.1131 -0.0412 0.9927 -0.1148 -0.0349 0.9928 -0.1015 -0.0275 0.9945 -0.0758 -0.0192 0.9969 -0.0422 -0.0102 0.9991 -0.0072 -0.0006 1 0.0223 0.0096 0.9997 0.0396 0.0201 0.999 0.0396 0.031 0.9987 0.0193 0.0423 0.9989 -0.0218 0.0542 0.9983 -0.0811 0.0665 0.9945 -0.1527 0.0792 0.9851 -0.2285 0.092 0.9692 -0.2998 0.1049 0.9482 -0.3597 0.1183 0.9256 -0.4043 0.1325 0.905 -0.432 0.1483 0.8896 -0.4433 0.1661 0.8808 -0.4394 0.1863 0.8788 -0.4223 0.2089 0.8821 -0.3948 0.2335 0.8886 -0.3609 0.2594 0.8958 -0.3254 0.2856 0.9014 -0.2931 0.3112 0.904 -0.2682 0.3353 0.9032 -0.2527 0.3573 0.8992 -0.2468 0.377 0.8928 -0.2481 0.3943 0.8849 -0.253 0.4094 0.8766 -0.2568 0.4227 0.8691 -0.2551 0.435 0.8635 -0.2439 0.4468 0.8608 -0.2204 0.4586 0.8609 -0.1831 0.4703 0.8633 -0.1326 0.4814 0.8664 -0.0717 0.4912 0.8681 -0.0054 0.4989 0.8667 0.0596 0.5042 0.8615 0.1166 0.5076 0.8536 0.1605 0.5102 0.845 0.1881 0.5128 0.8376 0.1987 0.516 0.8332 0.1933 0.5193 0.8324 0.1747 0.522 0.8349 0.1471 0.5223 0.84 0.1162 0.519 0.8469 0.0882 0.5106 0.8553 0.0693 0.4966 0.8652 0.0647 0.4763 0.8769 0.0778 0.4493 0.89 0.1098 0.4154 0.903 0.1586 0.3743 0.9136 0.1696 0.3584 0.918 -0.0525 0.0503 0.9974 -0.0769 0.0419 0.9962 -0.1159 0.0365 0.9926 -0.1383 0.0303 0.9899 -0.1422 0.0234 0.9896 -0.1281 0.0161 0.9916 -0.0985 0.0088 0.9951 -0.0582 0.0015 0.9983 -0.0133 -0.0055 0.9999 0.0291 -0.0118 0.9995 0.0627 -0.0173 0.9979 0.0826 -0.0218 0.9963 0.0864 -0.0252 0.9959 0.0741 -0.0276 0.9969 0.0479 -0.029 0.9984 0.012 -0.0293 0.9995 -0.0276 -0.0285 0.9992 -0.0646 -0.0269 0.9975 -0.0931 -0.0244 0.9954 -0.1088 -0.0214 0.9938 -0.1096 -0.0179 0.9938 -0.0956 -0.014 0.9953 -0.0692 -0.0097 0.9976 -0.0352 -0.0051 0.9994 0.0003 -0.0001 1 0.0303 0.0053 0.9995 0.0481 0.0112 0.9988 0.0487 0.0178 0.9987 0.0292 0.0253 0.9993 -0.011 0.034 0.9994 -0.0693 0.044 0.9966 -0.14 0.0554 0.9886 -0.215 0.0681 0.9742 -0.2857 0.082 0.9548 -0.3452 0.0973 0.9335 -0.3892 0.1144 0.914 -0.4162 0.1335 0.8994 -0.4264 0.1552 0.8911 -0.4209 0.1797 0.8891 -0.4019 0.2069 0.892 -0.3724 0.2364 0.8974 -0.3367 0.2671 0.9029 -0.2998 0.298 0.9063 -0.2668 0.3277 0.9063 -0.2418 0.3554 0.9029 -0.2271 0.3804 0.8965 -0.2225 0.4023 0.8881 -0.2257 0.4209 0.8786 -0.2326 0.4365 0.8691 -0.2387 0.4495 0.8608 -0.2393 0.4604 0.8548 -0.2305 0.47 0.852 -0.2094 0.4787 0.8526 -0.1745 0.4865 0.8561 -0.126 0.4929 0.8609 -0.0665 0.4974 0.865 -0.001 0.4993 0.8664 0.0641 0.4987 0.8644 0.1218 0.4964 0.8595 0.1666 0.4938 0.8535 0.1949 0.4923 0.8484 0.2055 0.4926 0.8457 0.1991 0.4948 0.8459 0.1783 0.4982 0.8485 0.1472 0.5014 0.8526 0.1115 0.5029 0.8571 0.0779 0.5015 0.8617 0.0528 0.4962 0.8666 0.0416 0.4865 0.8727 0.0479 0.472 0.8803 0.0728 0.4518 0.8891 0.1152 0.4252 0.8978 0.1273 0.4124 0.9021 -0.0563 0.0151 0.9983 -0.081 0.006 0.9967 -0.1207 0.0023 0.9927 -0.1434 -0.0015 0.9897 -0.1475 -0.0053 0.989 -0.1334 -0.0088 0.991 -0.1037 -0.012 0.9945 -0.0629 -0.0147 0.9979 -0.0175 -0.0168 0.9997 0.0257 -0.0182 0.9995 0.06 -0.0189 0.998 0.0807 -0.0189 0.9966 0.0854 -0.0183 0.9962 0.0738 -0.0173 0.9971 0.0483 -0.0158 0.9987 0.013 -0.0142 0.9998 -0.0262 -0.0124 0.9996 -0.0628 -0.0106 0.998 -0.0911 -0.009 0.9958 -0.1066 -0.0076 0.9943 -0.1073 -0.0065 0.9942 -0.0933 -0.0058 0.9956 -0.0668 -0.0052 0.9978 -0.0326 -0.0048 0.9995 0.0032 -0.0043 1 0.0335 -0.0035 0.9994 0.052 -0.0022 0.9986 0.0537 0.0001 0.9986 0.0354 0.0037 0.9994 -0.0031 0.009 1 -0.0596 0.0163 0.9981 -0.1285 0.026 0.9914 -0.2018 0.038 0.9787 -0.271 0.0523 0.9611 -0.3293 0.0691 0.9417 -0.3722 0.0883 0.924 -0.3979 0.1102 0.9108 -0.4065 0.1352 0.9036 -0.3992 0.1633 0.9022 -0.378 0.1945 0.9051 -0.3464 0.2281 0.91 -0.3087 0.263 0.9141 -0.2704 0.2978 0.9155 -0.2369 0.3313 0.9133 -0.2125 0.3623 0.9075 -0.1993 0.3901 0.899 -0.1968 0.4142 0.8887 -0.2026 0.4345 0.8776 -0.2126 0.4511 0.8668 -0.2219 0.4643 0.8574 -0.2259 0.4748 0.8506 -0.2204 0.4832 0.8473 -0.2026 0.49 0.8479 -0.1707 0.4952 0.8518 -0.125 0.4986 0.8578 -0.0677 0.4993 0.8638 -0.0035 0.4969 0.8678 0.0614 0.4915 0.8687 0.1199 0.4841 0.8668 0.1662 0.4762 0.8635 0.1963 0.4696 0.8608 0.2086 0.4654 0.8601 0.2034 0.4642 0.8621 0.1829 0.4654 0.866 0.151 0.4682 0.8706 0.1134 0.4713 0.8747 0.0767 0.4734 0.8775 0.0477 0.4736 0.8794 0.032 0.4714 0.8814 0.033 0.466 0.8842 0.052 0.4567 0.8881 0.088 0.4422 0.8926 0.1015 0.4322 0.896 -0.0594 -0.0271 0.9979 -0.0841 -0.0366 0.9958 -0.1235 -0.0389 0.9916 -0.1459 -0.0407 0.9885 -0.1495 -0.0417 0.9879 -0.1348 -0.0419 0.99 -0.1043 -0.0412 0.9937 -0.0629 -0.0396 0.9972 -0.0167 -0.037 0.9992 0.027 -0.0336 0.9991 0.0619 -0.0295 0.9976 0.0831 -0.025 0.9962 0.0881 -0.0203 0.9959 0.0767 -0.0157 0.9969 0.0512 -0.0114 0.9986 0.0157 -0.0075 0.9998 -0.0239 -0.0043 0.9997 -0.0611 -0.002 0.9981 -0.09 -0.0008 0.9959 -0.1062 -0.0005 0.9943 -0.1076 -0.0014 0.9942 -0.0941 -0.0032 0.9956 -0.0681 -0.0058 0.9977 -0.0341 -0.009 0.9994 0.0017 -0.0125 0.9999 0.0324 -0.0158 0.9993 0.0517 -0.0185 0.9985 0.0545 -0.0202 0.9983 0.038 -0.0204 0.9991 0.0016 -0.0184 0.9998 -0.0524 -0.0138 0.9985 -0.1185 -0.0062 0.9929 -0.1892 0.0047 0.9819 -0.2561 0.0189 0.9665 -0.3123 0.0363 0.9493 -0.3534 0.0569 0.9337 -0.3773 0.0807 0.9226 -0.384 0.108 0.917 -0.3744 0.1389 0.9168 -0.3508 0.173 0.9203 -0.3167 0.2098 0.925 -0.277 0.2479 0.9283 -0.2375 0.286 0.9283 -0.2039 0.3225 0.9244 -0.1804 0.3563 0.9168 -0.1691 0.3866 0.9066 -0.1695 0.413 0.8948 -0.1787 0.435 0.8825 -0.1925 0.4528 0.8706 -0.2059 0.4667 0.8601 -0.2139 0.4773 0.8523 -0.2125 0.4853 0.8481 -0.1985 0.4912 0.8481 -0.1704 0.495 0.852 -0.1281 0.4966 0.8585 -0.0736 0.4951 0.8657 -0.0112 0.49 0.8717 0.0529 0.4814 0.8749 0.1118 0.4701 0.8755 0.1595 0.4579 0.8746 0.1917 0.4465 0.874 0.2063 0.4375 0.8753 0.2033 0.4315 0.8789 0.1847 0.4288 0.8843 0.1541 0.4287 0.8902 0.1169 0.4304 0.895 0.0798 0.4329 0.8979 0.0494 0.4355 0.8988 0.0313 0.4375 0.8987 0.0292 0.4381 0.8984 0.0442 0.4365 0.8986 0.0752 0.4313 0.8991 0.0904 0.4234 0.9014 -0.0622 -0.0724 0.9954 -0.0865 -0.0817 0.9929 -0.1247 -0.0832 0.9887 -0.1459 -0.0834 0.9858 -0.1484 -0.0822 0.9855 -0.1325 -0.0796 0.988 -0.101 -0.0757 0.992 -0.0585 -0.0704 0.9958 -0.0115 -0.0637 0.9979 0.033 -0.056 0.9979 0.0683 -0.0476 0.9965 0.0897 -0.039 0.9952 0.0946 -0.0305 0.9951 0.0828 -0.0225 0.9963 0.0566 -0.0153 0.9983 0.0202 -0.0093 0.9998 -0.0206 -0.0045 0.9998 -0.0591 -0.0014 0.9982 -0.0894 -0 0.996 -0.1071 -0.0004 0.9943 -0.1098 -0.0025 0.994 -0.0975 -0.0062 0.9952 -0.0724 -0.0112 0.9973 -0.0391 -0.0172 0.9991 -0.0035 -0.0238 0.9997 0.0276 -0.0304 0.9992 0.0477 -0.0365 0.9982 0.0518 -0.0414 0.9978 0.0372 -0.0447 0.9983 0.0033 -0.0457 0.999 -0.0476 -0.0436 0.9979 -0.1103 -0.038 0.9932 -0.1776 -0.0285 0.9837 -0.2414 -0.0149 0.9703 -0.2948 0.0024 0.9556 -0.3334 0.0235 0.9425 -0.355 0.0482 0.9336 -0.3592 0.0768 0.9301 -0.347 0.1091 0.9315 -0.3207 0.145 0.936 -0.284 0.1837 0.9411 -0.2423 0.2239 0.944 -0.2016 0.264 0.9432 -0.168 0.3027 0.9382 -0.1457 0.3386 0.9296 -0.1368 0.371 0.9185 -0.1405 0.3992 0.906 -0.1538 0.423 0.893 -0.1721 0.4421 0.8803 -0.1902 0.457 0.8689 -0.2028 0.4681 0.8601 -0.2059 0.4762 0.8549 -0.1963 0.4818 0.854 -0.1722 0.4851 0.8574 -0.1335 0.4858 0.8638 -0.0822 0.4833 0.8716 -0.0221 0.4769 0.8787 0.0407 0.4666 0.8835 0.0994 0.4532 0.8859 0.1479 0.4381 0.8867 0.1817 0.4232 0.8876 0.1984 0.41 0.8902 0.1979 0.3996 0.8951 0.1818 0.3923 0.9017 0.1536 0.3881 0.9087 0.1184 0.3864 0.9147 0.0828 0.3867 0.9185 0.0532 0.3887 0.9198 0.0352 0.3917 0.9194 0.0321 0.3951 0.9181 0.0452 0.3979 0.9163 0.0732 0.3988 0.9141 0.0899 0.392 0.9156 -0.0651 -0.1163 0.9911 -0.0887 -0.125 0.9882 -0.125 -0.1262 0.9841 -0.1443 -0.1253 0.9816 -0.1449 -0.1226 0.9818 -0.1273 -0.1182 0.9848 -0.0943 -0.1119 0.9892 -0.0505 -0.1037 0.9933 -0.0024 -0.0938 0.9956 0.0428 -0.0826 0.9957 0.0785 -0.0707 0.9944 0.0998 -0.0587 0.9933 0.1043 -0.0471 0.9934 0.0918 -0.0363 0.9951 0.0644 -0.0266 0.9976 0.0265 -0.0185 0.9995 -0.016 -0.0123 0.9998 -0.0565 -0.0082 0.9984 -0.0889 -0.0064 0.996 -0.1086 -0.0069 0.9941 -0.1131 -0.0096 0.9935 -0.1025 -0.0144 0.9946 -0.0789 -0.0209 0.9967 -0.0465 -0.0288 0.9985 -0.0113 -0.0374 0.9992 0.0199 -0.0462 0.9987 0.0407 -0.0546 0.9977 0.0463 -0.0618 0.997 0.0338 -0.0674 0.9972 0.0027 -0.0704 0.9975 -0.0449 -0.0704 0.9965 -0.1038 -0.0665 0.9924 -0.1672 -0.0583 0.9842 -0.2273 -0.0458 0.9728 -0.2774 -0.0291 0.9603 -0.3129 -0.0084 0.9497 -0.3316 0.0163 0.9433 -0.3329 0.0449 0.9419 -0.3178 0.0774 0.945 -0.2885 0.1136 0.9507 -0.2491 0.1527 0.9564 -0.2053 0.1934 0.9594 -0.1635 0.2343 0.9583 -0.13 0.2738 0.9529 -0.1092 0.3109 0.9442 -0.1029 0.3445 0.9331 -0.1103 0.3741 0.9208 -0.128 0.3993 0.9079 -0.1512 0.4197 0.895 -0.1744 0.4356 0.8831 -0.1921 0.4474 0.8735 -0.2 0.4559 0.8673 -0.1949 0.4617 0.8654 -0.1749 0.465 0.8679 -0.14 0.4657 0.8738 -0.0919 0.4631 0.8815 -0.0344 0.4566 0.889 0.0266 0.4461 0.8946 0.0846 0.432 0.8979 0.1332 0.4158 0.8997 0.1679 0.399 0.9014 0.1862 0.3833 0.9047 0.1877 0.3696 0.91 0.1739 0.3585 0.9172 0.1483 0.3501 0.9249 0.1159 0.3443 0.9317 0.0829 0.341 0.9364 0.0556 0.3402 0.9387 0.0393 0.3415 0.9391 0.0373 0.3445 0.9381 0.0505 0.3483 0.936 0.0775 0.3519 0.9328 0.0953 0.3452 0.9337 -0.0684 -0.1547 0.9856 -0.0911 -0.1624 0.9825 -0.1247 -0.1636 0.9786 -0.1416 -0.1623 0.9765 -0.1398 -0.1589 0.9773 -0.1201 -0.1534 0.9808 -0.0852 -0.1456 0.9857 -0.0397 -0.1356 0.99 0.0096 -0.1236 0.9923 0.0555 -0.1101 0.9924 0.0914 -0.0958 0.9912 0.1126 -0.0814 0.9903 0.1165 -0.0676 0.9909 0.103 -0.0548 0.9932 0.0742 -0.0434 0.9963 0.0345 -0.0338 0.9988 -0.0103 -0.0263 0.9996 -0.0532 -0.0213 0.9984 -0.0881 -0.0189 0.9959 -0.1102 -0.0191 0.9937 -0.117 -0.0218 0.9929 -0.1084 -0.0269 0.9937 -0.0864 -0.034 0.9957 -0.0552 -0.0427 0.9976 -0.0207 -0.0522 0.9984 0.0105 -0.0621 0.998 0.0321 -0.0715 0.9969 0.0391 -0.0799 0.996 0.0287 -0.0866 0.9958 0.0004 -0.0909 0.9959 -0.0437 -0.092 0.9948 -0.0988 -0.0893 0.9911 -0.1581 -0.0822 0.984 -0.2142 -0.0708 0.9742 -0.2606 -0.055 0.9639 -0.2927 -0.0353 0.9556 -0.3082 -0.0116 0.9513 -0.3062 0.0159 0.9518 -0.2878 0.0474 0.9565 -0.2554 0.0824 0.9633 -0.2132 0.1204 0.9696 -0.1673 0.1601 0.9728 -0.1246 0.2001 0.9718 -0.0914 0.239 0.9667 -0.0721 0.2757 0.9585 -0.0684 0.3095 0.9484 -0.0793 0.3397 0.9372 -0.1015 0.3656 0.9252 -0.1298 0.3868 0.913 -0.1583 0.4035 0.9012 -0.1814 0.416 0.8911 -0.1942 0.4251 0.8841 -0.1936 0.4313 0.8812 -0.1777 0.4351 0.8827 -0.1464 0.4362 0.8878 -0.1014 0.4343 0.895 -0.0466 0.4287 0.9023 0.0126 0.419 0.9079 0.0694 0.4058 0.9113 0.1176 0.3901 0.9132 0.1525 0.3733 0.9151 0.1716 0.3568 0.9183 0.1743 0.3416 0.9236 0.1623 0.3282 0.9306 0.1389 0.3168 0.9383 0.1091 0.3075 0.9453 0.0789 0.3005 0.9505 0.0544 0.2959 0.9537 0.0408 0.2937 0.955 0.041 0.2939 0.9549 0.0558 0.2959 0.9536 0.0834 0.2987 0.9507 0.1018 0.2914 0.9512 -0.0726 -0.1843 0.9802 -0.094 -0.1906 0.9772 -0.1247 -0.192 0.9734 -0.1386 -0.1909 0.9718 -0.1341 -0.1874 0.9731 -0.112 -0.1816 0.977 -0.0748 -0.1733 0.982 -0.0275 -0.1625 0.9863 0.0231 -0.1495 0.9885 0.0698 -0.1349 0.9884 0.106 -0.1194 0.9872 0.127 -0.1039 0.9865 0.1302 -0.089 0.9875 0.1156 -0.0753 0.9904 0.0853 -0.0631 0.9944 0.0435 -0.0527 0.9977 -0.0036 -0.0445 0.999 -0.0492 -0.0389 0.998 -0.0867 -0.0358 0.9956 -0.1114 -0.0356 0.9931 -0.1207 -0.0379 0.992 -0.1143 -0.0427 0.9925 -0.0941 -0.0495 0.9943 -0.0643 -0.058 0.9962 -0.0305 -0.0673 0.9973 0.0006 -0.077 0.997 0.0229 -0.0863 0.996 0.0313 -0.0946 0.995 0.0229 -0.1013 0.9946 -0.0027 -0.1057 0.9944 -0.0434 -0.107 0.9933 -0.0947 -0.1047 0.99 -0.1499 -0.0983 0.9838 -0.2021 -0.0877 0.9754 -0.2447 -0.073 0.9668 -0.2734 -0.0546 0.9604 -0.2854 -0.0325 0.9578 -0.2801 -0.0068 0.9599 -0.2584 0.0225 0.9658 -0.2228 0.0552 0.9733 -0.178 0.0906 0.9799 -0.1302 0.1277 0.9832 -0.0866 0.1651 0.9825 -0.0537 0.2018 0.978 -0.0357 0.2367 0.9709 -0.0345 0.2692 0.9625 -0.0488 0.2986 0.9531 -0.0753 0.3242 0.943 -0.1085 0.3456 0.9321 -0.1422 0.3626 0.921 -0.1704 0.3755 0.911 -0.1881 0.385 0.9035 -0.1918 0.3918 0.8998 -0.1797 0.3962 0.9004 -0.1518 0.3983 0.9046 -0.1097 0.3976 0.911 -0.0572 0.3935 0.9176 0.0001 0.3857 0.9226 0.0556 0.3744 0.9256 0.103 0.3606 0.927 0.1375 0.3455 0.9283 0.1566 0.3301 0.9309 0.1598 0.3153 0.9355 0.1487 0.3014 0.9418 0.1267 0.2888 0.949 0.0988 0.2774 0.9557 0.0709 0.2676 0.9609 0.0491 0.2596 0.9645 0.0381 0.2537 0.9665 0.0408 0.2499 0.9674 0.0579 0.248 0.967 0.0873 0.2476 0.9649 0.1055 0.2391 0.9653 -0.0775 -0.2028 0.9761 -0.0976 -0.2074 0.9734 -0.1251 -0.2093 0.9698 -0.136 -0.2086 0.9685 -0.1286 -0.2054 0.9702 -0.1037 -0.1999 0.9743 -0.0642 -0.1919 0.9793 -0.0149 -0.1813 0.9833 0.0371 -0.1684 0.985 0.0846 -0.1538 0.9845 0.121 -0.1385 0.9829 0.1417 -0.1231 0.9822 0.1442 -0.1085 0.9836 0.1286 -0.095 0.9871 0.0967 -0.083 0.9918 0.053 -0.0728 0.9959 0.0035 -0.0646 0.9979 -0.0447 -0.0588 0.9973 -0.0849 -0.0554 0.9948 -0.1122 -0.0546 0.9922 -0.1239 -0.0563 0.9907 -0.1195 -0.0603 0.991 -0.1011 -0.0662 0.9927 -0.0726 -0.0735 0.9946 -0.0395 -0.0817 0.9959 -0.0084 -0.0901 0.9959 0.0144 -0.0981 0.9951 0.0241 -0.1051 0.9942 0.0177 -0.1106 0.9937 -0.0053 -0.114 0.9935 -0.043 -0.1146 0.9925 -0.0908 -0.1119 0.9896 -0.1424 -0.1055 0.9842 -0.1909 -0.0953 0.977 -0.23 -0.0815 0.9698 -0.2553 -0.0645 0.9647 -0.2641 -0.0442 0.9635 -0.2556 -0.0208 0.9665 -0.2307 0.0057 0.973 -0.1922 0.0351 0.9807 -0.145 0.0668 0.9872 -0.0956 0.1 0.9904 -0.0514 0.1335 0.9897 -0.0187 0.1663 0.9859 -0.002 0.1978 0.9802 -0.0028 0.2274 0.9738 -0.0201 0.2545 0.9669 -0.0503 0.2785 0.9591 -0.088 0.2989 0.9502 -0.1265 0.3154 0.9405 -0.1595 0.3282 0.9311 -0.1816 0.3378 0.9235 -0.1892 0.345 0.9193 -0.1806 0.3502 0.9191 -0.1555 0.3534 0.9225 -0.1158 0.3542 0.928 -0.0653 0.3522 0.9336 -0.0097 0.347 0.9378 0.0445 0.3387 0.9399 0.0909 0.3279 0.9403 0.1247 0.3158 0.9406 0.1432 0.303 0.9422 0.1462 0.2902 0.9457 0.1351 0.2778 0.9511 0.1136 0.2657 0.9573 0.0867 0.2541 0.9633 0.0603 0.243 0.9682 0.0402 0.2328 0.9717 0.0313 0.2237 0.9741 0.0362 0.2161 0.9757 0.0553 0.2099 0.9761 0.0866 0.2049 0.9749 0.104 0.1952 0.9752 -0.0832 -0.2091 0.9743 -0.1018 -0.2117 0.972 -0.1263 -0.2139 0.9687 -0.1341 -0.2137 0.9677 -0.1239 -0.2112 0.9696 -0.0963 -0.2064 0.9737 -0.0543 -0.1993 0.9784 -0.0031 -0.1896 0.9819 0.0504 -0.1778 0.9828 0.0987 -0.1644 0.9814 0.1352 -0.1504 0.9793 0.1556 -0.1364 0.9784 0.1575 -0.1232 0.9798 0.1408 -0.1112 0.9838 0.1075 -0.1005 0.9891 0.062 -0.0914 0.9939 0.0104 -0.0841 0.9964 -0.0402 -0.0787 0.9961 -0.0828 -0.0753 0.9937 -0.1124 -0.0742 0.9909 -0.1262 -0.0752 0.9892 -0.1237 -0.0781 0.9892 -0.1067 -0.0827 0.9908 -0.0793 -0.0883 0.9929 -0.0468 -0.0946 0.9944 -0.0157 -0.1008 0.9948 0.0078 -0.1065 0.9943 0.0187 -0.1112 0.9936 0.0141 -0.1144 0.9933 -0.0066 -0.1158 0.9933 -0.0415 -0.1147 0.9925 -0.0863 -0.1107 0.9901 -0.1347 -0.1036 0.9855 -0.1801 -0.0933 0.9792 -0.2163 -0.08 0.973 -0.2387 -0.0641 0.969 -0.2446 -0.0456 0.9685 -0.2333 -0.0247 0.9721 -0.2057 -0.0013 0.9786 -0.1648 0.0243 0.986 -0.1156 0.0516 0.992 -0.065 0.0799 0.9947 -0.0204 0.1083 0.9939 0.0119 0.1362 0.9906 0.0275 0.1629 0.9863 0.025 0.1882 0.9818 0.0053 0.2116 0.9773 -0.0279 0.2326 0.9722 -0.0692 0.2507 0.9656 -0.1118 0.2656 0.9576 -0.1488 0.2774 0.9491 -0.1748 0.2867 0.9419 -0.1858 0.294 0.9376 -0.1799 0.2997 0.9369 -0.1571 0.304 0.9396 -0.1193 0.3066 0.9443 -0.0703 0.3069 0.9491 -0.016 0.3047 0.9523 0.0371 0.2999 0.9532 0.0824 0.2931 0.9525 0.1153 0.2848 0.9516 0.133 0.2758 0.952 0.1351 0.2664 0.9543 0.1235 0.2568 0.9585 0.1017 0.2469 0.9637 0.0748 0.2365 0.9687 0.0487 0.2258 0.973 0.0293 0.2149 0.9762 0.0213 0.2041 0.9787 0.0274 0.1937 0.9807 0.0479 0.1837 0.9818 0.0806 0.1743 0.9814 0.0969 0.1635 0.9818 -0.0882 -0.2086 0.974 -0.1096 -0.212 0.9711 -0.1296 -0.2135 0.9683 -0.1326 -0.2128 0.9681 -0.1175 -0.2099 0.9706 -0.0855 -0.2049 0.975 -0.0399 -0.1976 0.9795 0.0135 -0.188 0.9821 0.0674 -0.1764 0.982 0.1146 -0.1635 0.9799 0.1488 -0.1503 0.9774 0.1659 -0.1374 0.9765 0.1641 -0.1255 0.9784 0.1436 -0.1148 0.9829 0.107 -0.1055 0.9886 0.0588 -0.0977 0.9935 0.0054 -0.0915 0.9958 -0.0457 -0.0871 0.9952 -0.0879 -0.0844 0.9925 -0.1163 -0.0837 0.9897 -0.1284 -0.0849 0.9881 -0.1242 -0.0877 0.9884 -0.1059 -0.0917 0.9901 -0.0776 -0.0966 0.9923 -0.0449 -0.1016 0.9938 -0.0144 -0.1064 0.9942 0.0079 -0.1105 0.9938 0.0173 -0.1134 0.9934 0.0112 -0.1148 0.9933 -0.0107 -0.1143 0.9934 -0.0461 -0.1114 0.9927 -0.0903 -0.1058 0.9903 -0.137 -0.0973 0.9858 -0.1796 -0.086 0.98 -0.2121 -0.0722 0.9746 -0.2303 -0.0561 0.9715 -0.2318 -0.0379 0.972 -0.216 -0.0176 0.9762 -0.1844 0.0047 0.9828 -0.1403 0.0287 0.9897 -0.0894 0.054 0.9945 -0.0388 0.0797 0.9961 0.0042 0.1052 0.9944 0.0335 0.13 0.991 0.0454 0.1537 0.9871 0.0388 0.176 0.9836 0.0152 0.1966 0.9804 -0.0216 0.2151 0.9763 -0.0656 0.231 0.9707 -0.1099 0.2441 0.9635 -0.1477 0.2546 0.9557 -0.1734 0.263 0.9491 -0.1834 0.2697 0.9453 -0.1761 0.2753 0.9451 -0.1518 0.2798 0.948 -0.1127 0.2828 0.9525 -0.0631 0.2839 0.9568 -0.0092 0.2827 0.9592 0.0424 0.2794 0.9592 0.0853 0.2742 0.9579 0.115 0.2678 0.9566 0.1294 0.2606 0.9567 0.1284 0.2529 0.9589 0.1141 0.2448 0.9629 0.0904 0.2359 0.9676 0.0627 0.2261 0.9721 0.037 0.2156 0.9758 0.0191 0.2043 0.9787 0.0134 0.1927 0.9812 0.0223 0.181 0.9832 0.0455 0.1693 0.9845 0.0805 0.1577 0.9842 0.0897 0.1502 0.9846</float_array>
          <technique_common>
            <accessor source="#mountain_terrain_normals_array" count="5329" stride="3">
              <param name="X" type="float"/>
              <param name="Y" type="float"/>
              <param name="Z" type="float"/>
            </accessor>
          </technique_common>
        </source>
        <vertices id="mountain_terrain_vertices">
          <input semantic="POSITION" source="#mountain_terrain_positions"/>
        </vertices>
        <triangles count="10368">
          <input semantic="VERTEX" source="#mountain_terrain_vertices" offset="0"/>
          <input semantic="NORMAL" source="#mountain_terrain_normals" offset="1"/>
          <p>0 0 1 1 73 73 1 1 74 74 73 73 1 1 2 2 74 74 2 2 75 75 74 74 2 2 3 3 75 75 3 3 76 76 75 75 3 3 4 4 76 76 4 4 77 77 76 76 4 4 5 5 77 77 5 5 78 78 77 77 5 5 6 6 78 78 6 6 79 79 78 78 6 6 7 7 79 79 7 7 80 80 79 79 7 7 8 8 80 80 8 8 81 81 80 80 8 8 9 9 81 81 9 9 82 82 81 81 9 9 10 10 82 82 10 10 83 83 82 82 10 10 11 11 83 83 11 11 84 84 83 83 11 11 12 12 84 84 12 12 85 85 84 84 12 12 13 13 85 85 13 13 86 86 85 85 13 13 14 14 86 86 14 14 87 87 86 86 14 14 15 15 87 87 15 15 88 88 87 87 15 15 16 16 88 88 16 16 89 89 88 88 16 16 17 17 89 89 17 17 90 90 89 89 17 17 18 18 90 90 18 18 91 91 90 90 18 18 19 19 91 91 19 19 92 92 91 91 19 19 20 20 92 92 20 20 93 93 92 92 20 20 21 21 93 93 21 21 94 94 93 93 21 21 22 22 94 94 22 22 95 95 94 94 22 22 23 23 95 95 23 23 96 96 95 95 23 23 24 24 96 96 24 24 97 97 96 96 24 24 25 25 97 97 25 25 98 98 97 97 25 25 26 26 98 98 26 26 99 99 98 98 26 26 27 27 99 99 27 27 100 100 99 99 27 27 28 28 100 100 28 28 101 101 100 100 28 28 29 29 101 101 29 29 102 102 101 101 29 29 30 30 102 102 30 30 103 103 102 102 30 30 31 31 103 103 31 31 104 104 103 103 31 31 32 32 104 104 32 32 105 105 104 104 32 32 33 33 105 105 33 33 106 106 105 105 33 33 34 34 106 106 34 34 107 107 106 106 34 34 35 35 107 107 35 35 108 108 107 107 35 35 36 36 108 108 36 36 109 109 108 108 36 36 37 37 109 109 37 37 110 110 109 109 37 37 38 38 110 110 38 38 111 111 110 110 38 38 39 39 111 111 39 39 112 112 111 111 39 39 40 40 112 112 40 40 113 113 112 112 40 40 41 41 113 113 41 41 114 114 113 113 41 41 42 42 114 114 42 42 115 115 114 114 42 42 43 43 115 115 43 43 116 116 115 115 43 43 44 44 116 116 44 44 117 117 116 116 44 44 45 45 117 117 45 45 118 118 117 117 45 45 46 46 118 118 46 46 119 119 118 118 46 46 47 47 119 119 47 47 120 120 119 119 47 47 48 48 120 120 48 48 121 121 120 120 48 48 49 49 121 121 49 49 122 122 121 121 49 49 50 50 122 122 50 50 123 123 122 122 50 50 51 51 123 123 51 51 124 124 123 123 51 51 52 52 124 124 52 52 125 125 124 124 52 52 53 53 125 125 53 53 126 126 125 125 53 53 54 54 126 126 54 54 127 127 126 126 54 54 55 55 127 127 55 55 128 128 127 127 55 55 56 56 128 128 56 56 129 129 128 128 56 56 57 57 129 129 57 57 130 130 129 129 57 57 58 58 130 130 58 58 131 131 130 130 58 58 59 59 131 131 59 59 132 132 131 131 59 59 60 60 132 132 60 60 133 133 132 132 60 60 61 61 133 133 61 61 134 134 133 133 61 61 62 62 134 134 62 62 135 135 134 134 62 62 63 63 135 135 63 63 136 136 135 135 63 63 64 64 136 136 64 64 137 137 136 136 64 64 65 65 137 137 65 65 138 138 137 137 65 65 66 66 138 138 66 66 139 139 138 138 66 66 67 67 139 139 67 67 140 140 139 139 67 67 68 68 140 140 68 68 141 141 140 140 68 68 69 69 141 141 69 69 142 142 141 141 69 69 70 70 142 142 70 70 143 143 142 142 70 70 71 71 143 143 71 71 144 144 143 143 71 71 72 72 144 144 72 72 145 145 144 144 73 73 74 74 146 146 74 74 147 147 146 146 74 74 75 75 147 147 75 75 148 148 147 147 75 75 76 76 148 148 76 76 149 149 148 148 76 76 77 77 149 149 77 77 150 150 149 149 77 77 78 78 150 150 78 78 151 151 150 150 78 78 79 79 151 151 79 79 152 152 151 151 79 79 80 80 152 152 80 80 153 153 152 152 80 80 81 81 153 153 81 81 154 154 153 153 81 81 82 82 154 154 82 82 155 155 154 154 82 82 83 83 155 155 83 83 156 156 155 155 83 83 84 84 156 156 84 84 157 157 156 156 84 84 85 85 157 157 85 85 158 158 157 157 85 85 86 86 158 158 86 86 159 159 158 158 86 86 87 87 159 159 87 87 160 160 159 159 87 87 88 88 160 160 88 88 161 161 160 160 88 88 89 89 161 161 89 89 162 162 161 161 89 89 90 90 162 162 90 90 163 163 162 162 90 90 91 91 163 163 91 91 164 164 163 163 91 91 92 92 164 164 92 92 165 165 164 164 92 92 93 93 165 165 93 93 166 166 165 165 93 93 94 94 166 166 94 94 167 167 166 166 94 94 95 95 167 167 95 95 168 168 167 167 95 95 96 96 168 168 96 96 169 169 168 168 96 96 97 97 169 169 97 97 170 170 169 169 97 97 98 98 170 170 98 98 171 171 170 170 98 98 99 99 171 171 99 99 172 172 171 171 99 99 100 100 172 172 100 100 173 173 172 172 100 100 101 101 173 173 101 101 174 174 173 173 101 101 102 102 174 174 102 102 175 175 174 174 102 102 103 103 175 175 103 103 176 176 175 175 103 103 104 104 176 176 104 104 177 177 176 176 104 104 105 105 177 177 105 105 178 178 177 177 105 105 106 106 178 178 106 106 179 179 178 178 106 106 107 107 179 179 107 107 180 180 179 179 107 107 108 108 180 180 108 108 181 181 180 180 108 108 109 109 181 181 109 109 182 182 181 181 109 109 110 110 182 182 110 110 183 183 182 182 110 110 111 111 183 183 111 111 184 184 183 183 111 111 112 112 184 184 112 112 185 185 184 184 112 112 113 113 185 185 113 113 186 186 185 185 113 113 114 114 186 186 114 114 187 187 186 186 114 114 115 115 187 187 115 115 188 188 187 187 115 115 116 116 188 188 116 116 189 189 188 188 116 116 117 117 189 189 117 117 190 190 189 189 117 117 118 118 190 190 118 118 191 191 190 190 118 118 119 119 191 191 119 119 192 192 191 191 119 119 120 120 192 192 120 120 193 193 192 192 120 120 121 121 193 193 121 121 194 194 193 193 121 121 122 122 194 194 122 122 195 195 194 194 122 122 123 123 195 195 123 123 196 196 195 195 123 123 124 124 196 196 124 124 197 197 196 196 124 124 125 125 197 197 125 125 198 198 197 197 125 125 126 126 198 198 126 126 199 199 198 198 126 126 127 127 199 199 127 127 200 200 199 199 127 127 128 128 200 200 128 128 201 201 200 200 128 128 129 129 201 201 129 129 202 202 201 201 129 129 130 130 202 202 130 130 203 203 202 202 130 130 131 131 203 203 131 131 204 204 203 203 131 131 132 132 204 204 132 132 205 205 204 204 132 132 133 133 205 205 133 133 206 206 205 205 133 133 134 134 206 206 134 134 207 207 206 206 134 134 135 135 207 207 135 135 208 208 207 207 135 135 136 136 208 208 136 136 209 209 208 208 136 136 137 137 209 209 137 137 210 210 209 209 137 137 138 138 210 210 138 138 211 211 210 210 138 138 139 139 211 211 139 139 212 212 211 211 139 139 140 140 212 212 140 140 213 213 212 212 140 140 141 141 213 213 141 141 214 214 213 213 141 141 142 142 214 214 142 142 215 215 214 214 142 142 143 143 215 215 143 143 216 216 215 215 143 143 144 144 216 216 144 144 217 217 216 216 144 144 145 145 217 217 145 145 218 218 217 217 146 146 147 147 219 219 147 147 220 220 219 219 147 147 148 148 220 220 148 148 221 221 220 220 148 148 149 149 221 221 149 149 222 222 221 221 149 149 150 150 222 222 150 150 223 223 222 222 150 150 151 151 223 223 151 151 224 224 223 223 151 151 152 152 224 224 152 152 225 225 224 224 152 152 153 153 225 225 153 153 226 226 225 225 153 153 154 154 226 226 154 154 227 227 226 226 154 154 155 155 227 227 155 155 228 228 227 227 155 155 156 156 228 228 156 156 229 229 228 228 156 156 157 157 229 229 157 157 230 230 229 229 157 157 158 158 230 230 158 158 231 231 230 230 158 158 159 159 231 231 159 159 232 232 231 231 159 159 160 160 232 232 160 160 233 233 232 232 160 160 161 161 233 233 161 161 234 234 233 233 161 161 162 162 234 234 162 162 235 235 234 234 162 162 163 163 235 235 163 163 236 236 235 235 163 163 164 164 236 236 164 164 237 237 236 236 164 164 165 165 237 237 165 165 238 238 237 237 165 165 166 166 238 238 166 166 239 239 238 238 166 166 167 167 239 239 167 167 240 240 239 239 167 167 168 168 240 240 168 168 241 241 240 240 168 168 169 169 241 241 169 169 242 242 241 241 169 169 170 170 242 242 170 170 243 243 242 242 170 170 171 171 243 243 171 171 244 244 243 243 171 171 172 172 244 244 172 172 245 245 244 244 172 172 173 173 245 245 173 173 246 246 245 245 173 173 174 174 246 246 174 174 247 247 246 246 174 174 175 175 247 247 175 175 248 248 247 247 175 175 176 176 248 248 176 176 249 249 248 248 176 176 177 177 249 249 177 177 250 250 249 249 177 177 178 178 250 250 178 178 251 251 250 250 178 178 179 179 251 251 179 179 252 252 251 251 179 179 180 180 252 252 180 180 253 253 252 252 180 180 181 181 253 253 181 181 254 254 253 253 181 181 182 182 254 254 182 182 255 255 254 254 182 182 183 183 255 255 183 183 256 256 255 255 183 183 184 184 256 256 184 184 257 257 256 256 184 184 185 185 257 257 185 185 258 258 257 257 185 185 186 186 258 258 186 186 259 259 258 258 186 186 187 187 259 259 187 187 260 260 259 259 187 187 188 188 260 260 188 188 261 261 260 260 188 188 189 189 261 261 189 189 262 262 261 261 189 189 190 190 262 262 190 190 263 263 262 262 190 190 191 191 263 263 191 191 264 264 263 263 191 191 192 192 264 264 192 192 265 265 264 264 192 192 193 193 265 265 193 193 266 266 265 265 193 193 194 194 266 266 194 194 267 267 266 266 194 194 195 195 267 267 195 195 268 268 267 267 195 195 196 196 268 268 196 196 269 269 268 268 196 196 197 197 269 269 197 197 270 270 269 269 197 197 198 198 270 270 198 198 271 271 270 270 198 198 199 199 271 271 199 199 272 272 271 271 199 199 200 200 272 272 200 200 273 273 272 272 200 200 201 201 273 273 201 201 274 274 273 273 201 201 202 202 274 274 202 202 275 275 274 274 202 202 203 203 275 275 203 203 276 276 275 275 203 203 204 204 276 276 204 204 277 277 276 276 204 204 205 205 277 277 205 205 278 278 277 277 205 205 206 206 278 278 206 206 279 279 278 278 206 206 207 207 279 279 207 207 280 280 279 279 207 207 208 208 280 280 208 208 281 281 280 280 208 208 209 209 281 281 209 209 282 282 281 281 209 209 210 210 282 282 210 210 283 283 282 282 210 210 211 211 283 283 211 211 284 284 283 283 211 211 212 212 284 284 212 212 285 285 284 284 212 212 213 213 285 285 213 213 286 286 285 285 213 213 214 214 286 286 214 214 287 287 286 286 214 214 215 215 287 287 215 215 288 288 287 287 215 215 216 216 288 288 216 216 289 289 288 288 216 216 217 217 289 289 217 217 290 290 289 289 217 217 218 218 290 290 218 218 291 291 290 290 219 219 220 220 292 292 220 220 293 293 292 292 220 220 221 221 293 293 221 221 294 294 293 293 221 221 222 222 294 294 222 222 295 295 294 294 222 222 223 223 295 295 223 223 296 296 295 295 223 223 224 224 296 296 224 224 297 297 296 296 224 224 225 225 297 297 225 225 298 298 297 297 225 225 226 226 298 298 226 226 299 299 298 298 226 226 227 227 299 299 227 227 300 300 299 299 227 227 228 228 300 300 228 228 301 301 300 300 228 228 229 229 301 301 229 229 302 302 301 301 229 229 230 230 302 302 230 230 303 303 302 302 230 230 231 231 303 303 231 231 304 304 303 303 231 231 232 232 304 304 232 232 305 305 304 304 232 232 233 233 305 305 233 233 306 306 305 305 233 233 234 234 306 306 234 234 307 307 306 306 234 234 235 235 307 307 235 235 308 308 307 307 235 235 236 236 308 308 236 236 309 309 308 308 236 236 237 237 309 309 237 237 310 310 309 309 237 237 238 238 310 310 238 238 311 311 310 310 238 238 239 239 311 311 239 239 312 312 311 311 239 239 240 240 312 312 240 240 313 313 312 312 240 240 241 241 313 313 241 241 314 314 313 313 241 241 242 242 314 314 242 242 315 315 314 314 242 242 243 243 315 315 243 243 316 316 315 315 243 243 244 244 316 316 244 244 317 317 316 316 244 244 245 245 317 317 245 245 318 318 317 317 245 245 246 246 318 318 246 246 319 319 318 318 246 246 247 247 319 319 247 247 320 320 319 319 247 247 248 248 320 320 248 248 321 321 320 320 248 248 249 249 321 321 249 249 322 322 321 321 249 249 250 250 322 322 250 250 323 323 322 322 250 250 251 251 323 323 251 251 324 324 323 323 251 251 252 252 324 324 252 252 325 325 324 324 252 252 253 253 325 325 253 253 326 326 325 325 253 253 254 254 326 326 254 254 327 327 326 326 254 254 255 255 327 327 255 255 328 328 327 327 255 255 256 256 328 328 256 256 329 329 328 328 256 256 257 257 329 329 257 257 330 330 329 329 257 257 258 258 330 330 258 258 331 331 330 330 258 258 259 259 331 331 259 259 332 332 331 331 259 259 260 260 332 332 260 260 333 333 332 332 260 260 261 261 333 333 261 261 334 334 333 333 261 261 262 262 334 334 262 262 335 335 334 334 262 262 263 263 335 335 263 263 336 336 335 335 263 263 264 264 336 336 264 264 337 337 336 336 264 264 265 265 337 337 265 265 338 338 337 337 265 265 266 266 338 338 266 266 339 339 338 338 266 266 267 267 339 339 267 267 340 340 339 339 267 267 268 268 340 340 268 268 341 341 340 340 268 268 269 269 341 341 269 269 342 342 341 341 269 269 270 270 342 342 270 270 343 343 342 342 270 270 271 271 343 343 271 271 344 344 343 343 271 271 272 272 344 344 272 272 345 345 344 344 272 272 273 273 345 345 273 273 346 346 345 345 273 273 274 274 346 346 274 274 347 347 346 346 274 274 275 275 347 347 275 275 348 348 347 347 275 275 276 276 348 348 276 276 349 349 348 348 276 276 277 277 349 349 277 277 350 350 349 349 277 277 278 278 350 350 278 278 351 351 350 350 278 278 279 279 351 351 279 279 352 352 351 351 279 279 280 280 352 352 280 280 353 353 352 352 280 280 281 281 353 353 281 281 354 354 353 353 281 281 282 282 354 354 282 282 355 355 354 354 282 282 283 283 355 355 283 283 356 356 355 355 283 283 284 284 356 356 284 284 357 357 356 356 284 284 285 285 357 357 285 285 358 358 357 357 285 285 286 286 358 358 286 286 359 359 358 358 286 286 287 287 359 359 287 287 360 360 359 359 287 287 288 288 360 360 288 288 361 361 360 360 288 288 289 289 361 361 289 289 362 362 361 361 289 289 290 290 362 362 290 290 363 363 362 362 290 290 291 291 363 363 291 291 364 364 363 363 292 292 293 293 365 365 293 293 366 366 365 365 293 293 294 294 366 366 294 294 367 367 366 366 294 294 295 295 367 367 295 295 368 368 367 367 295 295 296 296 368 368 296 296 369 369 368 368 296 296 297 297 369 369 297 297 370 370 369 369 297 297 298 298 370 370 298 298 371 371 370 370 298 298 299 299 371 371 299 299 372 372 371 371 299 299 300 300 372 372 300 300 373 373 372 372 300 300 301 301 373 373 301 301 374 374 373 373 301 301 302 302 374 374 302 302 375 375 374 374 302 302 303 303 375 375 303 303 376 376 375 375 303 303 304 304 376 376 304 304 377 377 376 376 304 304 305 305 377 377 305 305 378 378 377 377 305 305 306 306 378 378 306 306 379 379 378 378 306 306 307 307 379 379 307 307 380 380 379 379 307 307 308 308 380 380 308 308 381 381 380 380 308 308 309 309 381 381 309 309 382 382 381 381 309 309 310 310 382 382 310 310 383 383 382 382 310 310 311 311 383 383 311 311 384 384 383 383 311 311 312 312 384 384 312 312 385 385 384 384 312 312 313 313 385 385 313 313 386 386 385 385 313 313 314 314 386 386 314 314 387 387 386 386 314 314 315 315 387 387 315 315 388 388 387 387 315 315 316 316 388 388 316 316 389 389 388 388 316 316 317 317 389 389 317 317 390 390 389 389 317 317 318 318 390 390 318 318 391 391 390 390 318 318 319 319 391 391 319 319 392 392 391 391 319 319 320 320 392 392 320 320 393 393 392 392 320 320 321 321 393 393 321 321 394 394 393 393 321 321 322 322 394 394 322 322 395 395 394 394 322 322 323 323 395 395 323 323 396 396 395 395 323 323 324 324 396 396 324 324 397 397 396 396 324 324 325 325 397 397 325 325 398 398 397 397 325 325 326 326 398 398 326 326 399 399 398 398 326 326 327 327 399 399 327 327 400 400 399 399 327 327 328 328 400 400 328 328 401 401 400 400 328 328 329 329 401 401 329 329 402 402 401 401 329 329 330 330 402 402 330 330 403 403 402 402 330 330 331 331 403 403 331 331 404 404 403 403 331 331 332 332 404 404 332 332 405 405 404 404 332 332 333 333 405 405 333 333 406 406 405 405 333 333 334 334 406 406 334 334 407 407 406 406 334 334 335 335 407 407 335 335 408 408 407 407 335 335 336 336 408 408 336 336 409 409 408 408 336 336 337 337 409 409 337 337 410 410 409 409 337 337 338 338 410 410 338 338 411 411 410 410 338 338 339 339 411 411 339 339 412 412 411 411 339 339 340 340 412 412 340 340 413 413 412 412 340 340 341 341 413 413 341 341 414 414 413 413 341 341 342 342 414 414 342 342 415 415 414 414 342 342 343 343 415 415 343 343 416 416 415 415 343 343 344 344 416 416 344 344 417 417 416 416 344 344 345 345 417 417 345 345 418 418 417 417 345 345 346 346 418 418 346 346 419 419 418 418 346 346 347 347 419 419 347 347 420 420 419 419 347 347 348 348 420 420 348 348 421 421 420 420 348 348 349 349 421 421 349 349 422 422 421 421 349 349 350 350 422 422 350 350 423 423 422 422 350 350 351 351 423 423 351 351 424 424 423 423 351 351 352 352 424 424 352 352 425 425 424 424 352 352 353 353 425 425 353 353 426 426 425 425 353 353 354 354 426 426 354 354 427 427 426 426 354 354 355 355 427 427 355 355 428 428 427 427 355 355 356 356 428 428 356 356 429 429 428 428 356 356 357 357 429 429 357 357 430 430 429 429 357 357 358 358 430 430 358 358 431 431 430 430 358 358 359 359 431 431 359 359 432 432 431 431 359 359 360 360 432 432 360 360 433 433 432 432 360 360 361 361 433 433 361 361 434 434 433 433 361 361 362 362 434 434 362 362 435 435 434 434 362 362 363 363 435 435 363 363 436 436 435 435 363 363 364 364 436 436 364 364 437 437 436 436 365 365 366 366 438 438 366 366 439 439 438 438 366 366 367 367 439 439 367 367 440 440 439 439 367 367 368 368 440 440 368 368 441 441 440 440 368 368 369 369 441 441 369 369 442 442 441 441 369 369 370 370 442 442 370 370 443 443 442 442 370 370 371 371 443 443 371 371 444 444 443 443 371 371 372 372 444 444 372 372 445 445 444 444 372 372 373 373 445 445 373 373 446 446 445 445 373 373 374 374 446 446 374 374 447 447 446 446 374 374 375 375 447 447 375 375 448 448 447 447 375 375 376 376 448 448 376 376 449 449 448 448 376 376 377 377 449 449 377 377 450 450 449 449 377 377 378 378 450 450 378 378 451 451 450 450 378 378 379 379 451 451 379 379 452 452 451 451 379 379 380 380 452 452 380 380 453 453 452 452 380 380 381 381 453 453 381 381 454 454 453 453 381 381 382 382 454 454 382 382 455 455 454 454 382 382 383 383 455 455 383 383 456 456 455 455 383 383 384 384 456 456 384 384 457 457 456 456 384 384 385 385 457 457 385 385 458 458 457 457 385 385 386 386 458 458 386 386 459 459 458 458 386 386 387 387 459 459 387 387 460 460 459 459 387 387 388 388 460 460 388 388 461 461 460 460 388 388 389 389 461 461 389 389 462 462 461 461 389 389 390 390 462 462 390 390 463 463 462 462 390 390 391 391 463 463 391 391 464 464 463 463 391 391 392 392 464 464 392 392 465 465 464 464 392 392 393 393 465 465 393 393 466 466 465 465 393 393 394 394 466 466 394 394 467 467 466 466 394 394 395 395 467 467 395 395 468 468 467 467 395 395 396 396 468 468 396 396 469 469 468 468 396 396 397 397 469 469 397 397 470 470 469 469 397 397 398 398 470 470 398 398 471 471 470 470 398 398 399 399 471 471 399 399 472 472 471 471 399 399 400 400 472 472 400 400 473 473 472 472 400 400 401 401 473 473 401 401 474 474 473 473 401 401 402 402 474 474 402 402 475 475 474 474 402 402 403 403 475 475 403 403 476 476 475 475 403 403 404 404 476 476 404 404 477 477 476 476 404 404 405 405 477 477 405 405 478 478 477 477 405 405 406 406 478 478 406 406 479 479 478 478 406 406 407 407 479 479 407 407 480 480 479 479 407 407 408 408 480 480 408 408 481 481 480 480 408 408 409 409 481 481 409 409 482 482 481 481 409 409 410 410 482 482 410 410 483 483 482 482 410 410 411 411 483 483 411 411 484 484 483 483 411 411 412 412 484 484 412 412 485 485 484 484 412 412 413 413 485 485 413 413 486 486 485 485 413 413 414 414 486 486 414 414 487 487 486 486 414 414 415 415 487 487 415 415 488 488 487 487 415 415 416 416 488 488 416 416 489 489 488 488 416 416 417 417 489 489 417 417 490 490 489 489 417 417 418 418 490 490 418 418 491 491 490 490 418 418 419 419 491 491 419 419 492 492 491 491 419 419 420 420 492 492 420 420 493 493 492 492 420 420 421 421 493 493 421 421 494 494 493 493 421 421 422 422 494 494 422 422 495 495 494 494 422 422 423 423 495 495 423 423 496 496 495 495 423 423 424 424 496 496 424 424 497 497 496 496 424 424 425 425 497 497 425 425 498 498 497 497 425 425 426 426 498 498 426 426 499 499 498 498 426 426 427 427 499 499 427 427 500 500 499 499 427 427 428 428 500 500 428 428 501 501 500 500 428 428 429 429 501 501 429 429 502 502 501 501 429 429 430 430 502 502 430 430 503 503 502 502 430 430 431 431 503 503 431 431 504 504 503 503 431 431 432 432 504 504 432 432 505 505 504 504 432 432 433 433 505 505 433 433 506 506 505 505 433 433 434 434 506 506 434 434 507 507 506 506 434 434 435 435 507 507 435 435 508 508 507 507 435 435 436 436 508 508 436 436 509 509 508 508 436 436 437 437 509 509 437 437 510 510 509 509 438 438 439 439 511 511 439 439 512 512 511 511 439 439 440 440 512 512 440 440 513 513 512 512 440 440 441 441 513 513 441 441 514 514 513 513 441 441 442 442 514 514 442 442 515 515 514 514 442 442 443 443 515 515 443 443 516 516 515 515 443 443 444 444 516 516 444 444 517 517 516 516 444 444 445 445 517 517 445 445 518 518 517 517 445 445 446 446 518 518 446 446 519 519 518 518 446 446 447 447 519 519 447 447 520 520 519 519 447 447 448 448 520 520 448 448 521 521 520 520 448 448 449 449 521 521 449 449 522 522 521 521 449 449 450 450 522 522 450 450 523 523 522 522 450 450 451 451 523 523 451 451 524 524 523 523 451 451 452 452 524 524 452 452 525 525 524 524 452 452 453 453 525 525 453 453 526 526 525 525 453 453 454 454 526 526 454 454 527 527 526 526 454 454 455 455 527 527 455 455 528 528 527 527 455 455 456 456 528 528 456 456 529 529 528 528 456 456 457 457 529 529 457 457 530 530 529 529 457 457 458 458 530 530 458 458 531 531 530 530 458 458 459 459 531 531 459 459 532 532 531 531 459 459 460 460 532 532 460 460 533 533 532 532 460 460 461 461 533 533 461 461 534 534 533 533 461 461 462 462 534 534 462 462 535 535 534 534 462 462 463 463 535 535 463 463 536 536 535 535 463 463 464 464 536 536 464 464 537 537 536 536 464 464 465 465 537 537 465 465 538 538 537 537 465 465 466 466 538 538 466 466 539 539 538 538 466 466 467 467 539 539 467 467 540 540 539 539 467 467 468 468 540 540 468 468 541 541 540 540 468 468 469 469 541 541 469 469 542 542 541 541 469 469 470 470 542 542 470 470 543 543 542 542 470 470 471 471 543 543 471 471 544 544 543 543 471 471 472 472 544 544 472 472 545 545 544 544 472 472 473 473 545 545 473 473 546 546 545 545 473 473 474 474 546 546 474 474 547 547 546 546 474 474 475 475 547 547 475 475 548 548 547 547 475 475 476 476 548 548 476 476 549 549 548 548 476 476 477 477 549 549 477 477 550 550 549 549 477 477 478 478 550 550 478 478 551 551 550 550 478 478 479 479 551 551 479 479 552 552 551 551 479 479 480 480 552 552 480 480 553 553 552 552 480 480 481 481 553 553 481 481 554 554 553 553 481 481 482 482 554 554 482 482 555 555 554 554 482 482 483 483 555 555 483 483 556 556 555 555 483 483 484 484 556 556 484 484 557 557 556 556 484 484 485 485 557 557 485 485 558 558 557 557 485 485 486 486 558 558 486 486 559 559 558 558 486 486 487 487 559 559 487 487 560 560 559 559 487 487 488 488 560 560 488 488 561 561 560 560 488 488 489 489 561 561 489 489 562 562 561 561 489 489 490 490 562 562 490 490 563 563 562 562 490 490 491 491 563 563 491 491 564 564 563 563 491 491 492 492 564 564 492 492 565 565 564 564 492 492 493 493 565 565 493 493 566 566 565 565 493 493 494 494 566 566 494 494 567 567 566 566 494 494 495 495 567 567 495 495 568 568 567 567 495 495 496 496 568 568 496 496 569 569 568 568 496 496 497 497 569 569 497 497 570 570 569 569 497 497 498 498 570 570 498 498 571 571 570 570 498 498 499 499 571 571 499 499 572 572 571 571 499 499 500 500 572 572 500 500 573 573 572 572 500 500 501 501 573 573 501 501 574 574 573 573 501 501 502 502 574 574 502 502 575 575 574 574 502 502 503 503 575 575 503 503 576 576 575 575 503 503 504 504 576 576 504 504 577 577 576 576 504 504 505 505 577 577 505 505 578 578 577 577 505 505 506 506 578 578 506 506 579 579 578 578 506 506 507 507 579 579 507 507 580 580 579 579 507 507 508 508 580 580 508 508 581 581 580 580 508 508 509 509 581 581 509 509 582 582 581 581 509 509 510 510 582 582 510 510 583 583 582 582 511 511 512 512 584 584 512 512 585 585 584 584 512 512 513 513 585 585 513 513 586 586 585 585 513 513 514 514 586 586 514 514 587 587 586 586 514 514 515 515 587 587 515 515 588 588 587 587 515 515 516 516 588 588 516 516 589 589 588 588 516 516 517 517 589 589 517 517 590 590 589 589 517 517 518 518 590 590 518 518 591 591 590 590 518 518 519 519 591 591 519 519 592 592 591 591 519 519 520 520 592 592 520 520 593 593 592 592 520 520 521 521 593 593 521 521 594 594 593 593 521 521 522 522 594 594 522 522 595 595 594 594 522 522 523 523 595 595 523 523 596 596 595 595 523 523 524 524 596 596 524 524 597 597 596 596 524 524 525 525 597 597 525 525 598 598 597 597 525 525 526 526 598 598 526 526 599 599 598 598 526 526 527 527 599 599 527 527 600 600 599 599 527 527 528 528 600 600 528 528 601 601 600 600 528 528 529 529 601 601 529 529 602 602 601 601 529 529 530 530 602 602 530 530 603 603 602 602 530 530 531 531 603 603 531 531 604 604 603 603 531 531 532 532 604 604 532 532 605 605 604 604 532 532 533 533 605 605 533 533 606 606 605 605 533 533 534 534 606 606 534 534 607 607 606 606 534 534 535 535 607 607 535 535 608 608 607 607 535 535 536 536 608 608 536 536 609 609 608 608 536 536 537 537 609 609 537 537 610 610 609 609 537 537 538 538 610 610 538 538 611 611 610 610 538 538 539 539 611 611 539 539 612 612 611 611 539 539 540 540 612 612 540 540 613 613 612 612 540 540 541 541 613 613 541 541 614 614 613 613 541 541 542 542 614 614 542 542 615 615 614 614 542 542 543 543 615 615 543 543 616 616 615 615 543 543 544 544 616 616 544 544 617 617 616 616 544 544 545 545 617 617 545 545 618 618 617 617 545 545 546 546 618 618 546 546 619 619 618 618 546 546 547 547 619 619 547 547 620 620 619 619 547 547 548 548 620 620 548 548 621 621 620 620 548 548 549 549 621 621 549 549 622 622 621 621 549 549 550 550 622 622 550 550 623 623 622 622 550 550 551 551 623 623 551 551 624 624 623 623 551 551 552 552 624 624 552 552 625 625 624 624 552 552 553 553 625 625 553 553 626 626 625 625 553 553 554 554 626 626 554 554 627 627 626 626 554 554 555 555 627 627 555 555 628 628 627 627 555 555 556 556 628 628 556 556 629 629 628 628 556 556 557 557 629 629 557 557 630 630 629 629 557 557 558 558 630 630 558 558 631 631 630 630 558 558 559 559 631 631 559 559 632 632 631 631 559 559 560 560 632 632 560 560 633 633 632 632 560 560 561 561 633 633 561 561 634 634 633 633 561 561 562 562 634 634 562 562 635 635 634 634 562 562 563 563 635 635 563 563 636 636 635 635 563 563 564 564 636 636 564 564 637 637 636 636 564 564 565 565 637 637 565 565 638 638 637 637 565 565 566 566 638 638 566 566 639 639 638 638 566 566 567 567 639 639 567 567 640 640 639 639 567 567 568 568 640 640 568 568 641 641 640 640 568 568 569 569 641 641 569 569 642 642 641 641 569 569 570 570 642 642 570 570 643 643 642 642 570 570 571 571 643 643 571 571 644 644 643 643 571 571 572 572 644 644 572 572 645 645 644 644 572 572 573 573 645 645 573 573 646 646 645 645 573 573 574 574 646 646 574 574 647 647 646 646 574 574 575 575 647 647 575 575 648 648 647 647 575 575 576 576 648 648 576 576 649 649 648 648 576 576 577 577 649 649 577 577 650 650 649 649 577 577 578 578 650 650 578 578 651 651 650 650 578 578 579 579 651 651 579 579 652 652 651 651 579 579 580 580 652 652 580 580 653 653 652 652 580 580 581 581 653 653 581 581 654 654 653 653 581 581 582 582 654 654 582 582 655 655 654 654 582 582 583 583 655 655 583 583 656 656 655 655 584 584 585 585 657 657 585 585 658 658 657 657 585 585 586 586 658 658 586 586 659 659 658 658 586 586 587 587 659 659 587 587 660 660 659 659 587 587 588 588 660 660 588 588 661 661 660 660 588 588 589 589 661 661 589 589 662 662 661 661 589 589 590 590 662 662 590 590 663 663 662 662 590 590 591 591 663 663 591 591 664 664 663 663 591 591 592 592 664 664 592 592 665 665 664 664 592 592 593 593 665 665 593 593 666 666 665 665 593 593 594 594 666 666 594 594 667 667 666 666 594 594 595 595 667 667 595 595 668 668 667 667 595 595 596 596 668 668 596 596 669 669 668 668 596 596 597 597 669 669 597 597 670 670 669 669 597 597 598 598 670 670 598 598 671 671 670 670 598 598 599 599 671 671 599 599 672 672 671 671 599 599 600 600 672 672 600 600 673 673 672 672 600 600 601 601 673 673 601 601 674 674 673 673 601 601 602 602 674 674 602 602 675 675 674 674 602 602 603 603 675 675 603 603 676 676 675 675 603 603 604 604 676 676 604 604 677 677 676 676 604 604 605 605 677 677 605 605 678 678 677 677 605 605 606 606 678 678 606 606 679 679 678 678 606 606 607 607 679 679 607 607 680 680 679 679 607 607 608 608 680 680 608 608 681 681 680 680 608 608 609 609 681 681 609 609 682 682 681 681 609 609 610 610 682 682 610 610 683 683 682 682 610 610 611 611 683 683 611 611 684 684 683 683 611 611 612 612 684 684 612 612 685 685 684 684 612 612 613 613 685 685 613 613 686 686 685 685 613 613 614 614 686 686 614 614 687 687 686 686 614 614 615 615 687 687 615 615 688 688 687 687 615 615 616 616 688 688 616 616 689 689 688 688 616 616 617 617 689 689 617 617 690 690 689 689 617 617 618 618 690 690 618 618 691 691 690 690 618 618 619 619 691 691 619 619 692 692 691 691 619 619 620 620 692 692 620 620 693 693 692 692 620 620 621 621 693 693 621 621 694 694 693 693 621 621 622 622 694 694 622 622 695 695 694 694 622 622 623 623 695 695 623 623 696 696 695 695 623 623 624 624 696 696 624 624 697 697 696 696 624 624 625 625 697 697 625 625 698 698 697 697 625 625 626 626 698 698 626 626 699 699 698 698 626 626 627 627 699 699 627 627 700 700 699 699 627 627 628 628 700 700 628 628 701 701 700 700 628 628 629 629 701 701 629 629 702 702 701 701 629 629 630 630 702 702 630 630 703 703 702 702 630 630 631 631 703 703 631 631 704 704 703 703 631 631 632 632 704 704 632 632 705 705 704 704 632 632 633 633 705 705 633 633 706 706 705 705 633 633 634 634 706 706 634 634 707 707 706 706 634 634 635 635 707 707 635 635 708 708 707 707 635 635 636 636 708 708 636 636 709 709 708 708 636 636 637 637 709 709 637 637 710 710 709 709 637 637 638 638 710 710 638 638 711 711 710 710 638 638 639 639 711 711 639 639 712 712 711 711 639 639 640 640 712 712 640 640 713 713 712 712 640 640 641 641 713 713 641 641 714 714 713 713 641 641 642 642 714 714 642 642 715 715 714 714 642 642 643 643 715 715 643 643 716 716 715 715 643 643 644 644 716 716 644 644 717 717 716 716 644 644 645 645 717 717 645 645 718 718 717 717 645 645 646 646 718 718 646 646 719 719 718 718 646 646 647 647 719 719 647 647 720 720 719 719 647 647 648 648 720 720 648 648 721 721 720 720 648 648 649 649 721 721 649 649 722 722 721 721 649 649 650 650 722 722 650 650 723 723 722 722 650 650 651 651 723 723 651 651 724 724 723 723 651 651 652 652 724 724 652 652 725 725 724 724 652 652 653 653 725 725 653 653 726 726 725 725 653 653 654 654 726 726 654 654 727 727 726 726 654 654 655 655 727 727 655 655 728 728 727 727 655 655 656 656 728 728 656 656 729 729 728 728 657 657 658 658 730 730 658 658 731 731 730 730 658 658 659 659 731 731 659 659 732 732 731 731 659 659 660 660 732 732 660 660 733 733 732 732 660 660 661 661 733 733 661 661 734 734 733 733 661 661 662 662 734 734 662 662 735 735 734 734 662 662 663 663 735 735 663 663 736 736 735 735 663 663 664 664 736 736 664 664 737 737 736 736 664 664 665 665 737 737 665 665 738 738 737 737 665 665 666 666 738 738 666 666 739 739 738 738 666 666 667 667 739 739 667 667 740 740 739 739 667 667 668 668 740 740 668 668 741 741 740 740 668 668 669 669 741 741 669 669 742 742 741 741 669 669 670 670 742 742 670 670 743 743 742 742 670 670 671 671 743 743 671 671 744 744 743 743 671 671 672 672 744 744 672 672 745 745 744 744 672 672 673 673 745 745 673 673 746 746 745 745 673 673 674 674 746 746 674 674 747 747 746 746 674 674 675 675 747 747 675 675 748 748 747 747 675 675 676 676 748 748 676 676 749 749 748 748 676 676 677 677 749 749 677 677 750 750 749 749 677 677 678 678 750 750 678 678 751 751 750 750 678 678 679 679 751 751 679 679 752 752 751 751 679 679 680 680 752 752 680 680 753 753 752 752 680 680 681 681 753 753 681 681 754 754 753 753 681 681 682 682 754 754 682 682 755 755 754 754 682 682 683 683 755 755 683 683 756 756 755 755 683 683 684 684 756 756 684 684 757 757 756 756 684 684 685 685 757 757 685 685 758 758 757 757 685 685 686 686 758 758 686 686 759 759 758 758 686 686 687 687 759 759 687 687 760 760 759 759 687 687 688 688 760 760 688 688 761 761 760 760 688 688 689 689 761 761 689 689 762 762 761 761 689 689 690 690 762 762 690 690 763 763 762 762 690 690 691 691 763 763 691 691 764 764 763 763 691 691 692 692 764 764 692 692 765 765 764 764 692 692 693 693 765 765 693 693 766 766 765 765 693 693 694 694 766 766 694 694 767 767 766 766 694 694 695 695 767 767 695 695 768 768 767 767 695 695 696 696 768 768 696 696 769 769 768 768 696 696 697 697 769 769 697 697 770 770 769 769 697 697 698 698 770 770 698 698 771 771 770 770 698 698 699 699 771 771 699 699 772 772 771 771 699 699 700 700 772 772 700 700 773 773 772 772 700 700 701 701 773 773 701 701 774 774 773 773 701 701 702 702 774 774 702 702 775 775 774 774 702 702 703 703 775 775 703 703 776 776 775 775 703 703 704 704 776 776 704 704 777 777 776 776 704 704 705 705 777 777 705 705 778 778 777 777 705 705 706 706 778 778 706 706 779 779 778 778 706 706 707 707 779 779 707 707 780 780 779 779 707 707 708 708 780 780 708 708 781 781 780 780 708 708 709 709 781 781 709 709 782 782 781 781 709 709 710 710 782 782 710 710 783 783 782 782 710 710 711 711 783 783 711 711 784 784 783 783 711 711 712 712 784 784 712 712 785 785 784 784 712 712 713 713 785 785 713 713 786 786 785 785 713 713 714 714 786 786 714 714 787 787 786 786 714 714 715 715 787 787 715 715 788 788 787 787 715 715 716 716 788 788 716 716 789 789 788 788 716 716 717 717 789 789 717 717 790 790 789 789 717 717 718 718 790 790 718 718 791 791 790 790 718 718 719 719 791 791 719 719 792 792 791 791 719 719 720 720 792 792 720 720 793 793 792 792 720 720 721 721 793 793 721 721 794 794 793 793 721 721 722 722 794 794 722 722 795 795 794 794 722 722 723 723 795 795 723 723 796 796 795 795 723 723 724 724 796 796 724 724 797 797 796 796 724 724 725 725 797 797 725 725 798 798 797 797 725 725 726 726 798 798 726 726 799 799 798 798 726 726 727 727 799 799 727 727 800 800 799 799 727 727 728 728 800 800 728 728 801 801 800 800 728 728 729 729 801 801 729 729 802 802 801 801 730 730 731 731 803 803 731 731 804 804 803 803 731 731 732 732 804 804 732 732 805 805 804 804 732 732 733 733 805 805 733 733 806 806 805 805 733 733 734 734 806 806 734 734 807 807 806 806 734 734 735 735 807 807 735 735 808 808 807 807 735 735 736 736 808 808 736 736 809 809 808 808 736 736 737 737 809 809 737 737 810 810 809 809 737 737 738 738 810 810 738 738 811 811 810 810 738 738 739 739 811 811 739 739 812 812 811 811 739 739 740 740 812 812 740 740 813 813 812 812 740 740 741 741 813 813 741 741 814 814 813 813 741 741 742 742 814 814 742 742 815 815 814 814 742 742 743 743 815 815 743 743 816 816 815 815 743 743 744 744 816 816 744 744 817 817 816 816 744 744 745 745 817 817 745 745 818 818 817 817 745 745 746 746 818 818 746 746 819 819 818 818 746 746 747 747 819 819 747 747 820 820 819 819 747 747 748 748 820 820 748 748 821 821 820 820 748 748 749 749 821 821 749 749 822 822 821 821 749 749 750 750 822 822 750 750 823 823 822 822 750 750 751 751 823 823 751 751 824 824 823 823 751 751 752 752 824 824 752 752 825 825 824 824 752 752 753 753 825 825 753 753 826 826 825 825 753 753 754 754 826 826 754 754 827 827 826 826 754 754 755 755 827 827 755 755 828 828 827 827 755 755 756 756 828 828 756 756 829 829 828 828 756 756 757 757 829 829 757 757 830 830 829 829 757 757 758 758 830 830 758 758 831 831 830 830 758 758 759 759 831 831 759 759 832 832 831 831 759 759 760 760 832 832 760 760 833 833 832 832 760 760 761 761 833 833 761 761 834 834 833 833 761 761 762 762 834 834 762 762 835 835 834 834 762 762 763 763 835 835 763 763 836 836 835 835 763 763 764 764 836 836 764 764 837 837 836 836 764 764 765 765 837 837 765 765 838 838 837 837 765 765 766 766 838 838 766 766 839 839 838 838 766 766 767 767 839 839 767 767 840 840 839 839 767 767 768 768 840 840 768 768 841 841 840 840 768 768 769 769 841 841 769 769 842 842 841 841 769 769 770 770 842 842 770 770 843 843 842 842 770 770 771 771 843 843 771 771 844 844 843 843 771 771 772 772 844 844 772 772 845 845 844 844 772 772 773 773 845 845 773 773 846 846 845 845 773 773 774 774 846 846 774 774 847 847 846 846 774 774 775 775 847 847 775 775 848 848 847 847 775 775 776 776 848 848 776 776 849 849 848 848 776 776 777 777 849 849 777 777 850 850 849 849 777 777 778 778 850 850 778 778 851 851 850 850 778 778 779 779 851 851 779 779 852 852 851 851 779 779 780 780 852 852 780 780 853 853 852 852 780 780 781 781 853 853 781 781 854 854 853 853 781 781 782 782 854 854 782 782 855 855 854 854 782 782 783 783 855 855 783 783 856 856 855 855 783 783 784 784 856 856 784 784 857 857 856 856 784 784 785 785 857 857 785 785 858 858 857 857 785 785 786 786 858 858 786 786 859 859 858 858 786 786 787 787 859 859 787 787 860 860 859 859 787 787 788 788 860 860 788 788 861 861 860 860 788 788 789 789 861 861 789 789 862 862 861 861 789 789 790 790 862 862 790 790 863 863 862 862 790 790 791 791 863 863 791 791 864 864 863 863 791 791 792 792 864 864 792 792 865 865 864 864 792 792 793 793 865 865 793 793 866 866 865 865 793 793 794 794 866 866 794 794 867 867 866 866 794 794 795 795 867 867 795 795 868 868 867 867 795 795 796 796 868 868 796 796 869 869 868 868 796 796 797 797 869 869 797 797 870 870 869 869 797 797 798 798 870 870 798 798 871 871 870 870 798 798 799 799 871 871 799 799 872 872 871 871 799 799 800 800 872 872 800 800 873 873 872 872 800 800 801 801 873 873 801 801 874 874 873 873 801 801 802 802 874 874 802 802 875 875 874 874 803 803 804 804 876 876 804 804 877 877 876 876 804 804 805 805 877 877 805 805 878 878 877 877 805 805 806 806 878 878 806 806 879 879 878 878 806 806 807 807 879 879 807 807 880 880 879 879 807 807 808 808 880 880 808 808 881 881 880 880 808 808 809 809 881 881 809 809 882 882 881 881 809 809 810 810 882 882 810 810 883 883 882 882 810 810 811 811 883 883 811 811 884 884 883 883 811 811 812 812 884 884 812 812 885 885 884 884 812 812 813 813 885 885 813 813 886 886 885 885 813 813 814 814 886 886 814 814 887 887 886 886 814 814 815 815 887 887 815 815 888 888 887 887 815 815 816 816 888 888 816 816 889 889 888 888 816 816 817 817 889 889 817 817 890 890 889 889 817 817 818 818 890 890 818 818 891 891 890 890 818 818 819 819 891 891 819 819 892 892 891 891 819 819 820 820 892 892 820 820 893 893 892 892 820 820 821 821 893 893 821 821 894 894 893 893 821 821 822 822 894 894 822 822 895 895 894 894 822 822 823 823 895 895 823 823 896 896 895 895 823 823 824 824 896 896 824 824 897 897 896 896 824 824 825 825 897 897 825 825 898 898 897 897 825 825 826 826 898 898 826 826 899 899 898 898 826 826 827 827 899 899 827 827 900 900 899 899 827 827 828 828 900 900 828 828 901 901 900 900 828 828 829 829 901 901 829 829 902 902 901 901 829 829 830 830 902 902 830 830 903 903 902 902 830 830 831 831 903 903 831 831 904 904 903 903 831 831 832 832 904 904 832 832 905 905 904 904 832 832 833 833 905 905 833 833 906 906 905 905 833 833 834 834 906 906 834 834 907 907 906 906 834 834 835 835 907 907 835 835 908 908 907 907 835 835 836 836 908 908 836 836 909 909 908 908 836 836 837 837 909 909 837 837 910 910 909 909 837 837 838 838 910 910 838 838 911 911 910 910 838 838 839 839 911 911 839 839 912 912 911 911 839 839 840 840 912 912 840 840 913 913 912 912 840 840 841 841 913 913 841 841 914 914 913 913 841 841 842 842 914 914 842 842 915 915 914 914 842 842 843 843 915 915 843 843 916 916 915 915 843 843 844 844 916 916 844 844 917 917 916 916 844 844 845 845 917 917 845 845 918 918 917 917 845 845 846 846 918 918 846 846 919 919 918 918 846 846 847 847 919 919 847 847 920 920 919 919 847 847 848 848 920 920 848 848 921 921 920 920 848 848 849 849 921 921 849 849 922 922 921 921 849 849 850 850 922 922 850 850 923 923 922 922 850 850 851 851 923 923 851 851 924 924 923 923 851 851 852 852 924 924 852 852 925 925 924 924 852 852 853 853 925 925 853 853 926 926 925 925 853 853 854 854 926 926 854 854 927 927 926 926 854 854 855 855 927 927 855 855 928 928 927 927 855 855 856 856 928 928 856 856 929 929 928 928 856 856 857 857 929 929 857 857 930 930 929 929 857 857 858 858 930 930 858 858 931 931 930 930 858 858 859 859 931 931 859 859 932 932 931 931 859 859 860 860 932 932 860 860 933 933 932 932 860 860 861 861 933 933 861 861 934 934 933 933 861 861 862 862 934 934 862 862 935 935 934 934 862 862 863 863 935 935 863 863 936 936 935 935 863 863 864 864 936 936 864 864 937 937 936 936 864 864 865 865 937 937 865 865 938 938 937 937 865 865 866 866 938 938 866 866 939 939 938 938 866 866 867 867 939 939 867 867 940 940 939 939 867 867 868 868 940 940 868 868 941 941 940 940 868 868 869 869 941 941 869 869 942 942 941 941 869 869 870 870 942 942 870 870 943 943 942 942 870 870 871 871 943 943 871 871 944 944 943 943 871 871 872 872 944 944 872 872 945 945 944 944 872 872 873 873 945 945 873 873 946 946 945 945 873 873 874 874 946 946 874 874 947 947 946 946 874 874 875 875 947 947 875 875 948 948 947 947 876 876 877 877 949 949 877 877 950 950 949 949 877 877 878 878 950 950 878 878 951 951 950 950 878 878 879 879 951 951 879 879 952 952 951 951 879 879 880 880 952 952 880 880 953 953 952 952 880 880 881 881 953 953 881 881 954 954 953 953 881 881 882 882 954 954 882 882 955 955 954 954 882 882 883 883 955 955 883 883 956 956 955 955 883 883 884 884 956 956 884 884 957 957 956 956 884 884 885 885 957 957 885 885 958 958 957 957 885 885 886 886 958 958 886 886 959 959 958 958 886 886 887 887 959 959 887 887 960 960 959 959 887 887 888 888 960 960 888 888 961 961 960 960 888 888 889 889 961 961 889 889 962 962 961 961 889 889 890 890 962 962 890 890 963 963 962 962 890 890 891 891 963 963 891 891 964 964 963 963 891 891 892 892 964 964 892 892 965 965 964 964 892 892 893 893 965 965 893 893 966 966 965 965 893 893 894 894 966 966 894 894 967 967 966 966 894 894 895 895 967 967 895 895 968 968 967 967 895 895 896 896 968 968 896 896 969 969 968 968 896 896 897 897 969 969 897 897 970 970 969 969 897 897 898 898 970 970 898 898 971 971 970 970 898 898 899 899 971 971 899 899 972 972 971 971 899 899 900 900 972 972 900 900 973 973 972 972 900 900 901 901 973 973 901 901 974 974 973 973 901 901 902 902 974 974 902 902 975 975 974 974 902 902 903 903 975 975 903 903 976 976 975 975 903 903 904 904 976 976 904 904 977 977 976 976 904 904 905 905 977 977 905 905 978 978 977 977 905 905 906 906 978 978 906 906 979 979 978 978 906 906 907 907 979 979 907 907 980 980 979 979 907 907 908 908 980 980 908 908 981 981 980 980 908 908 909 909 981 981 909 909 982 982 981 981 909 909 910 910 982 982 910 910 983 983 982 982 910 910 911 911 983 983 911 911 984 984 983 983 911 911 912 912 984 984 912 912 985 985 984 984 912 912 913 913 985 985 913 913 986 986 985 985 913 913 914 914 986 986 914 914 987 987 986 986 914 914 915 915 987 987 915 915 988 988 987 987 915 915 916 916 988 988 916 916 989 989 988 988 916 916 917 917 989 989 917 917 990 990 989 989 917 917 918 918 990 990 918 918 991 991 990 990 918 918 919 919 991 991 919 919 992 992 991 991 919 919 920 920 992 992 920 920 993 993 992 992 920 920 921 921 993 993 921 921 994 994 993 993 921 921 922 922 994 994 922 922 995 995 994 994 922 922 923 923 995 995 923 923 996 996 995 995 923 923 924 924 996 996 924 924 997 997 996 996 924 924 925 925 997 997 925 925 998 998 997 997 925 925 926 926 998 998 926 926 999 999 998 998 926 926 927 927 999 999 927 927 1000 1000 999 999 927 927 928 928 1000 1000 928 928 1001 1001 1000 1000 928 928 929 929 1001 1001 929 929 1002 1002 1001 1001 929 929 930 930 1002 1002 930 930 1003 1003 1002 1002 930 930 931 931 1003 1003 931 931 1004 1004 1003 1003 931 931 932 932 1004 1004 932 932 1005 1005 1004 1004 932 932 933 933 1005 1005 933 933 1006 1006 1005 1005 933 933 934 934 1006 1006 934 934 1007 1007 1006 1006 934 934 935 935 1007 1007 935 935 1008 1008 1007 1007 935 935 936 936 1008 1008 936 936 1009 1009 1008 1008 936 936 937 937 1009 1009 937 937 1010 1010 1009 1009 937 937 938 938 1010 1010 938 938 1011 1011 1010 1010 938 938 939 939 1011 1011 939 939 1012 1012 1011 1011 939 939 940 940 1012 1012 940 940 1013 1013 1012 1012 940 940 941 941 1013 1013 941 941 1014 1014 1013 1013 941 941 942 942 1014 1014 942 942 1015 1015 1014 1014 942 942 943 943 1015 1015 943 943 1016 1016 1015 1015 943 943 944 944 1016 1016 944 944 1017 1017 1016 1016 944 944 945 945 1017 1017 945 945 1018 1018 1017 1017 945 945 946 946 1018 1018 946 946 1019 1019 1018 1018 946 946 947 947 1019 1019 947 947 1020 1020 1019 1019 947 947 948 948 1020 1020 948 948 1021 1021 1020 1020 949 949 950 950 1022 1022 950 950 1023 1023 1022 1022 950 950 951 951 1023 1023 951 951 1024 1024 1023 1023 951 951 952 952 1024 1024 952 952 1025 1025 1024 1024 952 952 953 953 1025 1025 953 953 1026 1026 1025 1025 953 953 954 954 1026 1026 954 954 1027 1027 1026 1026 954 954 955 955 1027 1027 955 955 1028 1028 1027 1027 955 955 956 956 1028 1028 956 956 1029 1029 1028 1028 956 956 957 957 1029 1029 957 957 1030 1030 1029 1029 957 957 958 958 1030 1030 958 958 1031 1031 1030 1030 958 958 959 959 1031 1031 959 959 1032 1032 1031 1031 959 959 960 960 1032 1032 960 960 1033 1033 1032 1032 960 960 961 961 1033 1033 961 961 1034 1034 1033 1033 961 961 962 962 1034 1034 962 962 1035 1035 1034 1034 962 962 963 963 1035 1035 963 963 1036 1036 1035 1035 963 963 964 964 1036 1036 964 964 1037 1037 1036 1036 964 964 965 965 1037 1037 965 965 1038 1038 1037 1037 965 965 966 966 1038 1038 966 966 1039 1039 1038 1038 966 966 967 967 1039 1039 967 967 1040 1040 1039 1039 967 967 968 968 1040 1040 968 968 1041 1041 1040 1040 968 968 969 969 1041 1041 969 969 1042 1042 1041 1041 969 969 970 970 1042 1042 970 970 1043 1043 1042 1042 970 970 971 971 1043 1043 971 971 1044 1044 1043 1043 971 971 972 972 1044 1044 972 972 1045 1045 1044 1044 972 972 973 973 1045 1045 973 973 1046 1046 1045 1045 973 973 974 974 1046 1046 974 974 1047 1047 1046 1046 974 974 975 975 1047 1047 975 975 1048 1048 1047 1047 975 975 976 976 1048 1048 976 976 1049 1049 1048 1048 976 976 977 977 1049 1049 977 977 1050 1050 1049 1049 977 977 978 978 1050 1050 978 978 1051 1051 1050 1050 978 978 979 979 1051 1051 979 979 1052 1052 1051 1051 979 979 980 980 1052 1052 980 980 1053 1053 1052 1052 980 980 981 981 1053 1053 981 981 1054 1054 1053 1053 981 981 982 982 1054 1054 982 982 1055 1055 1054 1054 982 982 983 983 1055 1055 983 983 1056 1056 1055 1055 983 983 984 984 1056 1056 984 984 1057 1057 1056 1056 984 984 985 985 1057 1057 985 985 1058 1058 1057 1057 985 985 986 986 1058 1058 986 986 1059 1059 1058 1058 986 986 987 987 1059 1059 987 987 1060 1060 1059 1059 987 987 988 988 1060 1060 988 988 1061 1061 1060 1060 988 988 989 989 1061 1061 989 989 1062 1062 1061 1061 989 989 990 990 1062 1062 990 990 1063 1063 1062 1062 990 990 991 991 1063 1063 991 991 1064 1064 1063 1063 991 991 992 992 1064 1064 992 992 1065 1065 1064 1064 992 992 993 993 1065 1065 993 993 1066 1066 1065 1065 993 993 994 994 1066 1066 994 994 1067 1067 1066 1066 994 994 995 995 1067 1067 995 995 1068 1068 1067 1067 995 995 996 996 1068 1068 996 996 1069 1069 1068 1068 996 996 997 997 1069 1069 997 997 1070 1070 1069 1069 997 997 998 998 1070 1070 998 998 1071 1071 1070 1070 998 998 999 999 1071 1071 999 999 1072 1072 1071 1071 999 999 1000 1000 1072 1072 1000 1000 1073 1073 1072 1072 1000 1000 1001 1001 1073 1073 1001 1001 1074 1074 1073 1073 1001 1001 1002 1002 1074 1074 1002 1002 1075 1075 1074 1074 1002 1002 1003 1003 1075 1075 1003 1003 1076 1076 1075 1075 1003 1003 1004 1004 1076 1076 1004 1004 1077 1077 1076 1076 1004 1004 1005 1005 1077 1077 1005 1005 1078 1078 1077 1077 1005 1005 1006 1006 1078 1078 1006 1006 1079 1079 1078 1078 1006 1006 1007 1007 1079 1079 1007 1007 1080 1080 1079 1079 1007 1007 1008 1008 1080 1080 1008 1008 1081 1081 1080 1080 1008 1008 1009 1009 1081 1081 1009 1009 1082 1082 1081 1081 1009 1009 1010 1010 1082 1082 1010 1010 1083 1083 1082 1082 1010 1010 1011 1011 1083 1083 1011 1011 1084 1084 1083 1083 1011 1011 1012 1012 1084 1084 1012 1012 1085 1085 1084 1084 1012 1012 1013 1013 1085 1085 1013 1013 1086 1086 1085 1085 1013 1013 1014 1014 1086 1086 1014 1014 1087 1087 1086 1086 1014 1014 1015 1015 1087 1087 1015 1015 1088 1088 1087 1087 1015 1015 1016 1016 1088 1088 1016 1016 1089 1089 1088 1088 1016 1016 1017 1017 1089 1089 1017 1017 1090 1090 1089 1089 1017 1017 1018 1018 1090 1090 1018 1018 1091 1091 1090 1090 1018 1018 1019 1019 1091 1091 1019 1019 1092 1092 1091 1091 1019 1019 1020 1020 1092 1092 1020 1020 1093 1093 1092 1092 1020 1020 1021 1021 1093 1093 1021 1021 1094 1094 1093 1093 1022 1022 1023 1023 1095 1095 1023 1023 1096 1096 1095 1095 1023 1023 1024 1024 1096 1096 1024 1024 1097 1097 1096 1096 1024 1024 1025 1025 1097 1097 1025 1025 1098 1098 1097 1097 1025 1025 1026 1026 1098 1098 1026 1026 1099 1099 1098 1098 1026 1026 1027 1027 1099 1099 1027 1027 1100 1100 1099 1099 1027 1027 1028 1028 1100 1100 1028 1028 1101 1101 1100 1100 1028 1028 1029 1029 1101 1101 1029 1029 1102 1102 1101 1101 1029 1029 1030 1030 1102 1102 1030 1030 1103 1103 1102 1102 1030 1030 1031 1031 1103 1103 1031 1031 1104 1104 1103 1103 1031 1031 1032 1032 1104 1104 1032 1032 1105 1105 1104 1104 1032 1032 1033 1033 1105 1105 1033 1033 1106 1106 1105 1105 1033 1033 1034 1034 1106 1106 1034 1034 1107 1107 1106 1106 1034 1034 1035 1035 1107 1107 1035 1035 1108 1108 1107 1107 1035 1035 1036 1036 1108 1108 1036 1036 1109 1109 1108 1108 1036 1036 1037 1037 1109 1109 1037 1037 1110 1110 1109 1109 1037 1037 1038 1038 1110 1110 1038 1038 1111 1111 1110 1110 1038 1038 1039 1039 1111 1111 1039 1039 1112 1112 1111 1111 1039 1039 1040 1040 1112 1112 1040 1040 1113 1113 1112 1112 1040 1040 1041 1041 1113 1113 1041 1041 1114 1114 1113 1113 1041 1041 1042 1042 1114 1114 1042 1042 1115 1115 1114 1114 1042 1042 1043 1043 1115 1115 1043 1043 1116 1116 1115 1115 1043 1043 1044 1044 1116 1116 1044 1044 1117 1117 1116 1116 1044 1044 1045 1045 1117 1117 1045 1045 1118 1118 1117 1117 1045 1045 1046 1046 1118 1118 1046 1046 1119 1119 1118 1118 1046 1046 1047 1047 1119 1119 1047 1047 1120 1120 1119 1119 1047 1047 1048 1048 1120 1120 1048 1048 1121 1121 1120 1120 1048 1048 1049 1049 1121 1121 1049 1049 1122 1122 1121 1121 1049 1049 1050 1050 1122 1122 1050 1050 1123 1123 1122 1122 1050 1050 1051 1051 1123 1123 1051 1051 1124 1124 1123 1123 1051 1051 1052 1052 1124 1124 1052 1052 1125 1125 1124 1124 1052 1052 1053 1053 1125 1125 1053 1053 1126 1126 1125 1125 1053 1053 1054 1054 1126 1126 1054 1054 1127 1127 1126 1126 1054 1054 1055 1055 1127 1127 1055 1055 1128 1128 1127 1127 1055 1055 1056 1056 1128 1128 1056 1056 1129 1129 1128 1128 1056 1056 1057 1057 1129 1129 1057 1057 1130 1130 1129 1129 1057 1057 1058 1058 1130 1130 1058 1058 1131 1131 1130 1130 1058 1058 1059 1059 1131 1131 1059 1059 1132 1132 1131 1131 1059 1059 1060 1060 1132 1132 1060 1060 1133 1133 1132 1132 1060 1060 1061 1061 1133 1133 1061 1061 1134 1134 1133 1133 1061 1061 1062 1062 1134 1134 1062 1062 1135 1135 1134 1134 1062 1062 1063 1063 1135 1135 1063 1063 1136 1136 1135 1135 1063 1063 1064 1064 1136 1136 1064 1064 1137 1137 1136 1136 1064 1064 1065 1065 1137 1137 1065 1065 1138 1138 1137 1137 1065 1065 1066 1066 1138 1138 1066 1066 1139 1139 1138 1138 1066 1066 1067 1067 1139 1139 1067 1067 1140 1140 1139 1139 1067 1067 1068 1068 1140 1140 1068 1068 1141 1141 1140 1140 1068 1068 1069 1069 1141 1141 1069 1069 1142 1142 1141 1141 1069 1069 1070 1070 1142 1142 1070 1070 1143 1143 1142 1142 1070 1070 1071 1071 1143 1143 1071 1071 1144 1144 1143 1143 1071 1071 1072 1072 1144 1144 1072 1072 1145 1145 1144 1144 1072 1072 1073 1073 1145 1145 1073 1073 1146 1146 1145 1145 1073 1073 1074 1074 1146 1146 1074 1074 1147 1147 1146 1146 1074 1074 1075 1075 1147 1147 1075 1075 1148 1148 1147 1147 1075 1075 1076 1076 1148 1148 1076 1076 1149 1149 1148 1148 1076 1076 1077 1077 1149 1149 1077 1077 1150 1150 1149 1149 1077 1077 1078 1078 1150 1150 1078 1078 1151 1151 1150 1150 1078 1078 1079 1079 1151 1151 1079 1079 1152 1152 1151 1151 1079 1079 1080 1080 1152 1152 1080 1080 1153 1153 1152 1152 1080 1080 1081 1081 1153 1153 1081 1081 1154 1154 1153 1153 1081 1081 1082 1082 1154 1154 1082 1082 1155 1155 1154 1154 1082 1082 1083 1083 1155 1155 1083 1083 1156 1156 1155 1155 1083 1083 1084 1084 1156 1156 1084 1084 1157 1157 1156 1156 1084 1084 1085 1085 1157 1157 1085 1085 1158 1158 1157 1157 1085 1085 1086 1086 1158 1158 1086 1086 1159 1159 1158 1158 1086 1086 1087 1087 1159 1159 1087 1087 1160 1160 1159 1159 1087 1087 1088 1088 1160 1160 1088 1088 1161 1161 1160 1160 1088 1088 1089 1089 1161 1161 1089 1089 1162 1162 1161 1161 1089 1089 1090 1090 1162 1162 1090 1090 1163 1163 1162 1162 1090 1090 1091 1091 1163 1163 1091 1091 1164 1164 1163 1163 1091 1091 1092 1092 1164 1164 1092 1092 1165 1165 1164 1164 1092 1092 1093 1093 1165 1165 1093 1093 1166 1166 1165 1165 1093 1093 1094 1094 1166 1166 1094 1094 1167 1167 1166 1166 1095 1095 1096 1096 1168 1168 1096 1096 1169 1169 1168 1168 1096 1096 1097 1097 1169 1169 1097 1097 1170 1170 1169 1169 1097 1097 1098 1098 1170 1170 1098 1098 1171 1171 1170 1170 1098 1098 1099 1099 1171 1171 1099 1099 1172 1172 1171 1171 1099 1099 1100 1100 1172 1172 1100 1100 1173 1173 1172 1172 1100 1100 1101 1101 1173 1173 1101 1101 1174 1174 1173 1173 1101 1101 1102 1102 1174 1174 1102 1102 1175 1175 1174 1174 1102 1102 1103 1103 1175 1175 1103 1103 1176 1176 1175 1175 1103 1103 1104 1104 1176 1176 1104 1104 1177 1177 1176 1176 1104 1104 1105 1105 1177 1177 1105 1105 1178 1178 1177 1177 1105 1105 1106 1106 1178 1178 1106 1106 1179 1179 1178 1178 1106 1106 1107 1107 1179 1179 1107 1107 1180 1180 1179 1179 1107 1107 1108 1108 1180 1180 1108 1108 1181 1181 1180 1180 1108 1108 1109 1109 1181 1181 1109 1109 1182 1182 1181 1181 1109 1109 1110 1110 1182 1182 1110 1110 1183 1183 1182 1182 1110 1110 1111 1111 1183 1183 1111 1111 1184 1184 1183 1183 1111 1111 1112 1112 1184 1184 1112 1112 1185 1185 1184 1184 1112 1112 1113 1113 1185 1185 1113 1113 1186 1186 1185 1185 1113 1113 1114 1114 1186 1186 1114 1114 1187 1187 1186 1186 1114 1114 1115 1115 1187 1187 1115 1115 1188 1188 1187 1187 1115 1115 1116 1116 1188 1188 1116 1116 1189 1189 1188 1188 1116 1116 1117 1117 1189 1189 1117 1117 1190 1190 1189 1189 1117 1117 1118 1118 1190 1190 1118 1118 1191 1191 1190 1190 1118 1118 1119 1119 1191 1191 1119 1119 1192 1192 1191 1191 1119 1119 1120 1120 1192 1192 1120 1120 1193 1193 1192 1192 1120 1120 1121 1121 1193 1193 1121 1121 1194 1194 1193 1193 1121 1121 1122 1122 1194 1194 1122 1122 1195 1195 1194 1194 1122 1122 1123 1123 1195 1195 1123 1123 1196 1196 1195 1195 1123 1123 1124 1124 1196 1196 1124 1124 1197 1197 1196 1196 1124 1124 1125 1125 1197 1197 1125 1125 1198 1198 1197 1197 1125 1125 1126 1126 1198 1198 1126 1126 1199 1199 1198 1198 1126 1126 1127 1127 1199 1199 1127 1127 1200 1200 1199 1199 1127 1127 1128 1128 1200 1200 1128 1128 1201 1201 1200 1200 1128 1128 1129 1129 1201 1201 1129 1129 1202 1202 1201 1201 1129 1129 1130 1130 1202 1202 1130 1130 1203 1203 1202 1202 1130 1130 1131 1131 1203 1203 1131 1131 1204 1204 1203 1203 1131 1131 1132 1132 1204 1204 1132 1132 1205 1205 1204 1204 1132 1132 1133 1133 1205 1205 1133 1133 1206 1206 1205 1205 1133 1133 1134 1134 1206 1206 1134 1134 1207 1207 1206 1206 1134 1134 1135 1135 1207 1207 1135 1135 1208 1208 1207 1207 1135 1135 1136 1136 1208 1208 1136 1136 1209 1209 1208 1208 1136 1136 1137 1137 1209 1209 1137 1137 1210 1210 1209 1209 1137 1137 1138 1138 1210 1210 1138 1138 1211 1211 1210 1210 1138 1138 1139 1139 1211 1211 1139 1139 1212 1212 1211 1211 1139 1139 1140 1140 1212 1212 1140 1140 1213 1213 1212 1212 1140 1140 1141 1141 1213 1213 1141 1141 1214 1214 1213 1213 1141 1141 1142 1142 1214 1214 1142 1142 1215 1215 1214 1214 1142 1142 1143 1143 1215 1215 1143 1143 1216 1216 1215 1215 1143 1143 1144 1144 1216 1216 1144 1144 1217 1217 1216 1216 1144 1144 1145 1145 1217 1217 1145 1145 1218 1218 1217 1217 1145 1145 1146 1146 1218 1218 1146 1146 1219 1219 1218 1218 1146 1146 1147 1147 1219 1219 1147 1147 1220 1220 1219 1219 1147 1147 1148 1148 1220 1220 1148 1148 1221 1221 1220 1220 1148 1148 1149 1149 1221 1221 1149 1149 1222 1222 1221 1221 1149 1149 1150 1150 1222 1222 1150 1150 1223 1223 1222 1222 1150 1150 1151 1151 1223 1223 1151 1151 1224 1224 1223 1223 1151 1151 1152 1152 1224 1224 1152 1152 1225 1225 1224 1224 1152 1152 1153 1153 1225 1225 1153 1153 1226 1226 1225 1225 1153 1153 1154 1154 1226 1226 1154 1154 1227 1227 1226 1226 1154 1154 1155 1155 1227 1227 1155 1155 1228 1228 1227 1227 1155 1155 1156 1156 1228 1228 1156 1156 1229 1229 1228 1228 1156 1156 1157 1157 1229 1229 1157 1157 1230 1230 1229 1229 1157 1157 1158 1158 1230 1230 1158 1158 1231 1231 1230 1230 1158 1158 1159 1159 1231 1231 1159 1159 1232 1232 1231 1231 1159 1159 1160 1160 1232 1232 1160 1160 1233 1233 1232 1232 1160 1160 1161 1161 1233 1233 1161 1161 1234 1234 1233 1233 1161 1161 1162 1162 1234 1234 1162 1162 1235 1235 1234 1234 1162 1162 1163 1163 1235 1235 1163 1163 1236 1236 1235 1235 1163 1163 1164 1164 1236 1236 1164 1164 1237 1237 1236 1236 1164 1164 1165 1165 1237 1237 1165 1165 1238 1238 1237 1237 1165 1165 1166 1166 1238 1238 1166 1166 1239 1239 1238 1238 1166 1166 1167 1167 1239 1239 1167 1167 1240 1240 1239 1239 1168 1168 1169 1169 1241 1241 1169 1169 1242 1242 1241 1241 1169 1169 1170 1170 1242 1242 1170 1170 1243 1243 1242 1242 1170 1170 1171 1171 1243 1243 1171 1171 1244 1244 1243 1243 1171 1171 1172 1172 1244 1244 1172 1172 1245 1245 1244 1244 1172 1172 1173 1173 1245 1245 1173 1173 1246 1246 1245 1245 1173 1173 1174 1174 1246 1246 1174 1174 1247 1247 1246 1246 1174 1174 1175 1175 1247 1247 1175 1175 1248 1248 1247 1247 1175 1175 1176 1176 1248 1248 1176 1176 1249 1249 1248 1248 1176 1176 1177 1177 1249 1249 1177 1177 1250 1250 1249 1249 1177 1177 1178 1178 1250 1250 1178 1178 1251 1251 1250 1250 1178 1178 1179 1179 1251 1251 1179 1179 1252 1252 1251 1251 1179 1179 1180 1180 1252 1252 1180 1180 1253 1253 1252 1252 1180 1180 1181 1181 1253 1253 1181 1181 1254 1254 1253 1253 1181 1181 1182 1182 1254 1254 1182 1182 1255 1255 1254 1254 1182 1182 1183 1183 1255 1255 1183 1183 1256 1256 1255 1255 1183 1183 1184 1184 1256 1256 1184 1184 1257 1257 1256 1256 1184 1184 1185 1185 1257 1257 1185 1185 1258 1258 1257 1257 1185 1185 1186 1186 1258 1258 1186 1186 1259 1259 1258 1258 1186 1186 1187 1187 1259 1259 1187 1187 1260 1260 1259 1259 1187 1187 1188 1188 1260 1260 1188 1188 1261 1261 1260 1260 1188 1188 1189 1189 1261 1261 1189 1189 1262 1262 1261 1261 1189 1189 1190 1190 1262 1262 1190 1190 1263 1263 1262 1262 1190 1190 1191 1191 1263 1263 1191 1191 1264 1264 1263 1263 1191 1191 1192 1192 1264 1264 1192 1192 1265 1265 1264 1264 1192 1192 1193 1193 1265 1265 1193 1193 1266 1266 1265 1265 1193 1193 1194 1194 1266 1266 1194 1194 1267 1267 1266 1266 1194 1194 1195 1195 1267 1267 1195 1195 1268 1268 1267 1267 1195 1195 1196 1196 1268 1268 1196 1196 1269 1269 1268 1268 1196 1196 1197 1197 1269 1269 1197 1197 1270 1270 1269 1269 1197 1197 1198 1198 1270 1270 1198 1198 1271 1271 1270 1270 1198 1198 1199 1199 1271 1271 1199 1199 1272 1272 1271 1271 1199 1199 1200 1200 1272 1272 1200 1200 1273 1273 1272 1272 1200 1200 1201 1201 1273 1273 1201 1201 1274 1274 1273 1273 1201 1201 1202 1202 1274 1274 1202 1202 1275 1275 1274 1274 1202 1202 1203 1203 1275 1275 1203 1203 1276 1276 1275 1275 1203 1203 1204 1204 1276 1276 1204 1204 1277 1277 1276 1276 1204 1204 1205 1205 1277 1277 1205 1205 1278 1278 1277 1277 1205 1205 1206 1206 1278 1278 1206 1206 1279 1279 1278 1278 1206 1206 1207 1207 1279 1279 1207 1207 1280 1280 1279 1279 1207 1207 1208 1208 1280 1280 1208 1208 1281 1281 1280 1280 1208 1208 1209 1209 1281 1281 1209 1209 1282 1282 1281 1281 1209 1209 1210 1210 1282 1282 1210 1210 1283 1283 1282 1282 1210 1210 1211 1211 1283 1283 1211 1211 1284 1284 1283 1283 1211 1211 1212 1212 1284 1284 1212 1212 1285 1285 1284 1284 1212 1212 1213 1213 1285 1285 1213 1213 1286 1286 1285 1285 1213 1213 1214 1214 1286 1286 1214 1214 1287 1287 1286 1286 1214 1214 1215 1215 1287 1287 1215 1215 1288 1288 1287 1287 1215 1215 1216 1216 1288 1288 1216 1216 1289 1289 1288 1288 1216 1216 1217 1217 1289 1289 1217 1217 1290 1290 1289 1289 1217 1217 1218 1218 1290 1290 1218 1218 1291 1291 1290 1290 1218 1218 1219 1219 1291 1291 1219 1219 1292 1292 1291 1291 1219 1219 1220 1220 1292 1292 1220 1220 1293 1293 1292 1292 1220 1220 1221 1221 1293 1293 1221 1221 1294 1294 1293 1293 1221 1221 1222 1222 1294 1294 1222 1222 1295 1295 1294 1294 1222 1222 1223 1223 1295 1295 1223 1223 1296 1296 1295 1295 1223 1223 1224 1224 1296 1296 1224 1224 1297 1297 1296 1296 1224 1224 1225 1225 1297 1297 1225 1225 1298 1298 1297 1297 1225 1225 1226 1226 1298 1298 1226 1226 1299 1299 1298 1298 1226 1226 1227 1227 1299 1299 1227 1227 1300 1300 1299 1299 1227 1227 1228 1228 1300 1300 1228 1228 1301 1301 1300 1300 1228 1228 1229 1229 1301 1301 1229 1229 1302 1302 1301 1301 1229 1229 1230 1230 1302 1302 1230 1230 1303 1303 1302 1302 1230 1230 1231 1231 1303 1303 1231 1231 1304 1304 1303 1303 1231 1231 1232 1232 1304 1304 1232 1232 1305 1305 1304 1304 1232 1232 1233 1233 1305 1305 1233 1233 1306 1306 1305 1305 1233 1233 1234 1234 1306 1306 1234 1234 1307 1307 1306 1306 1234 1234 1235 1235 1307 1307 1235 1235 1308 1308 1307 1307 1235 1235 1236 1236 1308 1308 1236 1236 1309 1309 1308 1308 1236 1236 1237 1237 1309 1309 1237 1237 1310 1310 1309 1309 1237 1237 1238 1238 1310 1310 1238 1238 1311 1311 1310 1310 1238 1238 1239 1239 1311 1311 1239 1239 1312 1312 1311 1311 1239 1239 1240 1240 1312 1312 1240 1240 1313 1313 1312 1312 1241 1241 1242 1242 1314 1314 1242 1242 1315 1315 1314 1314 1242 1242 1243 1243 1315 1315 1243 1243 1316 1316 1315 1315 1243 1243 1244 1244 1316 1316 1244 1244 1317 1317 1316 1316 1244 1244 1245 1245 1317 1317 1245 1245 1318 1318 1317 1317 1245 1245 1246 1246 1318 1318 1246 1246 1319 1319 1318 1318 1246 1246 1247 1247 1319 1319 1247 1247 1320 1320 1319 1319 1247 1247 1248 1248 1320 1320 1248 1248 1321 1321 1320 1320 1248 1248 1249 1249 1321 1321 1249 1249 1322 1322 1321 1321 1249 1249 1250 1250 1322 1322 1250 1250 1323 1323 1322 1322 1250 1250 1251 1251 1323 1323 1251 1251 1324 1324 1323 1323 1251 1251 1252 1252 1324 1324 1252 1252 1325 1325 1324 1324 1252 1252 1253 1253 1325 1325 1253 1253 1326 1326 1325 1325 1253 1253 1254 1254 1326 1326 1254 1254 1327 1327 1326 1326 1254 1254 1255 1255 1327 1327 1255 1255 1328 1328 1327 1327 1255 1255 1256 1256 1328 1328 1256 1256 1329 1329 1328 1328 1256 1256 1257 1257 1329 1329 1257 1257 1330 1330 1329 1329 1257 1257 1258 1258 1330 1330 1258 1258 1331 1331 1330 1330 1258 1258 1259 1259 1331 1331 1259 1259 1332 1332 1331 1331 1259 1259 1260 1260 1332 1332 1260 1260 1333 1333 1332 1332 1260 1260 1261 1261 1333 1333 1261 1261 1334 1334 1333 1333 1261 1261 1262 1262 1334 1334 1262 1262 1335 1335 1334 1334 1262 1262 1263 1263 1335 1335 1263 1263 1336 1336 1335 1335 1263 1263 1264 1264 1336 1336 1264 1264 1337 1337 1336 1336 1264 1264 1265 1265 1337 1337 1265 1265 1338 1338 1337 1337 1265 1265 1266 1266 1338 1338 1266 1266 1339 1339 1338 1338 1266 1266 1267 1267 1339 1339 1267 1267 1340 1340 1339 1339 1267 1267 1268 1268 1340 1340 1268 1268 1341 1341 1340 1340 1268 1268 1269 1269 1341 1341 1269 1269 1342 1342 1341 1341 1269 1269 1270 1270 1342 1342 1270 1270 1343 1343 1342 1342 1270 1270 1271 1271 1343 1343 1271 1271 1344 1344 1343 1343 1271 1271 1272 1272 1344 1344 1272 1272 1345 1345 1344 1344 1272 1272 1273 1273 1345 1345 1273 1273 1346 1346 1345 1345 1273 1273 1274 1274 1346 1346 1274 1274 1347 1347 1346 1346 1274 1274 1275 1275 1347 1347 1275 1275 1348 1348 1347 1347 1275 1275 1276 1276 1348 1348 1276 1276 1349 1349 1348 1348 1276 1276 1277 1277 1349 1349 1277 1277 1350 1350 1349 1349 1277 1277 1278 1278 1350 1350 1278 1278 1351 1351 1350 1350 1278 1278 1279 1279 1351 1351 1279 1279 1352 1352 1351 1351 1279 1279 1280 1280 1352 1352 1280 1280 1353 1353 1352 1352 1280 1280 1281 1281 1353 1353 1281 1281 1354 1354 1353 1353 1281 1281 1282 1282 1354 1354 1282 1282 1355 1355 1354 1354 1282 1282 1283 1283 1355 1355 1283 1283 1356 1356 1355 1355 1283 1283 1284 1284 1356 1356 1284 1284 1357 1357 1356 1356 1284 1284 1285 1285 1357 1357 1285 1285 1358 1358 1357 1357 1285 1285 1286 1286 1358 1358 1286 1286 1359 1359 1358 1358 1286 1286 1287 1287 1359 1359 1287 1287 1360 1360 1359 1359 1287 1287 1288 1288 1360 1360 1288 1288 1361 1361 1360 1360 1288 1288 1289 1289 1361 1361 1289 1289 1362 1362 1361 1361 1289 1289 1290 1290 1362 1362 1290 1290 1363 1363 1362 1362 1290 1290 1291 1291 1363 1363 1291 1291 1364 1364 1363 1363 1291 1291 1292 1292 1364 1364 1292 1292 1365 1365 1364 1364 1292 1292 1293 1293 1365 1365 1293 1293 1366 1366 1365 1365 1293 1293 1294 1294 1366 1366 1294 1294 1367 1367 1366 1366 1294 1294 1295 1295 1367 1367 1295 1295 1368 1368 1367 1367 1295 1295 1296 1296 1368 1368 1296 1296 1369 1369 1368 1368 1296 1296 1297 1297 1369 1369 1297 1297 1370 1370 1369 1369 1297 1297 1298 1298 1370 1370 1298 1298 1371 1371 1370 1370 1298 1298 1299 1299 1371 1371 1299 1299 1372 1372 1371 1371 1299 1299 1300 1300 1372 1372 1300 1300 1373 1373 1372 1372 1300 1300 1301 1301 1373 1373 1301 1301 1374 1374 1373 1373 1301 1301 1302 1302 1374 1374 1302 1302 1375 1375 1374 1374 1302 1302 1303 1303 1375 1375 1303 1303 1376 1376 1375 1375 1303 1303 1304 1304 1376 1376 1304 1304 1377 1377 1376 1376 1304 1304 1305 1305 1377 1377 1305 1305 1378 1378 1377 1377 1305 1305 1306 1306 1378 1378 1306 1306 1379 1379 1378 1378 1306 1306 1307 1307 1379 1379 1307 1307 1380 1380 1379 1379 1307 1307 1308 1308 1380 1380 1308 1308 1381 1381 1380 1380 1308 1308 1309 1309 1381 1381 1309 1309 1382 1382 1381 1381 1309 1309 1310 1310 1382 1382 1310 1310 1383 1383 1382 1382 1310 1310 1311 1311 1383 1383 1311 1311 1384 1384 1383 1383 1311 1311 1312 1312 1384 1384 1312 1312 1385 1385 1384 1384 1312 1312 1313 1313 1385 1385 1313 1313 1386 1386 1385 1385 1314 1314 1315 1315 1387 1387 1315 1315 1388 1388 1387 1387 1315 1315 1316 1316 1388 1388 1316 1316 1389 1389 1388 1388 1316 1316 1317 1317 1389 1389 1317 1317 1390 1390 1389 1389 1317 1317 1318 1318 1390 1390 1318 1318 1391 1391 1390 1390 1318 1318 1319 1319 1391 1391 1319 1319 1392 1392 1391 1391 1319 1319 1320 1320 1392 1392 1320 1320 1393 1393 1392 1392 1320 1320 1321 1321 1393 1393 1321 1321 1394 1394 1393 1393 1321 1321 1322 1322 1394 1394 1322 1322 1395 1395 1394 1394 1322 1322 1323 1323 1395 1395 1323 1323 1396 1396 1395 1395 1323 1323 1324 1324 1396 1396 1324 1324 1397 1397 1396 1396 1324 1324 1325 1325 1397 1397 1325 1325 1398 1398 1397 1397 1325 1325 1326 1326 1398 1398 1326 1326 1399 1399 1398 1398 1326 1326 1327 1327 1399 1399 1327 1327 1400 1400 1399 1399 1327 1327 1328 1328 1400 1400 1328 1328 1401 1401 1400 1400 1328 1328 1329 1329 1401 1401 1329 1329 1402 1402 1401 1401 1329 1329 1330 1330 1402 1402 1330 1330 1403 1403 1402 1402 1330 1330 1331 1331 1403 1403 1331 1331 1404 1404 1403 1403 1331 1331 1332 1332 1404 1404 1332 1332 1405 1405 1404 1404 1332 1332 1333 1333 1405 1405 1333 1333 1406 1406 1405 1405 1333 1333 1334 1334 1406 1406 1334 1334 1407 1407 1406 1406 1334 1334 1335 1335 1407 1407 1335 1335 1408 1408 1407 1407 1335 1335 1336 1336 1408 1408 1336 1336 1409 1409 1408 1408 1336 1336 1337 1337 1409 1409 1337 1337 1410 1410 1409 1409 1337 1337 1338 1338 1410 1410 1338 1338 1411 1411 1410 1410 1338 1338 1339 1339 1411 1411 1339 1339 1412 1412 1411 1411 1339 1339 1340 1340 1412 1412 1340 1340 1413 1413 1412 1412 1340 1340 1341 1341 1413 1413 1341 1341 1414 1414 1413 1413 1341 1341 1342 1342 1414 1414 1342 1342 1415 1415 1414 1414 1342 1342 1343 1343 1415 1415 1343 1343 1416 1416 1415 1415 1343 1343 1344 1344 1416 1416 1344 1344 1417 1417 1416 1416 1344 1344 1345 1345 1417 1417 1345 1345 1418 1418 1417 1417 1345 1345 1346 1346 1418 1418 1346 1346 1419 1419 1418 1418 1346 1346 1347 1347 1419 1419 1347 1347 1420 1420 1419 1419 1347 1347 1348 1348 1420 1420 1348 1348 1421 1421 1420 1420 1348 1348 1349 1349 1421 1421 1349 1349 1422 1422 1421 1421 1349 1349 1350 1350 1422 1422 1350 1350 1423 1423 1422 1422 1350 1350 1351 1351 1423 1423 1351 1351 1424 1424 1423 1423 1351 1351 1352 1352 1424 1424 1352 1352 1425 1425 1424 1424 1352 1352 1353 1353 1425 1425 1353 1353 1426 1426 1425 1425 1353 1353 1354 1354 1426 1426 1354 1354 1427 1427 1426 1426 1354 1354 1355 1355 1427 1427 1355 1355 1428 1428 1427 1427 1355 1355 1356 1356 1428 1428 1356 1356 1429 1429 1428 1428 1356 1356 1357 1357 1429 1429 1357 1357 1430 1430 1429 1429 1357 1357 1358 1358 1430 1430 1358 1358 1431 1431 1430 1430 1358 1358 1359 1359 1431 1431 1359 1359 1432 1432 1431 1431 1359 1359 1360 1360 1432 1432 1360 1360 1433 1433 1432 1432 1360 1360 1361 1361 1433 1433 1361 1361 1434 1434 1433 1433 1361 1361 1362 1362 1434 1434 1362 1362 1435 1435 1434 1434 1362 1362 1363 1363 1435 1435 1363 1363 1436 1436 1435 1435 1363 1363 1364 1364 1436 1436 1364 1364 1437 1437 1436 1436 1364 1364 1365 1365 1437 1437 1365 1365 1438 1438 1437 1437 1365 1365 1366 1366 1438 1438 1366 1366 1439 1439 1438 1438 1366 1366 1367 1367 1439 1439 1367 1367 1440 1440 1439 1439 1367 1367 1368 1368 1440 1440 1368 1368 1441 1441 1440 1440 1368 1368 1369 1369 1441 1441 1369 1369 1442 1442 1441 1441 1369 1369 1370 1370 1442 1442 1370 1370 1443 1443 1442 1442 1370 1370 1371 1371 1443 1443 1371 1371 1444 1444 1443 1443 1371 1371 1372 1372 1444 1444 1372 1372 1445 1445 1444 1444 1372 1372 1373 1373 1445 1445 1373 1373 1446 1446 1445 1445 1373 1373 1374 1374 1446 1446 1374 1374 1447 1447 1446 1446 1374 1374 1375 1375 1447 1447 1375 1375 1448 1448 1447 1447 1375 1375 1376 1376 1448 1448 1376 1376 1449 1449 1448 1448 1376 1376 1377 1377 1449 1449 1377 1377 1450 1450 1449 1449 1377 1377 1378 1378 1450 1450 1378 1378 1451 1451 1450 1450 1378 1378 1379 1379 1451 1451 1379 1379 1452 1452 1451 1451 1379 1379 1380 1380 1452 1452 1380 1380 1453 1453 1452 1452 1380 1380 1381 1381 1453 1453 1381 1381 1454 1454 1453 1453 1381 1381 1382 1382 1454 1454 1382 1382 1455 1455 1454 1454 1382 1382 1383 1383 1455 1455 1383 1383 1456 1456 1455 1455 1383 1383 1384 1384 1456 1456 1384 1384 1457 1457 1456 1456 1384 1384 1385 1385 1457 1457 1385 1385 1458 1458 1457 1457 1385 1385 1386 1386 1458 1458 1386 1386 1459 1459 1458 1458 1387 1387 1388 1388 1460 1460 1388 1388 1461 1461 1460 1460 1388 1388 1389 1389 1461 1461 1389 1389 1462 1462 1461 1461 1389 1389 1390 1390 1462 1462 1390 1390 1463 1463 1462 1462 1390 1390 1391 1391 1463 1463 1391 1391 1464 1464 1463 1463 1391 1391 1392 1392 1464 1464 1392 1392 1465 1465 1464 1464 1392 1392 1393 1393 1465 1465 1393 1393 1466 1466 1465 1465 1393 1393 1394 1394 1466 1466 1394 1394 1467 1467 1466 1466 1394 1394 1395 1395 1467 1467 1395 1395 1468 1468 1467 1467 1395 1395 1396 1396 1468 1468 1396 1396 1469 1469 1468 1468 1396 1396 1397 1397 1469 1469 1397 1397 1470 1470 1469 1469 1397 1397 1398 1398 1470 1470 1398 1398 1471 1471 1470 1470 1398 1398 1399 1399 1471 1471 1399 1399 1472 1472 1471 1471 1399 1399 1400 1400 1472 1472 1400 1400 1473 1473 1472 1472 1400 1400 1401 1401 1473 1473 1401 1401 1474 1474 1473 1473 1401 1401 1402 1402 1474 1474 1402 1402 1475 1475 1474 1474 1402 1402 1403 1403 1475 1475 1403 1403 1476 1476 1475 1475 1403 1403 1404 1404 1476 1476 1404 1404 1477 1477 1476 1476 1404 1404 1405 1405 1477 1477 1405 1405 1478 1478 1477 1477 1405 1405 1406 1406 1478 1478 1406 1406 1479 1479 1478 1478 1406 1406 1407 1407 1479 1479 1407 1407 1480 1480 1479 1479 1407 1407 1408 1408 1480 1480 1408 1408 1481 1481 1480 1480 1408 1408 1409 1409 1481 1481 1409 1409 1482 1482 1481 1481 1409 1409 1410 1410 1482 1482 1410 1410 1483 1483 1482 1482 1410 1410 1411 1411 1483 1483 1411 1411 1484 1484 1483 1483 1411 1411 1412 1412 1484 1484 1412 1412 1485 1485 1484 1484 1412 1412 1413 1413 1485 1485 1413 1413 1486 1486 1485 1485 1413 1413 1414 1414 1486 1486 1414 1414 1487 1487 1486 1486 1414 1414 1415 1415 1487 1487 1415 1415 1488 1488 1487 1487 1415 1415 1416 1416 1488 1488 1416 1416 1489 1489 1488 1488 1416 1416 1417 1417 1489 1489 1417 1417 1490 1490 1489 1489 1417 1417 1418 1418 1490 1490 1418 1418 1491 1491 1490 1490 1418 1418 1419 1419 1491 1491 1419 1419 1492 1492 1491 1491 1419 1419 1420 1420 1492 1492 1420 1420 1493 1493 1492 1492 1420 1420 1421 1421 1493 1493 1421 1421 1494 1494 1493 1493 1421 1421 1422 1422 1494 1494 1422 1422 1495 1495 1494 1494 1422 1422 1423 1423 1495 1495 1423 1423 1496 1496 1495 1495 1423 1423 1424 1424 1496 1496 1424 1424 1497 1497 1496 1496 1424 1424 1425 1425 1497 1497 1425 1425 1498 1498 1497 1497 1425 1425 1426 1426 1498 1498 1426 1426 1499 1499 1498 1498 1426 1426 1427 1427 1499 1499 1427 1427 1500 1500 1499 1499 1427 1427 1428 1428 1500 1500 1428 1428 1501 1501 1500 1500 1428 1428 1429 1429 1501 1501 1429 1429 1502 1502 1501 1501 1429 1429 1430 1430 1502 1502 1430 1430 1503 1503 1502 1502 1430 1430 1431 1431 1503 1503 1431 1431 1504 1504 1503 1503 1431 1431 1432 1432 1504 1504 1432 1432 1505 1505 1504 1504 1432 1432 1433 1433 1505 1505 1433 1433 1506 1506 1505 1505 1433 1433 1434 1434 1506 1506 1434 1434 1507 1507 1506 1506 1434 1434 1435 1435 1507 1507 1435 1435 1508 1508 1507 1507 1435 1435 1436 1436 1508 1508 1436 1436 1509 1509 1508 1508 1436 1436 1437 1437 1509 1509 1437 1437 1510 1510 1509 1509 1437 1437 1438 1438 1510 1510 1438 1438 1511 1511 1510 1510 1438 1438 1439 1439 1511 1511 1439 1439 1512 1512 1511 1511 1439 1439 1440 1440 1512 1512 1440 1440 1513 1513 1512 1512 1440 1440 1441 1441 1513 1513 1441 1441 1514 1514 1513 1513 1441 1441 1442 1442 1514 1514 1442 1442 1515 1515 1514 1514 1442 1442 1443 1443 1515 1515 1443 1443 1516 1516 1515 1515 1443 1443 1444 1444 1516 1516 1444 1444 1517 1517 1516 1516 1444 1444 1445 1445 1517 1517 1445 1445 1518 1518 1517 1517 1445 1445 1446 1446 1518 1518 1446 1446 1519 1519 1518 1518 1446 1446 1447 1447 1519 1519 1447 1447 1520 1520 1519 1519 1447 1447 1448 1448 1520 1520 1448 1448 1521 1521 1520 1520 1448 1448 1449 1449 1521 1521 1449 1449 1522 1522 1521 1521 1449 1449 1450 1450 1522 1522 1450 1450 1523 1523 1522 1522 1450 1450 1451 1451 1523 1523 1451 1451 1524 1524 1523 1523 1451 1451 1452 1452 1524 1524 1452 1452 1525 1525 1524 1524 1452 1452 1453 1453 1525 1525 1453 1453 1526 1526 1525 1525 1453 1453 1454 1454 1526 1526 1454 1454 1527 1527 1526 1526 1454 1454 1455 1455 1527 1527 1455 1455 1528 1528 1527 1527 1455 1455 1456 1456 1528 1528 1456 1456 1529 1529 1528 1528 1456 1456 1457 1457 1529 1529 1457 1457 1530 1530 1529 1529 1457 1457 1458 1458 1530 1530 1458 1458 1531 1531 1530 1530 1458 1458 1459 1459 1531 1531 1459 1459 1532 1532 1531 1531 1460 1460 1461 1461 1533 1533 1461 1461 1534 1534 1533 1533 1461 1461 1462 1462 1534 1534 1462 1462 1535 1535 1534 1534 1462 1462 1463 1463 1535 1535 1463 1463 1536 1536 1535 1535 1463 1463 1464 1464 1536 1536 1464 1464 1537 1537 1536 1536 1464 1464 1465 1465 1537 1537 1465 1465 1538 1538 1537 1537 1465 1465 1466 1466 1538 1538 1466 1466 1539 1539 1538 1538 1466 1466 1467 1467 1539 1539 1467 1467 1540 1540 1539 1539 1467 1467 1468 1468 1540 1540 1468 1468 1541 1541 1540 1540 1468 1468 1469 1469 1541 1541 1469 1469 1542 1542 1541 1541 1469 1469 1470 1470 1542 1542 1470 1470 1543 1543 1542 1542 1470 1470 1471 1471 1543 1543 1471 1471 1544 1544 1543 1543 1471 1471 1472 1472 1544 1544 1472 1472 1545 1545 1544 1544 1472 1472 1473 1473 1545 1545 1473 1473 1546 1546 1545 1545 1473 1473 1474 1474 1546 1546 1474 1474 1547 1547 1546 1546 1474 1474 1475 1475 1547 1547 1475 1475 1548 1548 1547 1547 1475 1475 1476 1476 1548 1548 1476 1476 1549 1549 1548 1548 1476 1476 1477 1477 1549 1549 1477 1477 1550 1550 1549 1549 1477 1477 1478 1478 1550 1550 1478 1478 1551 1551 1550 1550 1478 1478 1479 1479 1551 1551 1479 1479 1552 1552 1551 1551 1479 1479 1480 1480 1552 1552 1480 1480 1553 1553 1552 1552 1480 1480 1481 1481 1553 1553 1481 1481 1554 1554 1553 1553 1481 1481 1482 1482 1554 1554 1482 1482 1555 1555 1554 1554 1482 1482 1483 1483 1555 1555 1483 1483 1556 1556 1555 1555 1483 1483 1484 1484 1556 1556 1484 1484 1557 1557 1556 1556 1484 1484 1485 1485 1557 1557 1485 1485 1558 1558 1557 1557 1485 1485 1486 1486 1558 1558 1486 1486 1559 1559 1558 1558 1486 1486 1487 1487 1559 1559 1487 1487 1560 1560 1559 1559 1487 1487 1488 1488 1560 1560 1488 1488 1561 1561 1560 1560 1488 1488 1489 1489 1561 1561 1489 1489 1562 1562 1561 1561 1489 1489 1490 1490 1562 1562 1490 1490 1563 1563 1562 1562 1490 1490 1491 1491 1563 1563 1491 1491 1564 1564 1563 1563 1491 1491 1492 1492 1564 1564 1492 1492 1565 1565 1564 1564 1492 1492 1493 1493 1565 1565 1493 1493 1566 1566 1565 1565 1493 1493 1494 1494 1566 1566 1494 1494 1567 1567 1566 1566 1494 1494 1495 1495 1567 1567 1495 1495 1568 1568 1567 1567 1495 1495 1496 1496 1568 1568 1496 1496 1569 1569 1568 1568 1496 1496 1497 1497 1569 1569 1497 1497 1570 1570 1569 1569 1497 1497 1498 1498 1570 1570 1498 1498 1571 1571 1570 1570 1498 1498 1499 1499 1571 1571 1499 1499 1572 1572 1571 1571 1499 1499 1500 1500 1572 1572 1500 1500 1573 1573 1572 1572 1500 1500 1501 1501 1573 1573 1501 1501 1574 1574 1573 1573 1501 1501 1502 1502 1574 1574 1502 1502 1575 1575 1574 1574 1502 1502 1503 1503 1575 1575 1503 1503 1576 1576 1575 1575 1503 1503 1504 1504 1576 1576 1504 1504 1577 1577 1576 1576 1504 1504 1505 1505 1577 1577 1505 1505 1578 1578 1577 1577 1505 1505 1506 1506 1578 1578 1506 1506 1579 1579 1578 1578 1506 1506 1507 1507 1579 1579 1507 1507 1580 1580 1579 1579 1507 1507 1508 1508 1580 1580 1508 1508 1581 1581 1580 1580 1508 1508 1509 1509 1581 1581 1509 1509 1582 1582 1581 1581 1509 1509 1510 1510 1582 1582 1510 1510 1583 1583 1582 1582 1510 1510 1511 1511 1583 1583 1511 1511 1584 1584 1583 1583 1511 1511 1512 1512 1584 1584 1512 1512 1585 1585 1584 1584 1512 1512 1513 1513 1585 1585 1513 1513 1586 1586 1585 1585 1513 1513 1514 1514 1586 1586 1514 1514 1587 1587 1586 1586 1514 1514 1515 1515 1587 1587 1515 1515 1588 1588 1587 1587 1515 1515 1516 1516 1588 1588 1516 1516 1589 1589 1588 1588 1516 1516 1517 1517 1589 1589 1517 1517 1590 1590 1589 1589 1517 1517 1518 1518 1590 1590 1518 1518 1591 1591 1590 1590 1518 1518 1519 1519 1591 1591 1519 1519 1592 1592 1591 1591 1519 1519 1520 1520 1592 1592 1520 1520 1593 1593 1592 1592 1520 1520 1521 1521 1593 1593 1521 1521 1594 1594 1593 1593 1521 1521 1522 1522 1594 1594 1522 1522 1595 1595 1594 1594 1522 1522 1523 1523 1595 1595 1523 1523 1596 1596 1595 1595 1523 1523 1524 1524 1596 1596 1524 1524 1597 1597 1596 1596 1524 1524 1525 1525 1597 1597 1525 1525 1598 1598 1597 1597 1525 1525 1526 1526 1598 1598 1526 1526 1599 1599 1598 1598 1526 1526 1527 1527 1599 1599 1527 1527 1600 1600 1599 1599 1527 1527 1528 1528 1600 1600 1528 1528 1601 1601 1600 1600 1528 1528 1529 1529 1601 1601 1529 1529 1602 1602 1601 1601 1529 1529 1530 1530 1602 1602 1530 1530 1603 1603 1602 1602 1530 1530 1531 1531 1603 1603 1531 1531 1604 1604 1603 1603 1531 1531 1532 1532 1604 1604 1532 1532 1605 1605 1604 1604 1533 1533 1534 1534 1606 1606 1534 1534 1607 1607 1606 1606 1534 1534 1535 1535 1607 1607 1535 1535 1608 1608 1607 1607 1535 1535 1536 1536 1608 1608 1536 1536 1609 1609 1608 1608 1536 1536 1537 1537 1609 1609 1537 1537 1610 1610 1609 1609 1537 1537 1538 1538 1610 1610 1538 1538 1611 1611 1610 1610 1538 1538 1539 1539 1611 1611 1539 1539 1612 1612 1611 1611 1539 1539 1540 1540 1612 1612 1540 1540 1613 1613 1612 1612 1540 1540 1541 1541 1613 1613 1541 1541 1614 1614 1613 1613 1541 1541 1542 1542 1614 1614 1542 1542 1615 1615 1614 1614 1542 1542 1543 1543 1615 1615 1543 1543 1616 1616 1615 1615 1543 1543 1544 1544 1616 1616 1544 1544 1617 1617 1616 1616 1544 1544 1545 1545 1617 1617 1545 1545 1618 1618 1617 1617 1545 1545 1546 1546 1618 1618 1546 1546 1619 1619 1618 1618 1546 1546 1547 1547 1619 1619 1547 1547 1620 1620 1619 1619 1547 1547 1548 1548 1620 1620 1548 1548 1621 1621 1620 1620 1548 1548 1549 1549 1621 1621 1549 1549 1622 1622 1621 1621 1549 1549 1550 1550 1622 1622 1550 1550 1623 1623 1622 1622 1550 1550 1551 1551 1623 1623 1551 1551 1624 1624 1623 1623 1551 1551 1552 1552 1624 1624 1552 1552 1625 1625 1624 1624 1552 1552 1553 1553 1625 1625 1553 1553 1626 1626 1625 1625 1553 1553 1554 1554 1626 1626 1554 1554 1627 1627 1626 1626 1554 1554 1555 1555 1627 1627 1555 1555 1628 1628 1627 1627 1555 1555 1556 1556 1628 1628 1556 1556 1629 1629 1628 1628 1556 1556 1557 1557 1629 1629 1557 1557 1630 1630 1629 1629 1557 1557 1558 1558 1630 1630 1558 1558 1631 1631 1630 1630 1558 1558 1559 1559 1631 1631 1559 1559 1632 1632 1631 1631 1559 1559 1560 1560 1632 1632 1560 1560 1633 1633 1632 1632 1560 1560 1561 1561 1633 1633 1561 1561 1634 1634 1633 1633 1561 1561 1562 1562 1634 1634 1562 1562 1635 1635 1634 1634 1562 1562 1563 1563 1635 1635 1563 1563 1636 1636 1635 1635 1563 1563 1564 1564 1636 1636 1564 1564 1637 1637 1636 1636 1564 1564 1565 1565 1637 1637 1565 1565 1638 1638 1637 1637 1565 1565 1566 1566 1638 1638 1566 1566 1639 1639 1638 1638 1566 1566 1567 1567 1639 1639 1567 1567 1640 1640 1639 1639 1567 1567 1568 1568 1640 1640 1568 1568 1641 1641 1640 1640 1568 1568 1569 1569 1641 1641 1569 1569 1642 1642 1641 1641 1569 1569 1570 1570 1642 1642 1570 1570 1643 1643 1642 1642 1570 1570 1571 1571 1643 1643 1571 1571 1644 1644 1643 1643 1571 1571 1572 1572 1644 1644 1572 1572 1645 1645 1644 1644 1572 1572 1573 1573 1645 1645 1573 1573 1646 1646 1645 1645 1573 1573 1574 1574 1646 1646 1574 1574 1647 1647 1646 1646 1574 1574 1575 1575 1647 1647 1575 1575 1648 1648 1647 1647 1575 1575 1576 1576 1648 1648 1576 1576 1649 1649 1648 1648 1576 1576 1577 1577 1649 1649 1577 1577 1650 1650 1649 1649 1577 1577 1578 1578 1650 1650 1578 1578 1651 1651 1650 1650 1578 1578 1579 1579 1651 1651 1579 1579 1652 1652 1651 1651 1579 1579 1580 1580 1652 1652 1580 1580 1653 1653 1652 1652 1580 1580 1581 1581 1653 1653 1581 1581 1654 1654 1653 1653 1581 1581 1582 1582 1654 1654 1582 1582 1655 1655 1654 1654 1582 1582 1583 1583 1655 1655 1583 1583 1656 1656 1655 1655 1583 1583 1584 1584 1656 1656 1584 1584 1657 1657 1656 1656 1584 1584 1585 1585 1657 1657 1585 1585 1658 1658 1657 1657 1585 1585 1586 1586 1658 1658 1586 1586 1659 1659 1658 1658 1586 1586 1587 1587 1659 1659 1587 1587 1660 1660 1659 1659 1587 1587 1588 1588 1660 1660 1588 1588 1661 1661 1660 1660 1588 1588 1589 1589 1661 1661 1589 1589 1662 1662 1661 1661 1589 1589 1590 1590 1662 1662 1590 1590 1663 1663 1662 1662 1590 1590 1591 1591 1663 1663 1591 1591 1664 1664 1663 1663 1591 1591 1592 1592 1664 1664 1592 1592 1665 1665 1664 1664 1592 1592 1593 1593 1665 1665 1593 1593 1666 1666 1665 1665 1593 1593 1594 1594 1666 1666 1594 1594 1667 1667 1666 1666 1594 1594 1595 1595 1667 1667 1595 1595 1668 1668 1667 1667 1595 1595 1596 1596 1668 1668 1596 1596 1669 1669 1668 1668 1596 1596 1597 1597 1669 1669 1597 1597 1670 1670 1669 1669 1597 1597 1598 1598 1670 1670 1598 1598 1671 1671 1670 1670 1598 1598 1599 1599 1671 1671 1599 1599 1672 1672 1671 1671 1599 1599 1600 1600 1672 1672 1600 1600 1673 1673 1672 1672 1600 1600 1601 1601 1673 1673 1601 1601 1674 1674 1673 1673 1601 1601 1602 1602 1674 1674 1602 1602 1675 1675 1674 1674 1602 1602 1603 1603 1675 1675 1603 1603 1676 1676 1675 1675 1603 1603 1604 1604 1676 1676 1604 1604 1677 1677 1676 1676 1604 1604 1605 1605 1677 1677 1605 1605 1678 1678 1677 1677 1606 1606 1607 1607 1679 1679 1607 1607 1680 1680 1679 1679 1607 1607 1608 1608 1680 1680 1608 1608 1681 1681 1680 1680 1608 1608 1609 1609 1681 1681 1609 1609 1682 1682 1681 1681 1609 1609 1610 1610 1682 1682 1610 1610 1683 1683 1682 1682 1610 1610 1611 1611 1683 1683 1611 1611 1684 1684 1683 1683 1611 1611 1612 1612 1684 1684 1612 1612 1685 1685 1684 1684 1612 1612 1613 1613 1685 1685 1613 1613 1686 1686 1685 1685 1613 1613 1614 1614 1686 1686 1614 1614 1687 1687 1686 1686 1614 1614 1615 1615 1687 1687 1615 1615 1688 1688 1687 1687 1615 1615 1616 1616 1688 1688 1616 1616 1689 1689 1688 1688 1616 1616 1617 1617 1689 1689 1617 1617 1690 1690 1689 1689 1617 1617 1618 1618 1690 1690 1618 1618 1691 1691 1690 1690 1618 1618 1619 1619 1691 1691 1619 1619 1692 1692 1691 1691 1619 1619 1620 1620 1692 1692 1620 1620 1693 1693 1692 1692 1620 1620 1621 1621 1693 1693 1621 1621 1694 1694 1693 1693 1621 1621 1622 1622 1694 1694 1622 1622 1695 1695 1694 1694 1622 1622 1623 1623 1695 1695 1623 1623 1696 1696 1695 1695 1623 1623 1624 1624 1696 1696 1624 1624 1697 1697 1696 1696 1624 1624 1625 1625 1697 1697 1625 1625 1698 1698 1697 1697 1625 1625 1626 1626 1698 1698 1626 1626 1699 1699 1698 1698 1626 1626 1627 1627 1699 1699 1627 1627 1700 1700 1699 1699 1627 1627 1628 1628 1700 1700 1628 1628 1701 1701 1700 1700 1628 1628 1629 1629 1701 1701 1629 1629 1702 1702 1701 1701 1629 1629 1630 1630 1702 1702 1630 1630 1703 1703 1702 1702 1630 1630 1631 1631 1703 1703 1631 1631 1704 1704 1703 1703 1631 1631 1632 1632 1704 1704 1632 1632 1705 1705 1704 1704 1632 1632 1633 1633 1705 1705 1633 1633 1706 1706 1705 1705 1633 1633 1634 1634 1706 1706 1634 1634 1707 1707 1706 1706 1634 1634 1635 1635 1707 1707 1635 1635 1708 1708 1707 1707 1635 1635 1636 1636 1708 1708 1636 1636 1709 1709 1708 1708 1636 1636 1637 1637 1709 1709 1637 1637 1710 1710 1709 1709 1637 1637 1638 1638 1710 1710 1638 1638 1711 1711 1710 1710 1638 1638 1639 1639 1711 1711 1639 1639 1712 1712 1711 1711 1639 1639 1640 1640 1712 1712 1640 1640 1713 1713 1712 1712 1640 1640 1641 1641 1713 1713 1641 1641 1714 1714 1713 1713 1641 1641 1642 1642 1714 1714 1642 1642 1715 1715 1714 1714 1642 1642 1643 1643 1715 1715 1643 1643 1716 1716 1715 1715 1643 1643 1644 1644 1716 1716 1644 1644 1717 1717 1716 1716 1644 1644 1645 1645 1717 1717 1645 1645 1718 1718 1717 1717 1645 1645 1646 1646 1718 1718 1646 1646 1719 1719 1718 1718 1646 1646 1647 1647 1719 1719 1647 1647 1720 1720 1719 1719 1647 1647 1648 1648 1720 1720 1648 1648 1721 1721 1720 1720 1648 1648 1649 1649 1721 1721 1649 1649 1722 1722 1721 1721 1649 1649 1650 1650 1722 1722 1650 1650 1723 1723 1722 1722 1650 1650 1651 1651 1723 1723 1651 1651 1724 1724 1723 1723 1651 1651 1652 1652 1724 1724 1652 1652 1725 1725 1724 1724 1652 1652 1653 1653 1725 1725 1653 1653 1726 1726 1725 1725 1653 1653 1654 1654 1726 1726 1654 1654 1727 1727 1726 1726 1654 1654 1655 1655 1727 1727 1655 1655 1728 1728 1727 1727 1655 1655 1656 1656 1728 1728 1656 1656 1729 1729 1728 1728 1656 1656 1657 1657 1729 1729 1657 1657 1730 1730 1729 1729 1657 1657 1658 1658 1730 1730 1658 1658 1731 1731 1730 1730 1658 1658 1659 1659 1731 1731 1659 1659 1732 1732 1731 1731 1659 1659 1660 1660 1732 1732 1660 1660 1733 1733 1732 1732 1660 1660 1661 1661 1733 1733 1661 1661 1734 1734 1733 1733 1661 1661 1662 1662 1734 1734 1662 1662 1735 1735 1734 1734 1662 1662 1663 1663 1735 1735 1663 1663 1736 1736 1735 1735 1663 1663 1664 1664 1736 1736 1664 1664 1737 1737 1736 1736 1664 1664 1665 1665 1737 1737 1665 1665 1738 1738 1737 1737 1665 1665 1666 1666 1738 1738 1666 1666 1739 1739 1738 1738 1666 1666 1667 1667 1739 1739 1667 1667 1740 1740 1739 1739 1667 1667 1668 1668 1740 1740 1668 1668 1741 1741 1740 1740 1668 1668 1669 1669 1741 1741 1669 1669 1742 1742 1741 1741 1669 1669 1670 1670 1742 1742 1670 1670 1743 1743 1742 1742 1670 1670 1671 1671 1743 1743 1671 1671 1744 1744 1743 1743 1671 1671 1672 1672 1744 1744 1672 1672 1745 1745 1744 1744 1672 1672 1673 1673 1745 1745 1673 1673 1746 1746 1745 1745 1673 1673 1674 1674 1746 1746 1674 1674 1747 1747 1746 1746 1674 1674 1675 1675 1747 1747 1675 1675 1748 1748 1747 1747 1675 1675 1676 1676 1748 1748 1676 1676 1749 1749 1748 1748 1676 1676 1677 1677 1749 1749 1677 1677 1750 1750 1749 1749 1677 1677 1678 1678 1750 1750 1678 1678 1751 1751 1750 1750 1679 1679 1680 1680 1752 1752 1680 1680 1753 1753 1752 1752 1680 1680 1681 1681 1753 1753 1681 1681 1754 1754 1753 1753 1681 1681 1682 1682 1754 1754 1682 1682 1755 1755 1754 1754 1682 1682 1683 1683 1755 1755 1683 1683 1756 1756 1755 1755 1683 1683 1684 1684 1756 1756 1684 1684 1757 1757 1756 1756 1684 1684 1685 1685 1757 1757 1685 1685 1758 1758 1757 1757 1685 1685 1686 1686 1758 1758 1686 1686 1759 1759 1758 1758 1686 1686 1687 1687 1759 1759 1687 1687 1760 1760 1759 1759 1687 1687 1688 1688 1760 1760 1688 1688 1761 1761 1760 1760 1688 1688 1689 1689 1761 1761 1689 1689 1762 1762 1761 1761 1689 1689 1690 1690 1762 1762 1690 1690 1763 1763 1762 1762 1690 1690 1691 1691 1763 1763 1691 1691 1764 1764 1763 1763 1691 1691 1692 1692 1764 1764 1692 1692 1765 1765 1764 1764 1692 1692 1693 1693 1765 1765 1693 1693 1766 1766 1765 1765 1693 1693 1694 1694 1766 1766 1694 1694 1767 1767 1766 1766 1694 1694 1695 1695 1767 1767 1695 1695 1768 1768 1767 1767 1695 1695 1696 1696 1768 1768 1696 1696 1769 1769 1768 1768 1696 1696 1697 1697 1769 1769 1697 1697 1770 1770 1769 1769 1697 1697 1698 1698 1770 1770 1698 1698 1771 1771 1770 1770 1698 1698 1699 1699 1771 1771 1699 1699 1772 1772 1771 1771 1699 1699 1700 1700 1772 1772 1700 1700 1773 1773 1772 1772 1700 1700 1701 1701 1773 1773 1701 1701 1774 1774 1773 1773 1701 1701 1702 1702 1774 1774 1702 1702 1775 1775 1774 1774 1702 1702 1703 1703 1775 1775 1703 1703 1776 1776 1775 1775 1703 1703 1704 1704 1776 1776 1704 1704 1777 1777 1776 1776 1704 1704 1705 1705 1777 1777 1705 1705 1778 1778 1777 1777 1705 1705 1706 1706 1778 1778 1706 1706 1779 1779 1778 1778 1706 1706 1707 1707 1779 1779 1707 1707 1780 1780 1779 1779 1707 1707 1708 1708 1780 1780 1708 1708 1781 1781 1780 1780 1708 1708 1709 1709 1781 1781 1709 1709 1782 1782 1781 1781 1709 1709 1710 1710 1782 1782 1710 1710 1783 1783 1782 1782 1710 1710 1711 1711 1783 1783 1711 1711 1784 1784 1783 1783 1711 1711 1712 1712 1784 1784 1712 1712 1785 1785 1784 1784 1712 1712 1713 1713 1785 1785 1713 1713 1786 1786 1785 1785 1713 1713 1714 1714 1786 1786 1714 1714 1787 1787 1786 1786 1714 1714 1715 1715 1787 1787 1715 1715 1788 1788 1787 1787 1715 1715 1716 1716 1788 1788 1716 1716 1789 1789 1788 1788 1716 1716 1717 1717 1789 1789 1717 1717 1790 1790 1789 1789 1717 1717 1718 1718 1790 1790 1718 1718 1791 1791 1790 1790 1718 1718 1719 1719 1791 1791 1719 1719 1792 1792 1791 1791 1719 1719 1720 1720 1792 1792 1720 1720 1793 1793 1792 1792 1720 1720 1721 1721 1793 1793 1721 1721 1794 1794 1793 1793 1721 1721 1722 1722 1794 1794 1722 1722 1795 1795 1794 1794 1722 1722 1723 1723 1795 1795 1723 1723 1796 1796 1795 1795 1723 1723 1724 1724 1796 1796 1724 1724 1797 1797 1796 1796 1724 1724 1725 1725 1797 1797 1725 1725 1798 1798 1797 1797 1725 1725 1726 1726 1798 1798 1726 1726 1799 1799 1798 1798 1726 1726 1727 1727 1799 1799 1727 1727 1800 1800 1799 1799 1727 1727 1728 1728 1800 1800 1728 1728 1801 1801 1800 1800 1728 1728 1729 1729 1801 1801 1729 1729 1802 1802 1801 1801 1729 1729 1730 1730 1802 1802 1730 1730 1803 1803 1802 1802 1730 1730 1731 1731 1803 1803 1731 1731 1804 1804 1803 1803 1731 1731 1732 1732 1804 1804 1732 1732 1805 1805 1804 1804 1732 1732 1733 1733 1805 1805 1733 1733 1806 1806 1805 1805 1733 1733 1734 1734 1806 1806 1734 1734 1807 1807 1806 1806 1734 1734 1735 1735 1807 1807 1735 1735 1808 1808 1807 1807 1735 1735 1736 1736 1808 1808 1736 1736 1809 1809 1808 1808 1736 1736 1737 1737 1809 1809 1737 1737 1810 1810 1809 1809 1737 1737 1738 1738 1810 1810 1738 1738 1811 1811 1810 1810 1738 1738 1739 1739 1811 1811 1739 1739 1812 1812 1811 1811 1739 1739 1740 1740 1812 1812 1740 1740 1813 1813 1812 1812 1740 1740 1741 1741 1813 1813 1741 1741 1814 1814 1813 1813 1741 1741 1742 1742 1814 1814 1742 1742 1815 1815 1814 1814 1742 1742 1743 1743 1815 1815 1743 1743 1816 1816 1815 1815 1743 1743 1744 1744 1816 1816 1744 1744 1817 1817 1816 1816 1744 1744 1745 1745 1817 1817 1745 1745 1818 1818 1817 1817 1745 1745 1746 1746 1818 1818 1746 1746 1819 1819 1818 1818 1746 1746 1747 1747 1819 1819 1747 1747 1820 1820 1819 1819 1747 1747 1748 1748 1820 1820 1748 1748 1821 1821 1820 1820 1748 1748 1749 1749 1821 1821 1749 1749 1822 1822 1821 1821 1749 1749 1750 1750 1822 1822 1750 1750 1823 1823 1822 1822 1750 1750 1751 1751 1823 1823 1751 1751 1824 1824 1823 1823 1752 1752 1753 1753 1825 1825 1753 1753 1826 1826 1825 1825 1753 1753 1754 1754 1826 1826 1754 1754 1827 1827 1826 1826 1754 1754 1755 1755 1827 1827 1755 1755 1828 1828 1827 1827 1755 1755 1756 1756 1828 1828 1756 1756 1829 1829 1828 1828 1756 1756 1757 1757 1829 1829 1757 1757 1830 1830 1829 1829 1757 1757 1758 1758 1830 1830 1758 1758 1831 1831 1830 1830 1758 1758 1759 1759 1831 1831 1759 1759 1832 1832 1831 1831 1759 1759 1760 1760 1832 1832 1760 1760 1833 1833 1832 1832 1760 1760 1761 1761 1833 1833 1761 1761 1834 1834 1833 1833 1761 1761 1762 1762 1834 1834 1762 1762 1835 1835 1834 1834 1762 1762 1763 1763 1835 1835 1763 1763 1836 1836 1835 1835 1763 1763 1764 1764 1836 1836 1764 1764 1837 1837 1836 1836 1764 1764 1765 1765 1837 1837 1765 1765 1838 1838 1837 1837 1765 1765 1766 1766 1838 1838 1766 1766 1839 1839 1838 1838 1766 1766 1767 1767 1839 1839 1767 1767 1840 1840 1839 1839 1767 1767 1768 1768 1840 1840 1768 1768 1841 1841 1840 1840 1768 1768 1769 1769 1841 1841 1769 1769 1842 1842 1841 1841 1769 1769 1770 1770 1842 1842 1770 1770 1843 1843 1842 1842 1770 1770 1771 1771 1843 1843 1771 1771 1844 1844 1843 1843 1771 1771 1772 1772 1844 1844 1772 1772 1845 1845 1844 1844 1772 1772 1773 1773 1845 1845 1773 1773 1846 1846 1845 1845 1773 1773 1774 1774 1846 1846 1774 1774 1847 1847 1846 1846 1774 1774 1775 1775 1847 1847 1775 1775 1848 1848 1847 1847 1775 1775 1776 1776 1848 1848 1776 1776 1849 1849 1848 1848 1776 1776 1777 1777 1849 1849 1777 1777 1850 1850 1849 1849 1777 1777 1778 1778 1850 1850 1778 1778 1851 1851 1850 1850 1778 1778 1779 1779 1851 1851 1779 1779 1852 1852 1851 1851 1779 1779 1780 1780 1852 1852 1780 1780 1853 1853 1852 1852 1780 1780 1781 1781 1853 1853 1781 1781 1854 1854 1853 1853 1781 1781 1782 1782 1854 1854 1782 1782 1855 1855 1854 1854 1782 1782 1783 1783 1855 1855 1783 1783 1856 1856 1855 1855 1783 1783 1784 1784 1856 1856 1784 1784 1857 1857 1856 1856 1784 1784 1785 1785 1857 1857 1785 1785 1858 1858 1857 1857 1785 1785 1786 1786 1858 1858 1786 1786 1859 1859 1858 1858 1786 1786 1787 1787 1859 1859 1787 1787 1860 1860 1859 1859 1787 1787 1788 1788 1860 1860 1788 1788 1861 1861 1860 1860 1788 1788 1789 1789 1861 1861 1789 1789 1862 1862 1861 1861 1789 1789 1790 1790 1862 1862 1790 1790 1863 1863 1862 1862 1790 1790 1791 1791 1863 1863 1791 1791 1864 1864 1863 1863 1791 1791 1792 1792 1864 1864 1792 1792 1865 1865 1864 1864 1792 1792 1793 1793 1865 1865 1793 1793 1866 1866 1865 1865 1793 1793 1794 1794 1866 1866 1794 1794 1867 1867 1866 1866 1794 1794 1795 1795 1867 1867 1795 1795 1868 1868 1867 1867 1795 1795 1796 1796 1868 1868 1796 1796 1869 1869 1868 1868 1796 1796 1797 1797 1869 1869 1797 1797 1870 1870 1869 1869 1797 1797 1798 1798 1870 1870 1798 1798 1871 1871 1870 1870 1798 1798 1799 1799 1871 1871 1799 1799 1872 1872 1871 1871 1799 1799 1800 1800 1872 1872 1800 1800 1873 1873 1872 1872 1800 1800 1801 1801 1873 1873 1801 1801 1874 1874 1873 1873 1801 1801 1802 1802 1874 1874 1802 1802 1875 1875 1874 1874 1802 1802 1803 1803 1875 1875 1803 1803 1876 1876 1875 1875 1803 1803 1804 1804 1876 1876 1804 1804 1877 1877 1876 1876 1804 1804 1805 1805 1877 1877 1805 1805 1878 1878 1877 1877 1805 1805 1806 1806 1878 1878 1806 1806 1879 1879 1878 1878 1806 1806 1807 1807 1879 1879 1807 1807 1880 1880 1879 1879 1807 1807 1808 1808 1880 1880 1808 1808 1881 1881 1880 1880 1808 1808 1809 1809 1881 1881 1809 1809 1882 1882 1881 1881 1809 1809 1810 1810 1882 1882 1810 1810 1883 1883 1882 1882 1810 1810 1811 1811 1883 1883 1811 1811 1884 1884 1883 1883 1811 1811 1812 1812 1884 1884 1812 1812 1885 1885 1884 1884 1812 1812 1813 1813 1885 1885 1813 1813 1886 1886 1885 1885 1813 1813 1814 1814 1886 1886 1814 1814 1887 1887 1886 1886 1814 1814 1815 1815 1887 1887 1815 1815 1888 1888 1887 1887 1815 1815 1816 1816 1888 1888 1816 1816 1889 1889 1888 1888 1816 1816 1817 1817 1889 1889 1817 1817 1890 1890 1889 1889 1817 1817 1818 1818 1890 1890 1818 1818 1891 1891 1890 1890 1818 1818 1819 1819 1891 1891 1819 1819 1892 1892 1891 1891 1819 1819 1820 1820 1892 1892 1820 1820 1893 1893 1892 1892 1820 1820 1821 1821 1893 1893 1821 1821 1894 1894 1893 1893 1821 1821 1822 1822 1894 1894 1822 1822 1895 1895 1894 1894 1822 1822 1823 1823 1895 1895 1823 1823 1896 1896 1895 1895 1823 1823 1824 1824 1896 1896 1824 1824 1897 1897 1896 1896 1825 1825 1826 1826 1898 1898 1826 1826 1899 1899 1898 1898 1826 1826 1827 1827 1899 1899 1827 1827 1900 1900 1899 1899 1827 1827 1828 1828 1900 1900 1828 1828 1901 1901 1900 1900 1828 1828 1829 1829 1901 1901 1829 1829 1902 1902 1901 1901 1829 1829 1830 1830 1902 1902 1830 1830 1903 1903 1902 1902 1830 1830 1831 1831 1903 1903 1831 1831 1904 1904 1903 1903 1831 1831 1832 1832 1904 1904 1832 1832 1905 1905 1904 1904 1832 1832 1833 1833 1905 1905 1833 1833 1906 1906 1905 1905 1833 1833 1834 1834 1906 1906 1834 1834 1907 1907 1906 1906 1834 1834 1835 1835 1907 1907 1835 1835 1908 1908 1907 1907 1835 1835 1836 1836 1908 1908 1836 1836 1909 1909 1908 1908 1836 1836 1837 1837 1909 1909 1837 1837 1910 1910 1909 1909 1837 1837 1838 1838 1910 1910 1838 1838 1911 1911 1910 1910 1838 1838 1839 1839 1911 1911 1839 1839 1912 1912 1911 1911 1839 1839 1840 1840 1912 1912 1840 1840 1913 1913 1912 1912 1840 1840 1841 1841 1913 1913 1841 1841 1914 1914 1913 1913 1841 1841 1842 1842 1914 1914 1842 1842 1915 1915 1914 1914 1842 1842 1843 1843 1915 1915 1843 1843 1916 1916 1915 1915 1843 1843 1844 1844 1916 1916 1844 1844 1917 1917 1916 1916 1844 1844 1845 1845 1917 1917 1845 1845 1918 1918 1917 1917 1845 1845 1846 1846 1918 1918 1846 1846 1919 1919 1918 1918 1846 1846 1847 1847 1919 1919 1847 1847 1920 1920 1919 1919 1847 1847 1848 1848 1920 1920 1848 1848 1921 1921 1920 1920 1848 1848 1849 1849 1921 1921 1849 1849 1922 1922 1921 1921 1849 1849 1850 1850 1922 1922 1850 1850 1923 1923 1922 1922 1850 1850 1851 1851 1923 1923 1851 1851 1924 1924 1923 1923 1851 1851 1852 1852 1924 1924 1852 1852 1925 1925 1924 1924 1852 1852 1853 1853 1925 1925 1853 1853 1926 1926 1925 1925 1853 1853 1854 1854 1926 1926 1854 1854 1927 1927 1926 1926 1854 1854 1855 1855 1927 1927 1855 1855 1928 1928 1927 1927 1855 1855 1856 1856 1928 1928 1856 1856 1929 1929 1928 1928 1856 1856 1857 1857 1929 1929 1857 1857 1930 1930 1929 1929 1857 1857 1858 1858 1930 1930 1858 1858 1931 1931 1930 1930 1858 1858 1859 1859 1931 1931 1859 1859 1932 1932 1931 1931 1859 1859 1860 1860 1932 1932 1860 1860 1933 1933 1932 1932 1860 1860 1861 1861 1933 1933 1861 1861 1934 1934 1933 1933 1861 1861 1862 1862 1934 1934 1862 1862 1935 1935 1934 1934 1862 1862 1863 1863 1935 1935 1863 1863 1936 1936 1935 1935 1863 1863 1864 1864 1936 1936 1864 1864 1937 1937 1936 1936 1864 1864 1865 1865 1937 1937 1865 1865 1938 1938 1937 1937 1865 1865 1866 1866 1938 1938 1866 1866 1939 1939 1938 1938 1866 1866 1867 1867 1939 1939 1867 1867 1940 1940 1939 1939 1867 1867 1868 1868 1940 1940 1868 1868 1941 1941 1940 1940 1868 1868 1869 1869 1941 1941 1869 1869 1942 1942 1941 1941 1869 1869 1870 1870 1942 1942 1870 1870 1943 1943 1942 1942 1870 1870 1871 1871 1943 1943 1871 1871 1944 1944 1943 1943 1871 1871 1872 1872 1944 1944 1872 1872 1945 1945 1944 1944 1872 1872 1873 1873 1945 1945 1873 1873 1946 1946 1945 1945 1873 1873 1874 1874 1946 1946 1874 1874 1947 1947 1946 1946 1874 1874 1875 1875 1947 1947 1875 1875 1948 1948 1947 1947 1875 1875 1876 1876 1948 1948 1876 1876 1949 1949 1948 1948 1876 1876 1877 1877 1949 1949 1877 1877 1950 1950 1949 1949 1877 1877 1878 1878 1950 1950 1878 1878 1951 1951 1950 1950 1878 1878 1879 1879 1951 1951 1879 1879 1952 1952 1951 1951 1879 1879 1880 1880 1952 1952 1880 1880 1953 1953 1952 1952 1880 1880 1881 1881 1953 1953 1881 1881 1954 1954 1953 1953 1881 1881 1882 1882 1954 1954 1882 1882 1955 1955 1954 1954 1882 1882 1883 1883 1955 1955 1883 1883 1956 1956 1955 1955 1883 1883 1884 1884 1956 1956 1884 1884 1957 1957 1956 1956 1884 1884 1885 1885 1957 1957 1885 1885 1958 1958 1957 1957 1885 1885 1886 1886 1958 1958 1886 1886 1959 1959 1958 1958 1886 1886 1887 1887 1959 1959 1887 1887 1960 1960 1959 1959 1887 1887 1888 1888 1960 1960 1888 1888 1961 1961 1960 1960 1888 1888 1889 1889 1961 1961 1889 1889 1962 1962 1961 1961 1889 1889 1890 1890 1962 1962 1890 1890 1963 1963 1962 1962 1890 1890 1891 1891 1963 1963 1891 1891 1964 1964 1963 1963 1891 1891 1892 1892 1964 1964 1892 1892 1965 1965 1964 1964 1892 1892 1893 1893 1965 1965 1893 1893 1966 1966 1965 1965 1893 1893 1894 1894 1966 1966 1894 1894 1967 1967 1966 1966 1894 1894 1895 1895 1967 1967 1895 1895 1968 1968 1967 1967 1895 1895 1896 1896 1968 1968 1896 1896 1969 1969 1968 1968 1896 1896 1897 1897 1969 1969 1897 1897 1970 1970 1969 1969 1898 1898 1899 1899 1971 1971 1899 1899 1972 1972 1971 1971 1899 1899 1900 1900 1972 1972 1900 1900 1973 1973 1972 1972 1900 1900 1901 1901 1973 1973 1901 1901 1974 1974 1973 1973 1901 1901 1902 1902 1974 1974 1902 1902 1975 1975 1974 1974 1902 1902 1903 1903 1975 1975 1903 1903 1976 1976 1975 1975 1903 1903 1904 1904 1976 1976 1904 1904 1977 1977 1976 1976 1904 1904 1905 1905 1977 1977 1905 1905 1978 1978 1977 1977 1905 1905 1906 1906 1978 1978 1906 1906 1979 1979 1978 1978 1906 1906 1907 1907 1979 1979 1907 1907 1980 1980 1979 1979 1907 1907 1908 1908 1980 1980 1908 1908 1981 1981 1980 1980 1908 1908 1909 1909 1981 1981 1909 1909 1982 1982 1981 1981 1909 1909 1910 1910 1982 1982 1910 1910 1983 1983 1982 1982 1910 1910 1911 1911 1983 1983 1911 1911 1984 1984 1983 1983 1911 1911 1912 1912 1984 1984 1912 1912 1985 1985 1984 1984 1912 1912 1913 1913 1985 1985 1913 1913 1986 1986 1985 1985 1913 1913 1914 1914 1986 1986 1914 1914 1987 1987 1986 1986 1914 1914 1915 1915 1987 1987 1915 1915 1988 1988 1987 1987 1915 1915 1916 1916 1988 1988 1916 1916 1989 1989 1988 1988 1916 1916 1917 1917 1989 1989 1917 1917 1990 1990 1989 1989 1917 1917 1918 1918 1990 1990 1918 1918 1991 1991 1990 1990 1918 1918 1919 1919 1991 1991 1919 1919 1992 1992 1991 1991 1919 1919 1920 1920 1992 1992 1920 1920 1993 1993 1992 1992 1920 1920 1921 1921 1993 1993 1921 1921 1994 1994 1993 1993 1921 1921 1922 1922 1994 1994 1922 1922 1995 1995 1994 1994 1922 1922 1923 1923 1995 1995 1923 1923 1996 1996 1995 1995 1923 1923 1924 1924 1996 1996 1924 1924 1997 1997 1996 1996 1924 1924 1925 1925 1997 1997 1925 1925 1998 1998 1997 1997 1925 1925 1926 1926 1998 1998 1926 1926 1999 1999 1998 1998 1926 1926 1927 1927 1999 1999 1927 1927 2000 2000 1999 1999 1927 1927 1928 1928 2000 2000 1928 1928 2001 2001 2000 2000 1928 1928 1929 1929 2001 2001 1929 1929 2002 2002 2001 2001 1929 1929 1930 1930 2002 2002 1930 1930 2003 2003 2002 2002 1930 1930 1931 1931 2003 2003 1931 1931 2004 2004 2003 2003 1931 1931 1932 1932 2004 2004 1932 1932 2005 2005 2004 2004 1932 1932 1933 1933 2005 2005 1933 1933 2006 2006 2005 2005 1933 1933 1934 1934 2006 2006 1934 1934 2007 2007 2006 2006 1934 1934 1935 1935 2007 2007 1935 1935 2008 2008 2007 2007 1935 1935 1936 1936 2008 2008 1936 1936 2009 2009 2008 2008 1936 1936 1937 1937 2009 2009 1937 1937 2010 2010 2009 2009 1937 1937 1938 1938 2010 2010 1938 1938 2011 2011 2010 2010 1938 1938 1939 1939 2011 2011 1939 1939 2012 2012 2011 2011 1939 1939 1940 1940 2012 2012 1940 1940 2013 2013 2012 2012 1940 1940 1941 1941 2013 2013 1941 1941 2014 2014 2013 2013 1941 1941 1942 1942 2014 2014 1942 1942 2015 2015 2014 2014 1942 1942 1943 1943 2015 2015 1943 1943 2016 2016 2015 2015 1943 1943 1944 1944 2016 2016 1944 1944 2017 2017 2016 2016 1944 1944 1945 1945 2017 2017 1945 1945 2018 2018 2017 2017 1945 1945 1946 1946 2018 2018 1946 1946 2019 2019 2018 2018 1946 1946 1947 1947 2019 2019 1947 1947 2020 2020 2019 2019 1947 1947 1948 1948 2020 2020 1948 1948 2021 2021 2020 2020 1948 1948 1949 1949 2021 2021 1949 1949 2022 2022 2021 2021 1949 1949 1950 1950 2022 2022 1950 1950 2023 2023 2022 2022 1950 1950 1951 1951 2023 2023 1951 1951 2024 2024 2023 2023 1951 1951 1952 1952 2024 2024 1952 1952 2025 2025 2024 2024 1952 1952 1953 1953 2025 2025 1953 1953 2026 2026 2025 2025 1953 1953 1954 1954 2026 2026 1954 1954 2027 2027 2026 2026 1954 1954 1955 1955 2027 2027 1955 1955 2028 2028 2027 2027 1955 1955 1956 1956 2028 2028 1956 1956 2029 2029 2028 2028 1956 1956 1957 1957 2029 2029 1957 1957 2030 2030 2029 2029 1957 1957 1958 1958 2030 2030 1958 1958 2031 2031 2030 2030 1958 1958 1959 1959 2031 2031 1959 1959 2032 2032 2031 2031 1959 1959 1960 1960 2032 2032 1960 1960 2033 2033 2032 2032 1960 1960 1961 1961 2033 2033 1961 1961 2034 2034 2033 2033 1961 1961 1962 1962 2034 2034 1962 1962 2035 2035 2034 2034 1962 1962 1963 1963 2035 2035 1963 1963 2036 2036 2035 2035 1963 1963 1964 1964 2036 2036 1964 1964 2037 2037 2036 2036 1964 1964 1965 1965 2037 2037 1965 1965 2038 2038 2037 2037 1965 1965 1966 1966 2038 2038 1966 1966 2039 2039 2038 2038 1966 1966 1967 1967 2039 2039 1967 1967 2040 2040 2039 2039 1967 1967 1968 1968 2040 2040 1968 1968 2041 2041 2040 2040 1968 1968 1969 1969 2041 2041 1969 1969 2042 2042 2041 2041 1969 1969 1970 1970 2042 2042 1970 1970 2043 2043 2042 2042 1971 1971 1972 1972 2044 2044 1972 1972 2045 2045 2044 2044 1972 1972 1973 1973 2045 2045 1973 1973 2046 2046 2045 2045 1973 1973 1974 1974 2046 2046 1974 1974 2047 2047 2046 2046 1974 1974 1975 1975 2047 2047 1975 1975 2048 2048 2047 2047 1975 1975 1976 1976 2048 2048 1976 1976 2049 2049 2048 2048 1976 1976 1977 1977 2049 2049 1977 1977 2050 2050 2049 2049 1977 1977 1978 1978 2050 2050 1978 1978 2051 2051 2050 2050 1978 1978 1979 1979 2051 2051 1979 1979 2052 2052 2051 2051 1979 1979 1980 1980 2052 2052 1980 1980 2053 2053 2052 2052 1980 1980 1981 1981 2053 2053 1981 1981 2054 2054 2053 2053 1981 1981 1982 1982 2054 2054 1982 1982 2055 2055 2054 2054 1982 1982 1983 1983 2055 2055 1983 1983 2056 2056 2055 2055 1983 1983 1984 1984 2056 2056 1984 1984 2057 2057 2056 2056 1984 1984 1985 1985 2057 2057 1985 1985 2058 2058 2057 2057 1985 1985 1986 1986 2058 2058 1986 1986 2059 2059 2058 2058 1986 1986 1987 1987 2059 2059 1987 1987 2060 2060 2059 2059 1987 1987 1988 1988 2060 2060 1988 1988 2061 2061 2060 2060 1988 1988 1989 1989 2061 2061 1989 1989 2062 2062 2061 2061 1989 1989 1990 1990 2062 2062 1990 1990 2063 2063 2062 2062 1990 1990 1991 1991 2063 2063 1991 1991 2064 2064 2063 2063 1991 1991 1992 1992 2064 2064 1992 1992 2065 2065 2064 2064 1992 1992 1993 1993 2065 2065 1993 1993 2066 2066 2065 2065 1993 1993 1994 1994 2066 2066 1994 1994 2067 2067 2066 2066 1994 1994 1995 1995 2067 2067 1995 1995 2068 2068 2067 2067 1995 1995 1996 1996 2068 2068 1996 1996 2069 2069 2068 2068 1996 1996 1997 1997 2069 2069 1997 1997 2070 2070 2069 2069 1997 1997 1998 1998 2070 2070 1998 1998 2071 2071 2070 2070 1998 1998 1999 1999 2071 2071 1999 1999 2072 2072 2071 2071 1999 1999 2000 2000 2072 2072 2000 2000 2073 2073 2072 2072 2000 2000 2001 2001 2073 2073 2001 2001 2074 2074 2073 2073 2001 2001 2002 2002 2074 2074 2002 2002 2075 2075 2074 2074 2002 2002 2003 2003 2075 2075 2003 2003 2076 2076 2075 2075 2003 2003 2004 2004 2076 2076 2004 2004 2077 2077 2076 2076 2004 2004 2005 2005 2077 2077 2005 2005 2078 2078 2077 2077 2005 2005 2006 2006 2078 2078 2006 2006 2079 2079 2078 2078 2006 2006 2007 2007 2079 2079 2007 2007 2080 2080 2079 2079 2007 2007 2008 2008 2080 2080 2008 2008 2081 2081 2080 2080 2008 2008 2009 2009 2081 2081 2009 2009 2082 2082 2081 2081 2009 2009 2010 2010 2082 2082 2010 2010 2083 2083 2082 2082 2010 2010 2011 2011 2083 2083 2011 2011 2084 2084 2083 2083 2011 2011 2012 2012 2084 2084 2012 2012 2085 2085 2084 2084 2012 2012 2013 2013 2085 2085 2013 2013 2086 2086 2085 2085 2013 2013 2014 2014 2086 2086 2014 2014 2087 2087 2086 2086 2014 2014 2015 2015 2087 2087 2015 2015 2088 2088 2087 2087 2015 2015 2016 2016 2088 2088 2016 2016 2089 2089 2088 2088 2016 2016 2017 2017 2089 2089 2017 2017 2090 2090 2089 2089 2017 2017 2018 2018 2090 2090 2018 2018 2091 2091 2090 2090 2018 2018 2019 2019 2091 2091 2019 2019 2092 2092 2091 2091 2019 2019 2020 2020 2092 2092 2020 2020 2093 2093 2092 2092 2020 2020 2021 2021 2093 2093 2021 2021 2094 2094 2093 2093 2021 2021 2022 2022 2094 2094 2022 2022 2095 2095 2094 2094 2022 2022 2023 2023 2095 2095 2023 2023 2096 2096 2095 2095 2023 2023 2024 2024 2096 2096 2024 2024 2097 2097 2096 2096 2024 2024 2025 2025 2097 2097 2025 2025 2098 2098 2097 2097 2025 2025 2026 2026 2098 2098 2026 2026 2099 2099 2098 2098 2026 2026 2027 2027 2099 2099 2027 2027 2100 2100 2099 2099 2027 2027 2028 2028 2100 2100 2028 2028 2101 2101 2100 2100 2028 2028 2029 2029 2101 2101 2029 2029 2102 2102 2101 2101 2029 2029 2030 2030 2102 2102 2030 2030 2103 2103 2102 2102 2030 2030 2031 2031 2103 2103 2031 2031 2104 2104 2103 2103 2031 2031 2032 2032 2104 2104 2032 2032 2105 2105 2104 2104 2032 2032 2033 2033 2105 2105 2033 2033 2106 2106 2105 2105 2033 2033 2034 2034 2106 2106 2034 2034 2107 2107 2106 2106 2034 2034 2035 2035 2107 2107 2035 2035 2108 2108 2107 2107 2035 2035 2036 2036 2108 2108 2036 2036 2109 2109 2108 2108 2036 2036 2037 2037 2109 2109 2037 2037 2110 2110 2109 2109 2037 2037 2038 2038 2110 2110 2038 2038 2111 2111 2110 2110 2038 2038 2039 2039 2111 2111 2039 2039 2112 2112 2111 2111 2039 2039 2040 2040 2112 2112 2040 2040 2113 2113 2112 2112 2040 2040 2041 2041 2113 2113 2041 2041 2114 2114 2113 2113 2041 2041 2042 2042 2114 2114 2042 2042 2115 2115 2114 2114 2042 2042 2043 2043 2115 2115 2043 2043 2116 2116 2115 2115 2044 2044 2045 2045 2117 2117 2045 2045 2118 2118 2117 2117 2045 2045 2046 2046 2118 2118 2046 2046 2119 2119 2118 2118 2046 2046 2047 2047 2119 2119 2047 2047 2120 2120 2119 2119 2047 2047 2048 2048 2120 2120 2048 2048 2121 2121 2120 2120 2048 2048 2049 2049 2121 2121 2049 2049 2122 2122 2121 2121 2049 2049 2050 2050 2122 2122 2050 2050 2123 2123 2122 2122 2050 2050 2051 2051 2123 2123 2051 2051 2124 2124 2123 2123 2051 2051 2052 2052 2124 2124 2052 2052 2125 2125 2124 2124 2052 2052 2053 2053 2125 2125 2053 2053 2126 2126 2125 2125 2053 2053 2054 2054 2126 2126 2054 2054 2127 2127 2126 2126 2054 2054 2055 2055 2127 2127 2055 2055 2128 2128 2127 2127 2055 2055 2056 2056 2128 2128 2056 2056 2129 2129 2128 2128 2056 2056 2057 2057 2129 2129 2057 2057 2130 2130 2129 2129 2057 2057 2058 2058 2130 2130 2058 2058 2131 2131 2130 2130 2058 2058 2059 2059 2131 2131 2059 2059 2132 2132 2131 2131 2059 2059 2060 2060 2132 2132 2060 2060 2133 2133 2132 2132 2060 2060 2061 2061 2133 2133 2061 2061 2134 2134 2133 2133 2061 2061 2062 2062 2134 2134 2062 2062 2135 2135 2134 2134 2062 2062 2063 2063 2135 2135 2063 2063 2136 2136 2135 2135 2063 2063 2064 2064 2136 2136 2064 2064 2137 2137 2136 2136 2064 2064 2065 2065 2137 2137 2065 2065 2138 2138 2137 2137 2065 2065 2066 2066 2138 2138 2066 2066 2139 2139 2138 2138 2066 2066 2067 2067 2139 2139 2067 2067 2140 2140 2139 2139 2067 2067 2068 2068 2140 2140 2068 2068 2141 2141 2140 2140 2068 2068 2069 2069 2141 2141 2069 2069 2142 2142 2141 2141 2069 2069 2070 2070 2142 2142 2070 2070 2143 2143 2142 2142 2070 2070 2071 2071 2143 2143 2071 2071 2144 2144 2143 2143 2071 2071 2072 2072 2144 2144 2072 2072 2145 2145 2144 2144 2072 2072 2073 2073 2145 2145 2073 2073 2146 2146 2145 2145 2073 2073 2074 2074 2146 2146 2074 2074 2147 2147 2146 2146 2074 2074 2075 2075 2147 2147 2075 2075 2148 2148 2147 2147 2075 2075 2076 2076 2148 2148 2076 2076 2149 2149 2148 2148 2076 2076 2077 2077 2149 2149 2077 2077 2150 2150 2149 2149 2077 2077 2078 2078 2150 2150 2078 2078 2151 2151 2150 2150 2078 2078 2079 2079 2151 2151 2079 2079 2152 2152 2151 2151 2079 2079 2080 2080 2152 2152 2080 2080 2153 2153 2152 2152 2080 2080 2081 2081 2153 2153 2081 2081 2154 2154 2153 2153 2081 2081 2082 2082 2154 2154 2082 2082 2155 2155 2154 2154 2082 2082 2083 2083 2155 2155 2083 2083 2156 2156 2155 2155 2083 2083 2084 2084 2156 2156 2084 2084 2157 2157 2156 2156 2084 2084 2085 2085 2157 2157 2085 2085 2158 2158 2157 2157 2085 2085 2086 2086 2158 2158 2086 2086 2159 2159 2158 2158 2086 2086 2087 2087 2159 2159 2087 2087 2160 2160 2159 2159 2087 2087 2088 2088 2160 2160 2088 2088 2161 2161 2160 2160 2088 2088 2089 2089 2161 2161 2089 2089 2162 2162 2161 2161 2089 2089 2090 2090 2162 2162 2090 2090 2163 2163 2162 2162 2090 2090 2091 2091 2163 2163 2091 2091 2164 2164 2163 2163 2091 2091 2092 2092 2164 2164 2092 2092 2165 2165 2164 2164 2092 2092 2093 2093 2165 2165 2093 2093 2166 2166 2165 2165 2093 2093 2094 2094 2166 2166 2094 2094 2167 2167 2166 2166 2094 2094 2095 2095 2167 2167 2095 2095 2168 2168 2167 2167 2095 2095 2096 2096 2168 2168 2096 2096 2169 2169 2168 2168 2096 2096 2097 2097 2169 2169 2097 2097 2170 2170 2169 2169 2097 2097 2098 2098 2170 2170 2098 2098 2171 2171 2170 2170 2098 2098 2099 2099 2171 2171 2099 2099 2172 2172 2171 2171 2099 2099 2100 2100 2172 2172 2100 2100 2173 2173 2172 2172 2100 2100 2101 2101 2173 2173 2101 2101 2174 2174 2173 2173 2101 2101 2102 2102 2174 2174 2102 2102 2175 2175 2174 2174 2102 2102 2103 2103 2175 2175 2103 2103 2176 2176 2175 2175 2103 2103 2104 2104 2176 2176 2104 2104 2177 2177 2176 2176 2104 2104 2105 2105 2177 2177 2105 2105 2178 2178 2177 2177 2105 2105 2106 2106 2178 2178 2106 2106 2179 2179 2178 2178 2106 2106 2107 2107 2179 2179 2107 2107 2180 2180 2179 2179 2107 2107 2108 2108 2180 2180 2108 2108 2181 2181 2180 2180 2108 2108 2109 2109 2181 2181 2109 2109 2182 2182 2181 2181 2109 2109 2110 2110 2182 2182 2110 2110 2183 2183 2182 2182 2110 2110 2111 2111 2183 2183 2111 2111 2184 2184 2183 2183 2111 2111 2112 2112 2184 2184 2112 2112 2185 2185 2184 2184 2112 2112 2113 2113 2185 2185 2113 2113 2186 2186 2185 2185 2113 2113 2114 2114 2186 2186 2114 2114 2187 2187 2186 2186 2114 2114 2115 2115 2187 2187 2115 2115 2188 2188 2187 2187 2115 2115 2116 2116 2188 2188 2116 2116 2189 2189 2188 2188 2117 2117 2118 2118 2190 2190 2118 2118 2191 2191 2190 2190 2118 2118 2119 2119 2191 2191 2119 2119 2192 2192 2191 2191 2119 2119 2120 2120 2192 2192 2120 2120 2193 2193 2192 2192 2120 2120 2121 2121 2193 2193 2121 2121 2194 2194 2193 2193 2121 2121 2122 2122 2194 2194 2122 2122 2195 2195 2194 2194 2122 2122 2123 2123 2195 2195 2123 2123 2196 2196 2195 2195 2123 2123 2124 2124 2196 2196 2124 2124 2197 2197 2196 2196 2124 2124 2125 2125 2197 2197 2125 2125 2198 2198 2197 2197 2125 2125 2126 2126 2198 2198 2126 2126 2199 2199 2198 2198 2126 2126 2127 2127 2199 2199 2127 2127 2200 2200 2199 2199 2127 2127 2128 2128 2200 2200 2128 2128 2201 2201 2200 2200 2128 2128 2129 2129 2201 2201 2129 2129 2202 2202 2201 2201 2129 2129 2130 2130 2202 2202 2130 2130 2203 2203 2202 2202 2130 2130 2131 2131 2203 2203 2131 2131 2204 2204 2203 2203 2131 2131 2132 2132 2204 2204 2132 2132 2205 2205 2204 2204 2132 2132 2133 2133 2205 2205 2133 2133 2206 2206 2205 2205 2133 2133 2134 2134 2206 2206 2134 2134 2207 2207 2206 2206 2134 2134 2135 2135 2207 2207 2135 2135 2208 2208 2207 2207 2135 2135 2136 2136 2208 2208 2136 2136 2209 2209 2208 2208 2136 2136 2137 2137 2209 2209 2137 2137 2210 2210 2209 2209 2137 2137 2138 2138 2210 2210 2138 2138 2211 2211 2210 2210 2138 2138 2139 2139 2211 2211 2139 2139 2212 2212 2211 2211 2139 2139 2140 2140 2212 2212 2140 2140 2213 2213 2212 2212 2140 2140 2141 2141 2213 2213 2141 2141 2214 2214 2213 2213 2141 2141 2142 2142 2214 2214 2142 2142 2215 2215 2214 2214 2142 2142 2143 2143 2215 2215 2143 2143 2216 2216 2215 2215 2143 2143 2144 2144 2216 2216 2144 2144 2217 2217 2216 2216 2144 2144 2145 2145 2217 2217 2145 2145 2218 2218 2217 2217 2145 2145 2146 2146 2218 2218 2146 2146 2219 2219 2218 2218 2146 2146 2147 2147 2219 2219 2147 2147 2220 2220 2219 2219 2147 2147 2148 2148 2220 2220 2148 2148 2221 2221 2220 2220 2148 2148 2149 2149 2221 2221 2149 2149 2222 2222 2221 2221 2149 2149 2150 2150 2222 2222 2150 2150 2223 2223 2222 2222 2150 2150 2151 2151 2223 2223 2151 2151 2224 2224 2223 2223 2151 2151 2152 2152 2224 2224 2152 2152 2225 2225 2224 2224 2152 2152 2153 2153 2225 2225 2153 2153 2226 2226 2225 2225 2153 2153 2154 2154 2226 2226 2154 2154 2227 2227 2226 2226 2154 2154 2155 2155 2227 2227 2155 2155 2228 2228 2227 2227 2155 2155 2156 2156 2228 2228 2156 2156 2229 2229 2228 2228 2156 2156 2157 2157 2229 2229 2157 2157 2230 2230 2229 2229 2157 2157 2158 2158 2230 2230 2158 2158 2231 2231 2230 2230 2158 2158 2159 2159 2231 2231 2159 2159 2232 2232 2231 2231 2159 2159 2160 2160 2232 2232 2160 2160 2233 2233 2232 2232 2160 2160 2161 2161 2233 2233 2161 2161 2234 2234 2233 2233 2161 2161 2162 2162 2234 2234 2162 2162 2235 2235 2234 2234 2162 2162 2163 2163 2235 2235 2163 2163 2236 2236 2235 2235 2163 2163 2164 2164 2236 2236 2164 2164 2237 2237 2236 2236 2164 2164 2165 2165 2237 2237 2165 2165 2238 2238 2237 2237 2165 2165 2166 2166 2238 2238 2166 2166 2239 2239 2238 2238 2166 2166 2167 2167 2239 2239 2167 2167 2240 2240 2239 2239 2167 2167 2168 2168 2240 2240 2168 2168 2241 2241 2240 2240 2168 2168 2169 2169 2241 2241 2169 2169 2242 2242 2241 2241 2169 2169 2170 2170 2242 2242 2170 2170 2243 2243 2242 2242 2170 2170 2171 2171 2243 2243 2171 2171 2244 2244 2243 2243 2171 2171 2172 2172 2244 2244 2172 2172 2245 2245 2244 2244 2172 2172 2173 2173 2245 2245 2173 2173 2246 2246 2245 2245 2173 2173 2174 2174 2246 2246 2174 2174 2247 2247 2246 2246 2174 2174 2175 2175 2247 2247 2175 2175 2248 2248 2247 2247 2175 2175 2176 2176 2248 2248 2176 2176 2249 2249 2248 2248 2176 2176 2177 2177 2249 2249 2177 2177 2250 2250 2249 2249 2177 2177 2178 2178 2250 2250 2178 2178 2251 2251 2250 2250 2178 2178 2179 2179 2251 2251 2179 2179 2252 2252 2251 2251 2179 2179 2180 2180 2252 2252 2180 2180 2253 2253 2252 2252 2180 2180 2181 2181 2253 2253 2181 2181 2254 2254 2253 2253 2181 2181 2182 2182 2254 2254 2182 2182 2255 2255 2254 2254 2182 2182 2183 2183 2255 2255 2183 2183 2256 2256 2255 2255 2183 2183 2184 2184 2256 2256 2184 2184 2257 2257 2256 2256 2184 2184 2185 2185 2257 2257 2185 2185 2258 2258 2257 2257 2185 2185 2186 2186 2258 2258 2186 2186 2259 2259 2258 2258 2186 2186 2187 2187 2259 2259 2187 2187 2260 2260 2259 2259 2187 2187 2188 2188 2260 2260 2188 2188 2261 2261 2260 2260 2188 2188 2189 2189 2261 2261 2189 2189 2262 2262 2261 2261 2190 2190 2191 2191 2263 2263 2191 2191 2264 2264 2263 2263 2191 2191 2192 2192 2264 2264 2192 2192 2265 2265 2264 2264 2192 2192 2193 2193 2265 2265 2193 2193 2266 2266 2265 2265 2193 2193 2194 2194 2266 2266 2194 2194 2267 2267 2266 2266 2194 2194 2195 2195 2267 2267 2195 2195 2268 2268 2267 2267 2195 2195 2196 2196 2268 2268 2196 2196 2269 2269 2268 2268 2196 2196 2197 2197 2269 2269 2197 2197 2270 2270 2269 2269 2197 2197 2198 2198 2270 2270 2198 2198 2271 2271 2270 2270 2198 2198 2199 2199 2271 2271 2199 2199 2272 2272 2271 2271 2199 2199 2200 2200 2272 2272 2200 2200 2273 2273 2272 2272 2200 2200 2201 2201 2273 2273 2201 2201 2274 2274 2273 2273 2201 2201 2202 2202 2274 2274 2202 2202 2275 2275 2274 2274 2202 2202 2203 2203 2275 2275 2203 2203 2276 2276 2275 2275 2203 2203 2204 2204 2276 2276 2204 2204 2277 2277 2276 2276 2204 2204 2205 2205 2277 2277 2205 2205 2278 2278 2277 2277 2205 2205 2206 2206 2278 2278 2206 2206 2279 2279 2278 2278 2206 2206 2207 2207 2279 2279 2207 2207 2280 2280 2279 2279 2207 2207 2208 2208 2280 2280 2208 2208 2281 2281 2280 2280 2208 2208 2209 2209 2281 2281 2209 2209 2282 2282 2281 2281 2209 2209 2210 2210 2282 2282 2210 2210 2283 2283 2282 2282 2210 2210 2211 2211 2283 2283 2211 2211 2284 2284 2283 2283 2211 2211 2212 2212 2284 2284 2212 2212 2285 2285 2284 2284 2212 2212 2213 2213 2285 2285 2213 2213 2286 2286 2285 2285 2213 2213 2214 2214 2286 2286 2214 2214 2287 2287 2286 2286 2214 2214 2215 2215 2287 2287 2215 2215 2288 2288 2287 2287 2215 2215 2216 2216 2288 2288 2216 2216 2289 2289 2288 2288 2216 2216 2217 2217 2289 2289 2217 2217 2290 2290 2289 2289 2217 2217 2218 2218 2290 2290 2218 2218 2291 2291 2290 2290 2218 2218 2219 2219 2291 2291 2219 2219 2292 2292 2291 2291 2219 2219 2220 2220 2292 2292 2220 2220 2293 2293 2292 2292 2220 2220 2221 2221 2293 2293 2221 2221 2294 2294 2293 2293 2221 2221 2222 2222 2294 2294 2222 2222 2295 2295 2294 2294 2222 2222 2223 2223 2295 2295 2223 2223 2296 2296 2295 2295 2223 2223 2224 2224 2296 2296 2224 2224 2297 2297 2296 2296 2224 2224 2225 2225 2297 2297 2225 2225 2298 2298 2297 2297 2225 2225 2226 2226 2298 2298 2226 2226 2299 2299 2298 2298 2226 2226 2227 2227 2299 2299 2227 2227 2300 2300 2299 2299 2227 2227 2228 2228 2300 2300 2228 2228 2301 2301 2300 2300 2228 2228 2229 2229 2301 2301 2229 2229 2302 2302 2301 2301 2229 2229 2230 2230 2302 2302 2230 2230 2303 2303 2302 2302 2230 2230 2231 2231 2303 2303 2231 2231 2304 2304 2303 2303 2231 2231 2232 2232 2304 2304 2232 2232 2305 2305 2304 2304 2232 2232 2233 2233 2305 2305 2233 2233 2306 2306 2305 2305 2233 2233 2234 2234 2306 2306 2234 2234 2307 2307 2306 2306 2234 2234 2235 2235 2307 2307 2235 2235 2308 2308 2307 2307 2235 2235 2236 2236 2308 2308 2236 2236 2309 2309 2308 2308 2236 2236 2237 2237 2309 2309 2237 2237 2310 2310 2309 2309 2237 2237 2238 2238 2310 2310 2238 2238 2311 2311 2310 2310 2238 2238 2239 2239 2311 2311 2239 2239 2312 2312 2311 2311 2239 2239 2240 2240 2312 2312 2240 2240 2313 2313 2312 2312 2240 2240 2241 2241 2313 2313 2241 2241 2314 2314 2313 2313 2241 2241 2242 2242 2314 2314 2242 2242 2315 2315 2314 2314 2242 2242 2243 2243 2315 2315 2243 2243 2316 2316 2315 2315 2243 2243 2244 2244 2316 2316 2244 2244 2317 2317 2316 2316 2244 2244 2245 2245 2317 2317 2245 2245 2318 2318 2317 2317 2245 2245 2246 2246 2318 2318 2246 2246 2319 2319 2318 2318 2246 2246 2247 2247 2319 2319 2247 2247 2320 2320 2319 2319 2247 2247 2248 2248 2320 2320 2248 2248 2321 2321 2320 2320 2248 2248 2249 2249 2321 2321 2249 2249 2322 2322 2321 2321 2249 2249 2250 2250 2322 2322 2250 2250 2323 2323 2322 2322 2250 2250 2251 2251 2323 2323 2251 2251 2324 2324 2323 2323 2251 2251 2252 2252 2324 2324 2252 2252 2325 2325 2324 2324 2252 2252 2253 2253 2325 2325 2253 2253 2326 2326 2325 2325 2253 2253 2254 2254 2326 2326 2254 2254 2327 2327 2326 2326 2254 2254 2255 2255 2327 2327 2255 2255 2328 2328 2327 2327 2255 2255 2256 2256 2328 2328 2256 2256 2329 2329 2328 2328 2256 2256 2257 2257 2329 2329 2257 2257 2330 2330 2329 2329 2257 2257 2258 2258 2330 2330 2258 2258 2331 2331 2330 2330 2258 2258 2259 2259 2331 2331 2259 2259 2332 2332 2331 2331 2259 2259 2260 2260 2332 2332 2260 2260 2333 2333 2332 2332 2260 2260 2261 2261 2333 2333 2261 2261 2334 2334 2333 2333 2261 2261 2262 2262 2334 2334 2262 2262 2335 2335 2334 2334 2263 2263 2264 2264 2336 2336 2264 2264 2337 2337 2336 2336 2264 2264 2265 2265 2337 2337 2265 2265 2338 2338 2337 2337 2265 2265 2266 2266 2338 2338 2266 2266 2339 2339 2338 2338 2266 2266 2267 2267 2339 2339 2267 2267 2340 2340 2339 2339 2267 2267 2268 2268 2340 2340 2268 2268 2341 2341 2340 2340 2268 2268 2269 2269 2341 2341 2269 2269 2342 2342 2341 2341 2269 2269 2270 2270 2342 2342 2270 2270 2343 2343 2342 2342 2270 2270 2271 2271 2343 2343 2271 2271 2344 2344 2343 2343 2271 2271 2272 2272 2344 2344 2272 2272 2345 2345 2344 2344 2272 2272 2273 2273 2345 2345 2273 2273 2346 2346 2345 2345 2273 2273 2274 2274 2346 2346 2274 2274 2347 2347 2346 2346 2274 2274 2275 2275 2347 2347 2275 2275 2348 2348 2347 2347 2275 2275 2276 2276 2348 2348 2276 2276 2349 2349 2348 2348 2276 2276 2277 2277 2349 2349 2277 2277 2350 2350 2349 2349 2277 2277 2278 2278 2350 2350 2278 2278 2351 2351 2350 2350 2278 2278 2279 2279 2351 2351 2279 2279 2352 2352 2351 2351 2279 2279 2280 2280 2352 2352 2280 2280 2353 2353 2352 2352 2280 2280 2281 2281 2353 2353 2281 2281 2354 2354 2353 2353 2281 2281 2282 2282 2354 2354 2282 2282 2355 2355 2354 2354 2282 2282 2283 2283 2355 2355 2283 2283 2356 2356 2355 2355 2283 2283 2284 2284 2356 2356 2284 2284 2357 2357 2356 2356 2284 2284 2285 2285 2357 2357 2285 2285 2358 2358 2357 2357 2285 2285 2286 2286 2358 2358 2286 2286 2359 2359 2358 2358 2286 2286 2287 2287 2359 2359 2287 2287 2360 2360 2359 2359 2287 2287 2288 2288 2360 2360 2288 2288 2361 2361 2360 2360 2288 2288 2289 2289 2361 2361 2289 2289 2362 2362 2361 2361 2289 2289 2290 2290 2362 2362 2290 2290 2363 2363 2362 2362 2290 2290 2291 2291 2363 2363 2291 2291 2364 2364 2363 2363 2291 2291 2292 2292 2364 2364 2292 2292 2365 2365 2364 2364 2292 2292 2293 2293 2365 2365 2293 2293 2366 2366 2365 2365 2293 2293 2294 2294 2366 2366 2294 2294 2367 2367 2366 2366 2294 2294 2295 2295 2367 2367 2295 2295 2368 2368 2367 2367 2295 2295 2296 2296 2368 2368 2296 2296 2369 2369 2368 2368 2296 2296 2297 2297 2369 2369 2297 2297 2370 2370 2369 2369 2297 2297 2298 2298 2370 2370 2298 2298 2371 2371 2370 2370 2298 2298 2299 2299 2371 2371 2299 2299 2372 2372 2371 2371 2299 2299 2300 2300 2372 2372 2300 2300 2373 2373 2372 2372 2300 2300 2301 2301 2373 2373 2301 2301 2374 2374 2373 2373 2301 2301 2302 2302 2374 2374 2302 2302 2375 2375 2374 2374 2302 2302 2303 2303 2375 2375 2303 2303 2376 2376 2375 2375 2303 2303 2304 2304 2376 2376 2304 2304 2377 2377 2376 2376 2304 2304 2305 2305 2377 2377 2305 2305 2378 2378 2377 2377 2305 2305 2306 2306 2378 2378 2306 2306 2379 2379 2378 2378 2306 2306 2307 2307 2379 2379 2307 2307 2380 2380 2379 2379 2307 2307 2308 2308 2380 2380 2308 2308 2381 2381 2380 2380 2308 2308 2309 2309 2381 2381 2309 2309 2382 2382 2381 2381 2309 2309 2310 2310 2382 2382 2310 2310 2383 2383 2382 2382 2310 2310 2311 2311 2383 2383 2311 2311 2384 2384 2383 2383 2311 2311 2312 2312 2384 2384 2312 2312 2385 2385 2384 2384 2312 2312 2313 2313 2385 2385 2313 2313 2386 2386 2385 2385 2313 2313 2314 2314 2386 2386 2314 2314 2387 2387 2386 2386 2314 2314 2315 2315 2387 2387 2315 2315 2388 2388 2387 2387 2315 2315 2316 2316 2388 2388 2316 2316 2389 2389 2388 2388 2316 2316 2317 2317 2389 2389 2317 2317 2390 2390 2389 2389 2317 2317 2318 2318 2390 2390 2318 2318 2391 2391 2390 2390 2318 2318 2319 2319 2391 2391 2319 2319 2392 2392 2391 2391 2319 2319 2320 2320 2392 2392 2320 2320 2393 2393 2392 2392 2320 2320 2321 2321 2393 2393 2321 2321 2394 2394 2393 2393 2321 2321 2322 2322 2394 2394 2322 2322 2395 2395 2394 2394 2322 2322 2323 2323 2395 2395 2323 2323 2396 2396 2395 2395 2323 2323 2324 2324 2396 2396 2324 2324 2397 2397 2396 2396 2324 2324 2325 2325 2397 2397 2325 2325 2398 2398 2397 2397 2325 2325 2326 2326 2398 2398 2326 2326 2399 2399 2398 2398 2326 2326 2327 2327 2399 2399 2327 2327 2400 2400 2399 2399 2327 2327 2328 2328 2400 2400 2328 2328 2401 2401 2400 2400 2328 2328 2329 2329 2401 2401 2329 2329 2402 2402 2401 2401 2329 2329 2330 2330 2402 2402 2330 2330 2403 2403 2402 2402 2330 2330 2331 2331 2403 2403 2331 2331 2404 2404 2403 2403 2331 2331 2332 2332 2404 2404 2332 2332 2405 2405 2404 2404 2332 2332 2333 2333 2405 2405 2333 2333 2406 2406 2405 2405 2333 2333 2334 2334 2406 2406 2334 2334 2407 2407 2406 2406 2334 2334 2335 2335 2407 2407 2335 2335 2408 2408 2407 2407 2336 2336 2337 2337 2409 2409 2337 2337 2410 2410 2409 2409 2337 2337 2338 2338 2410 2410 2338 2338 2411 2411 2410 2410 2338 2338 2339 2339 2411 2411 2339 2339 2412 2412 2411 2411 2339 2339 2340 2340 2412 2412 2340 2340 2413 2413 2412 2412 2340 2340 2341 2341 2413 2413 2341 2341 2414 2414 2413 2413 2341 2341 2342 2342 2414 2414 2342 2342 2415 2415 2414 2414 2342 2342 2343 2343 2415 2415 2343 2343 2416 2416 2415 2415 2343 2343 2344 2344 2416 2416 2344 2344 2417 2417 2416 2416 2344 2344 2345 2345 2417 2417 2345 2345 2418 2418 2417 2417 2345 2345 2346 2346 2418 2418 2346 2346 2419 2419 2418 2418 2346 2346 2347 2347 2419 2419 2347 2347 2420 2420 2419 2419 2347 2347 2348 2348 2420 2420 2348 2348 2421 2421 2420 2420 2348 2348 2349 2349 2421 2421 2349 2349 2422 2422 2421 2421 2349 2349 2350 2350 2422 2422 2350 2350 2423 2423 2422 2422 2350 2350 2351 2351 2423 2423 2351 2351 2424 2424 2423 2423 2351 2351 2352 2352 2424 2424 2352 2352 2425 2425 2424 2424 2352 2352 2353 2353 2425 2425 2353 2353 2426 2426 2425 2425 2353 2353 2354 2354 2426 2426 2354 2354 2427 2427 2426 2426 2354 2354 2355 2355 2427 2427 2355 2355 2428 2428 2427 2427 2355 2355 2356 2356 2428 2428 2356 2356 2429 2429 2428 2428 2356 2356 2357 2357 2429 2429 2357 2357 2430 2430 2429 2429 2357 2357 2358 2358 2430 2430 2358 2358 2431 2431 2430 2430 2358 2358 2359 2359 2431 2431 2359 2359 2432 2432 2431 2431 2359 2359 2360 2360 2432 2432 2360 2360 2433 2433 2432 2432 2360 2360 2361 2361 2433 2433 2361 2361 2434 2434 2433 2433 2361 2361 2362 2362 2434 2434 2362 2362 2435 2435 2434 2434 2362 2362 2363 2363 2435 2435 2363 2363 2436 2436 2435 2435 2363 2363 2364 2364 2436 2436 2364 2364 2437 2437 2436 2436 2364 2364 2365 2365 2437 2437 2365 2365 2438 2438 2437 2437 2365 2365 2366 2366 2438 2438 2366 2366 2439 2439 2438 2438 2366 2366 2367 2367 2439 2439 2367 2367 2440 2440 2439 2439 2367 2367 2368 2368 2440 2440 2368 2368 2441 2441 2440 2440 2368 2368 2369 2369 2441 2441 2369 2369 2442 2442 2441 2441 2369 2369 2370 2370 2442 2442 2370 2370 2443 2443 2442 2442 2370 2370 2371 2371 2443 2443 2371 2371 2444 2444 2443 2443 2371 2371 2372 2372 2444 2444 2372 2372 2445 2445 2444 2444 2372 2372 2373 2373 2445 2445 2373 2373 2446 2446 2445 2445 2373 2373 2374 2374 2446 2446 2374 2374 2447 2447 2446 2446 2374 2374 2375 2375 2447 2447 2375 2375 2448 2448 2447 2447 2375 2375 2376 2376 2448 2448 2376 2376 2449 2449 2448 2448 2376 2376 2377 2377 2449 2449 2377 2377 2450 2450 2449 2449 2377 2377 2378 2378 2450 2450 2378 2378 2451 2451 2450 2450 2378 2378 2379 2379 2451 2451 2379 2379 2452 2452 2451 2451 2379 2379 2380 2380 2452 2452 2380 2380 2453 2453 2452 2452 2380 2380 2381 2381 2453 2453 2381 2381 2454 2454 2453 2453 2381 2381 2382 2382 2454 2454 2382 2382 2455 2455 2454 2454 2382 2382 2383 2383 2455 2455 2383 2383 2456 2456 2455 2455 2383 2383 2384 2384 2456 2456 2384 2384 2457 2457 2456 2456 2384 2384 2385 2385 2457 2457 2385 2385 2458 2458 2457 2457 2385 2385 2386 2386 2458 2458 2386 2386 2459 2459 2458 2458 2386 2386 2387 2387 2459 2459 2387 2387 2460 2460 2459 2459 2387 2387 2388 2388 2460 2460 2388 2388 2461 2461 2460 2460 2388 2388 2389 2389 2461 2461 2389 2389 2462 2462 2461 2461 2389 2389 2390 2390 2462 2462 2390 2390 2463 2463 2462 2462 2390 2390 2391 2391 2463 2463 2391 2391 2464 2464 2463 2463 2391 2391 2392 2392 2464 2464 2392 2392 2465 2465 2464 2464 2392 2392 2393 2393 2465 2465 2393 2393 2466 2466 2465 2465 2393 2393 2394 2394 2466 2466 2394 2394 2467 2467 2466 2466 2394 2394 2395 2395 2467 2467 2395 2395 2468 2468 2467 2467 2395 2395 2396 2396 2468 2468 2396 2396 2469 2469 2468 2468 2396 2396 2397 2397 2469 2469 2397 2397 2470 2470 2469 2469 2397 2397 2398 2398 2470 2470 2398 2398 2471 2471 2470 2470 2398 2398 2399 2399 2471 2471 2399 2399 2472 2472 2471 2471 2399 2399 2400 2400 2472 2472 2400 2400 2473 2473 2472 2472 2400 2400 2401 2401 2473 2473 2401 2401 2474 2474 2473 2473 2401 2401 2402 2402 2474 2474 2402 2402 2475 2475 2474 2474 2402 2402 2403 2403 2475 2475 2403 2403 2476 2476 2475 2475 2403 2403 2404 2404 2476 2476 2404 2404 2477 2477 2476 2476 2404 2404 2405 2405 2477 2477 2405 2405 2478 2478 2477 2477 2405 2405 2406 2406 2478 2478 2406 2406 2479 2479 2478 2478 2406 2406 2407 2407 2479 2479 2407 2407 2480 2480 2479 2479 2407 2407 2408 2408 2480 2480 2408 2408 2481 2481 2480 2480 2409 2409 2410 2410 2482 2482 2410 2410 2483 2483 2482 2482 2410 2410 2411 2411 2483 2483 2411 2411 2484 2484 2483 2483 2411 2411 2412 2412 2484 2484 2412 2412 2485 2485 2484 2484 2412 2412 2413 2413 2485 2485 2413 2413 2486 2486 2485 2485 2413 2413 2414 2414 2486 2486 2414 2414 2487 2487 2486 2486 2414 2414 2415 2415 2487 2487 2415 2415 2488 2488 2487 2487 2415 2415 2416 2416 2488 2488 2416 2416 2489 2489 2488 2488 2416 2416 2417 2417 2489 2489 2417 2417 2490 2490 2489 2489 2417 2417 2418 2418 2490 2490 2418 2418 2491 2491 2490 2490 2418 2418 2419 2419 2491 2491 2419 2419 2492 2492 2491 2491 2419 2419 2420 2420 2492 2492 2420 2420 2493 2493 2492 2492 2420 2420 2421 2421 2493 2493 2421 2421 2494 2494 2493 2493 2421 2421 2422 2422 2494 2494 2422 2422 2495 2495 2494 2494 2422 2422 2423 2423 2495 2495 2423 2423 2496 2496 2495 2495 2423 2423 2424 2424 2496 2496 2424 2424 2497 2497 2496 2496 2424 2424 2425 2425 2497 2497 2425 2425 2498 2498 2497 2497 2425 2425 2426 2426 2498 2498 2426 2426 2499 2499 2498 2498 2426 2426 2427 2427 2499 2499 2427 2427 2500 2500 2499 2499 2427 2427 2428 2428 2500 2500 2428 2428 2501 2501 2500 2500 2428 2428 2429 2429 2501 2501 2429 2429 2502 2502 2501 2501 2429 2429 2430 2430 2502 2502 2430 2430 2503 2503 2502 2502 2430 2430 2431 2431 2503 2503 2431 2431 2504 2504 2503 2503 2431 2431 2432 2432 2504 2504 2432 2432 2505 2505 2504 2504 2432 2432 2433 2433 2505 2505 2433 2433 2506 2506 2505 2505 2433 2433 2434 2434 2506 2506 2434 2434 2507 2507 2506 2506 2434 2434 2435 2435 2507 2507 2435 2435 2508 2508 2507 2507 2435 2435 2436 2436 2508 2508 2436 2436 2509 2509 2508 2508 2436 2436 2437 2437 2509 2509 2437 2437 2510 2510 2509 2509 2437 2437 2438 2438 2510 2510 2438 2438 2511 2511 2510 2510 2438 2438 2439 2439 2511 2511 2439 2439 2512 2512 2511 2511 2439 2439 2440 2440 2512 2512 2440 2440 2513 2513 2512 2512 2440 2440 2441 2441 2513 2513 2441 2441 2514 2514 2513 2513 2441 2441 2442 2442 2514 2514 2442 2442 2515 2515 2514 2514 2442 2442 2443 2443 2515 2515 2443 2443 2516 2516 2515 2515 2443 2443 2444 2444 2516 2516 2444 2444 2517 2517 2516 2516 2444 2444 2445 2445 2517 2517 2445 2445 2518 2518 2517 2517 2445 2445 2446 2446 2518 2518 2446 2446 2519 2519 2518 2518 2446 2446 2447 2447 2519 2519 2447 2447 2520 2520 2519 2519 2447 2447 2448 2448 2520 2520 2448 2448 2521 2521 2520 2520 2448 2448 2449 2449 2521 2521 2449 2449 2522 2522 2521 2521 2449 2449 2450 2450 2522 2522 2450 2450 2523 2523 2522 2522 2450 2450 2451 2451 2523 2523 2451 2451 2524 2524 2523 2523 2451 2451 2452 2452 2524 2524 2452 2452 2525 2525 2524 2524 2452 2452 2453 2453 2525 2525 2453 2453 2526 2526 2525 2525 2453 2453 2454 2454 2526 2526 2454 2454 2527 2527 2526 2526 2454 2454 2455 2455 2527 2527 2455 2455 2528 2528 2527 2527 2455 2455 2456 2456 2528 2528 2456 2456 2529 2529 2528 2528 2456 2456 2457 2457 2529 2529 2457 2457 2530 2530 2529 2529 2457 2457 2458 2458 2530 2530 2458 2458 2531 2531 2530 2530 2458 2458 2459 2459 2531 2531 2459 2459 2532 2532 2531 2531 2459 2459 2460 2460 2532 2532 2460 2460 2533 2533 2532 2532 2460 2460 2461 2461 2533 2533 2461 2461 2534 2534 2533 2533 2461 2461 2462 2462 2534 2534 2462 2462 2535 2535 2534 2534 2462 2462 2463 2463 2535 2535 2463 2463 2536 2536 2535 2535 2463 2463 2464 2464 2536 2536 2464 2464 2537 2537 2536 2536 2464 2464 2465 2465 2537 2537 2465 2465 2538 2538 2537 2537 2465 2465 2466 2466 2538 2538 2466 2466 2539 2539 2538 2538 2466 2466 2467 2467 2539 2539 2467 2467 2540 2540 2539 2539 2467 2467 2468 2468 2540 2540 2468 2468 2541 2541 2540 2540 2468 2468 2469 2469 2541 2541 2469 2469 2542 2542 2541 2541 2469 2469 2470 2470 2542 2542 2470 2470 2543 2543 2542 2542 2470 2470 2471 2471 2543 2543 2471 2471 2544 2544 2543 2543 2471 2471 2472 2472 2544 2544 2472 2472 2545 2545 2544 2544 2472 2472 2473 2473 2545 2545 2473 2473 2546 2546 2545 2545 2473 2473 2474 2474 2546 2546 2474 2474 2547 2547 2546 2546 2474 2474 2475 2475 2547 2547 2475 2475 2548 2548 2547 2547 2475 2475 2476 2476 2548 2548 2476 2476 2549 2549 2548 2548 2476 2476 2477 2477 2549 2549 2477 2477 2550 2550 2549 2549 2477 2477 2478 2478 2550 2550 2478 2478 2551 2551 2550 2550 2478 2478 2479 2479 2551 2551 2479 2479 2552 2552 2551 2551 2479 2479 2480 2480 2552 2552 2480 2480 2553 2553 2552 2552 2480 2480 2481 2481 2553 2553 2481 2481 2554 2554 2553 2553 2482 2482 2483 2483 2555 2555 2483 2483 2556 2556 2555 2555 2483 2483 2484 2484 2556 2556 2484 2484 2557 2557 2556 2556 2484 2484 2485 2485 2557 2557 2485 2485 2558 2558 2557 2557 2485 2485 2486 2486 2558 2558 2486 2486 2559 2559 2558 2558 2486 2486 2487 2487 2559 2559 2487 2487 2560 2560 2559 2559 2487 2487 2488 2488 2560 2560 2488 2488 2561 2561 2560 2560 2488 2488 2489 2489 2561 2561 2489 2489 2562 2562 2561 2561 2489 2489 2490 2490 2562 2562 2490 2490 2563 2563 2562 2562 2490 2490 2491 2491 2563 2563 2491 2491 2564 2564 2563 2563 2491 2491 2492 2492 2564 2564 2492 2492 2565 2565 2564 2564 2492 2492 2493 2493 2565 2565 2493 2493 2566 2566 2565 2565 2493 2493 2494 2494 2566 2566 2494 2494 2567 2567 2566 2566 2494 2494 2495 2495 2567 2567 2495 2495 2568 2568 2567 2567 2495 2495 2496 2496 2568 2568 2496 2496 2569 2569 2568 2568 2496 2496 2497 2497 2569 2569 2497 2497 2570 2570 2569 2569 2497 2497 2498 2498 2570 2570 2498 2498 2571 2571 2570 2570 2498 2498 2499 2499 2571 2571 2499 2499 2572 2572 2571 2571 2499 2499 2500 2500 2572 2572 2500 2500 2573 2573 2572 2572 2500 2500 2501 2501 2573 2573 2501 2501 2574 2574 2573 2573 2501 2501 2502 2502 2574 2574 2502 2502 2575 2575 2574 2574 2502 2502 2503 2503 2575 2575 2503 2503 2576 2576 2575 2575 2503 2503 2504 2504 2576 2576 2504 2504 2577 2577 2576 2576 2504 2504 2505 2505 2577 2577 2505 2505 2578 2578 2577 2577 2505 2505 2506 2506 2578 2578 2506 2506 2579 2579 2578 2578 2506 2506 2507 2507 2579 2579 2507 2507 2580 2580 2579 2579 2507 2507 2508 2508 2580 2580 2508 2508 2581 2581 2580 2580 2508 2508 2509 2509 2581 2581 2509 2509 2582 2582 2581 2581 2509 2509 2510 2510 2582 2582 2510 2510 2583 2583 2582 2582 2510 2510 2511 2511 2583 2583 2511 2511 2584 2584 2583 2583 2511 2511 2512 2512 2584 2584 2512 2512 2585 2585 2584 2584 2512 2512 2513 2513 2585 2585 2513 2513 2586 2586 2585 2585 2513 2513 2514 2514 2586 2586 2514 2514 2587 2587 2586 2586 2514 2514 2515 2515 2587 2587 2515 2515 2588 2588 2587 2587 2515 2515 2516 2516 2588 2588 2516 2516 2589 2589 2588 2588 2516 2516 2517 2517 2589 2589 2517 2517 2590 2590 2589 2589 2517 2517 2518 2518 2590 2590 2518 2518 2591 2591 2590 2590 2518 2518 2519 2519 2591 2591 2519 2519 2592 2592 2591 2591 2519 2519 2520 2520 2592 2592 2520 2520 2593 2593 2592 2592 2520 2520 2521 2521 2593 2593 2521 2521 2594 2594 2593 2593 2521 2521 2522 2522 2594 2594 2522 2522 2595 2595 2594 2594 2522 2522 2523 2523 2595 2595 2523 2523 2596 2596 2595 2595 2523 2523 2524 2524 2596 2596 2524 2524 2597 2597 2596 2596 2524 2524 2525 2525 2597 2597 2525 2525 2598 2598 2597 2597 2525 2525 2526 2526 2598 2598 2526 2526 2599 2599 2598 2598 2526 2526 2527 2527 2599 2599 2527 2527 2600 2600 2599 2599 2527 2527 2528 2528 2600 2600 2528 2528 2601 2601 2600 2600 2528 2528 2529 2529 2601 2601 2529 2529 2602 2602 2601 2601 2529 2529 2530 2530 2602 2602 2530 2530 2603 2603 2602 2602 2530 2530 2531 2531 2603 2603 2531 2531 2604 2604 2603 2603 2531 2531 2532 2532 2604 2604 2532 2532 2605 2605 2604 2604 2532 2532 2533 2533 2605 2605 2533 2533 2606 2606 2605 2605 2533 2533 2534 2534 2606 2606 2534 2534 2607 2607 2606 2606 2534 2534 2535 2535 2607 2607 2535 2535 2608 2608 2607 2607 2535 2535 2536 2536 2608 2608 2536 2536 2609 2609 2608 2608 2536 2536 2537 2537 2609 2609 2537 2537 2610 2610 2609 2609 2537 2537 2538 2538 2610 2610 2538 2538 2611 2611 2610 2610 2538 2538 2539 2539 2611 2611 2539 2539 2612 2612 2611 2611 2539 2539 2540 2540 2612 2612 2540 2540 2613 2613 2612 2612 2540 2540 2541 2541 2613 2613 2541 2541 2614 2614 2613 2613 2541 2541 2542 2542 2614 2614 2542 2542 2615 2615 2614 2614 2542 2542 2543 2543 2615 2615 2543 2543 2616 2616 2615 2615 2543 2543 2544 2544 2616 2616 2544 2544 2617 2617 2616 2616 2544 2544 2545 2545 2617 2617 2545 2545 2618 2618 2617 2617 2545 2545 2546 2546 2618 2618 2546 2546 2619 2619 2618 2618 2546 2546 2547 2547 2619 2619 2547 2547 2620 2620 2619 2619 2547 2547 2548 2548 2620 2620 2548 2548 2621 2621 2620 2620 2548 2548 2549 2549 2621 2621 2549 2549 2622 2622 2621 2621 2549 2549 2550 2550 2622 2622 2550 2550 2623 2623 2622 2622 2550 2550 2551 2551 2623 2623 2551 2551 2624 2624 2623 2623 2551 2551 2552 2552 2624 2624 2552 2552 2625 2625 2624 2624 2552 2552 2553 2553 2625 2625 2553 2553 2626 2626 2625 2625 2553 2553 2554 2554 2626 2626 2554 2554 2627 2627 2626 2626 2555 2555 2556 2556 2628 2628 2556 2556 2629 2629 2628 2628 2556 2556 2557 2557 2629 2629 2557 2557 2630 2630 2629 2629 2557 2557 2558 2558 2630 2630 2558 2558 2631 2631 2630 2630 2558 2558 2559 2559 2631 2631 2559 2559 2632 2632 2631 2631 2559 2559 2560 2560 2632 2632 2560 2560 2633 2633 2632 2632 2560 2560 2561 2561 2633 2633 2561 2561 2634 2634 2633 2633 2561 2561 2562 2562 2634 2634 2562 2562 2635 2635 2634 2634 2562 2562 2563 2563 2635 2635 2563 2563 2636 2636 2635 2635 2563 2563 2564 2564 2636 2636 2564 2564 2637 2637 2636 2636 2564 2564 2565 2565 2637 2637 2565 2565 2638 2638 2637 2637 2565 2565 2566 2566 2638 2638 2566 2566 2639 2639 2638 2638 2566 2566 2567 2567 2639 2639 2567 2567 2640 2640 2639 2639 2567 2567 2568 2568 2640 2640 2568 2568 2641 2641 2640 2640 2568 2568 2569 2569 2641 2641 2569 2569 2642 2642 2641 2641 2569 2569 2570 2570 2642 2642 2570 2570 2643 2643 2642 2642 2570 2570 2571 2571 2643 2643 2571 2571 2644 2644 2643 2643 2571 2571 2572 2572 2644 2644 2572 2572 2645 2645 2644 2644 2572 2572 2573 2573 2645 2645 2573 2573 2646 2646 2645 2645 2573 2573 2574 2574 2646 2646 2574 2574 2647 2647 2646 2646 2574 2574 2575 2575 2647 2647 2575 2575 2648 2648 2647 2647 2575 2575 2576 2576 2648 2648 2576 2576 2649 2649 2648 2648 2576 2576 2577 2577 2649 2649 2577 2577 2650 2650 2649 2649 2577 2577 2578 2578 2650 2650 2578 2578 2651 2651 2650 2650 2578 2578 2579 2579 2651 2651 2579 2579 2652 2652 2651 2651 2579 2579 2580 2580 2652 2652 2580 2580 2653 2653 2652 2652 2580 2580 2581 2581 2653 2653 2581 2581 2654 2654 2653 2653 2581 2581 2582 2582 2654 2654 2582 2582 2655 2655 2654 2654 2582 2582 2583 2583 2655 2655 2583 2583 2656 2656 2655 2655 2583 2583 2584 2584 2656 2656 2584 2584 2657 2657 2656 2656 2584 2584 2585 2585 2657 2657 2585 2585 2658 2658 2657 2657 2585 2585 2586 2586 2658 2658 2586 2586 2659 2659 2658 2658 2586 2586 2587 2587 2659 2659 2587 2587 2660 2660 2659 2659 2587 2587 2588 2588 2660 2660 2588 2588 2661 2661 2660 2660 2588 2588 2589 2589 2661 2661 2589 2589 2662 2662 2661 2661 2589 2589 2590 2590 2662 2662 2590 2590 2663 2663 2662 2662 2590 2590 2591 2591 2663 2663 2591 2591 2664 2664 2663 2663 2591 2591 2592 2592 2664 2664 2592 2592 2665 2665 2664 2664 2592 2592 2593 2593 2665 2665 2593 2593 2666 2666 2665 2665 2593 2593 2594 2594 2666 2666 2594 2594 2667 2667 2666 2666 2594 2594 2595 2595 2667 2667 2595 2595 2668 2668 2667 2667 2595 2595 2596 2596 2668 2668 2596 2596 2669 2669 2668 2668 2596 2596 2597 2597 2669 2669 2597 2597 2670 2670 2669 2669 2597 2597 2598 2598 2670 2670 2598 2598 2671 2671 2670 2670 2598 2598 2599 2599 2671 2671 2599 2599 2672 2672 2671 2671 2599 2599 2600 2600 2672 2672 2600 2600 2673 2673 2672 2672 2600 2600 2601 2601 2673 2673 2601 2601 2674 2674 2673 2673 2601 2601 2602 2602 2674 2674 2602 2602 2675 2675 2674 2674 2602 2602 2603 2603 2675 2675 2603 2603 2676 2676 2675 2675 2603 2603 2604 2604 2676 2676 2604 2604 2677 2677 2676 2676 2604 2604 2605 2605 2677 2677 2605 2605 2678 2678 2677 2677 2605 2605 2606 2606 2678 2678 2606 2606 2679 2679 2678 2678 2606 2606 2607 2607 2679 2679 2607 2607 2680 2680 2679 2679 2607 2607 2608 2608 2680 2680 2608 2608 2681 2681 2680 2680 2608 2608 2609 2609 2681 2681 2609 2609 2682 2682 2681 2681 2609 2609 2610 2610 2682 2682 2610 2610 2683 2683 2682 2682 2610 2610 2611 2611 2683 2683 2611 2611 2684 2684 2683 2683 2611 2611 2612 2612 2684 2684 2612 2612 2685 2685 2684 2684 2612 2612 2613 2613 2685 2685 2613 2613 2686 2686 2685 2685 2613 2613 2614 2614 2686 2686 2614 2614 2687 2687 2686 2686 2614 2614 2615 2615 2687 2687 2615 2615 2688 2688 2687 2687 2615 2615 2616 2616 2688 2688 2616 2616 2689 2689 2688 2688 2616 2616 2617 2617 2689 2689 2617 2617 2690 2690 2689 2689 2617 2617 2618 2618 2690 2690 2618 2618 2691 2691 2690 2690 2618 2618 2619 2619 2691 2691 2619 2619 2692 2692 2691 2691 2619 2619 2620 2620 2692 2692 2620 2620 2693 2693 2692 2692 2620 2620 2621 2621 2693 2693 2621 2621 2694 2694 2693 2693 2621 2621 2622 2622 2694 2694 2622 2622 2695 2695 2694 2694 2622 2622 2623 2623 2695 2695 2623 2623 2696 2696 2695 2695 2623 2623 2624 2624 2696 2696 2624 2624 2697 2697 2696 2696 2624 2624 2625 2625 2697 2697 2625 2625 2698 2698 2697 2697 2625 2625 2626 2626 2698 2698 2626 2626 2699 2699 2698 2698 2626 2626 2627 2627 2699 2699 2627 2627 2700 2700 2699 2699 2628 2628 2629 2629 2701 2701 2629 2629 2702 2702 2701 2701 2629 2629 2630 2630 2702 2702 2630 2630 2703 2703 2702 2702 2630 2630 2631 2631 2703 2703 2631 2631 2704 2704 2703 2703 2631 2631 2632 2632 2704 2704 2632 2632 2705 2705 2704 2704 2632 2632 2633 2633 2705 2705 2633 2633 2706 2706 2705 2705 2633 2633 2634 2634 2706 2706 2634 2634 2707 2707 2706 2706 2634 2634 2635 2635 2707 2707 2635 2635 2708 2708 2707 2707 2635 2635 2636 2636 2708 2708 2636 2636 2709 2709 2708 2708 2636 2636 2637 2637 2709 2709 2637 2637 2710 2710 2709 2709 2637 2637 2638 2638 2710 2710 2638 2638 2711 2711 2710 2710 2638 2638 2639 2639 2711 2711 2639 2639 2712 2712 2711 2711 2639 2639 2640 2640 2712 2712 2640 2640 2713 2713 2712 2712 2640 2640 2641 2641 2713 2713 2641 2641 2714 2714 2713 2713 2641 2641 2642 2642 2714 2714 2642 2642 2715 2715 2714 2714 2642 2642 2643 2643 2715 2715 2643 2643 2716 2716 2715 2715 2643 2643 2644 2644 2716 2716 2644 2644 2717 2717 2716 2716 2644 2644 2645 2645 2717 2717 2645 2645 2718 2718 2717 2717 2645 2645 2646 2646 2718 2718 2646 2646 2719 2719 2718 2718 2646 2646 2647 2647 2719 2719 2647 2647 2720 2720 2719 2719 2647 2647 2648 2648 2720 2720 2648 2648 2721 2721 2720 2720 2648 2648 2649 2649 2721 2721 2649 2649 2722 2722 2721 2721 2649 2649 2650 2650 2722 2722 2650 2650 2723 2723 2722 2722 2650 2650 2651 2651 2723 2723 2651 2651 2724 2724 2723 2723 2651 2651 2652 2652 2724 2724 2652 2652 2725 2725 2724 2724 2652 2652 2653 2653 2725 2725 2653 2653 2726 2726 2725 2725 2653 2653 2654 2654 2726 2726 2654 2654 2727 2727 2726 2726 2654 2654 2655 2655 2727 2727 2655 2655 2728 2728 2727 2727 2655 2655 2656 2656 2728 2728 2656 2656 2729 2729 2728 2728 2656 2656 2657 2657 2729 2729 2657 2657 2730 2730 2729 2729 2657 2657 2658 2658 2730 2730 2658 2658 2731 2731 2730 2730 2658 2658 2659 2659 2731 2731 2659 2659 2732 2732 2731 2731 2659 2659 2660 2660 2732 2732 2660 2660 2733 2733 2732 2732 2660 2660 2661 2661 2733 2733 2661 2661 2734 2734 2733 2733 2661 2661 2662 2662 2734 2734 2662 2662 2735 2735 2734 2734 2662 2662 2663 2663 2735 2735 2663 2663 2736 2736 2735 2735 2663 2663 2664 2664 2736 2736 2664 2664 2737 2737 2736 2736 2664 2664 2665 2665 2737 2737 2665 2665 2738 2738 2737 2737 2665 2665 2666 2666 2738 2738 2666 2666 2739 2739 2738 2738 2666 2666 2667 2667 2739 2739 2667 2667 2740 2740 2739 2739 2667 2667 2668 2668 2740 2740 2668 2668 2741 2741 2740 2740 2668 2668 2669 2669 2741 2741 2669 2669 2742 2742 2741 2741 2669 2669 2670 2670 2742 2742 2670 2670 2743 2743 2742 2742 2670 2670 2671 2671 2743 2743 2671 2671 2744 2744 2743 2743 2671 2671 2672 2672 2744 2744 2672 2672 2745 2745 2744 2744 2672 2672 2673 2673 2745 2745 2673 2673 2746 2746 2745 2745 2673 2673 2674 2674 2746 2746 2674 2674 2747 2747 2746 2746 2674 2674 2675 2675 2747 2747 2675 2675 2748 2748 2747 2747 2675 2675 2676 2676 2748 2748 2676 2676 2749 2749 2748 2748 2676 2676 2677 2677 2749 2749 2677 2677 2750 2750 2749 2749 2677 2677 2678 2678 2750 2750 2678 2678 2751 2751 2750 2750 2678 2678 2679 2679 2751 2751 2679 2679 2752 2752 2751 2751 2679 2679 2680 2680 2752 2752 2680 2680 2753 2753 2752 2752 2680 2680 2681 2681 2753 2753 2681 2681 2754 2754 2753 2753 2681 2681 2682 2682 2754 2754 2682 2682 2755 2755 2754 2754 2682 2682 2683 2683 2755 2755 2683 2683 2756 2756 2755 2755 2683 2683 2684 2684 2756 2756 2684 2684 2757 2757 2756 2756 2684 2684 2685 2685 2757 2757 2685 2685 2758 2758 2757 2757 2685 2685 2686 2686 2758 2758 2686 2686 2759 2759 2758 2758 2686 2686 2687 2687 2759 2759 2687 2687 2760 2760 2759 2759 2687 2687 2688 2688 2760 2760 2688 2688 2761 2761 2760 2760 2688 2688 2689 2689 2761 2761 2689 2689 2762 2762 2761 2761 2689 2689 2690 2690 2762 2762 2690 2690 2763 2763 2762 2762 2690 2690 2691 2691 2763 2763 2691 2691 2764 2764 2763 2763 2691 2691 2692 2692 2764 2764 2692 2692 2765 2765 2764 2764 2692 2692 2693 2693 2765 2765 2693 2693 2766 2766 2765 2765 2693 2693 2694 2694 2766 2766 2694 2694 2767 2767 2766 2766 2694 2694 2695 2695 2767 2767 2695 2695 2768 2768 2767 2767 2695 2695 2696 2696 2768 2768 2696 2696 2769 2769 2768 2768 2696 2696 2697 2697 2769 2769 2697 2697 2770 2770 2769 2769 2697 2697 2698 2698 2770 2770 2698 2698 2771 2771 2770 2770 2698 2698 2699 2699 2771 2771 2699 2699 2772 2772 2771 2771 2699 2699 2700 2700 2772 2772 2700 2700 2773 2773 2772 2772 2701 2701 2702 2702 2774 2774 2702 2702 2775 2775 2774 2774 2702 2702 2703 2703 2775 2775 2703 2703 2776 2776 2775 2775 2703 2703 2704 2704 2776 2776 2704 2704 2777 2777 2776 2776 2704 2704 2705 2705 2777 2777 2705 2705 2778 2778 2777 2777 2705 2705 2706 2706 2778 2778 2706 2706 2779 2779 2778 2778 2706 2706 2707 2707 2779 2779 2707 2707 2780 2780 2779 2779 2707 2707 2708 2708 2780 2780 2708 2708 2781 2781 2780 2780 2708 2708 2709 2709 2781 2781 2709 2709 2782 2782 2781 2781 2709 2709 2710 2710 2782 2782 2710 2710 2783 2783 2782 2782 2710 2710 2711 2711 2783 2783 2711 2711 2784 2784 2783 2783 2711 2711 2712 2712 2784 2784 2712 2712 2785 2785 2784 2784 2712 2712 2713 2713 2785 2785 2713 2713 2786 2786 2785 2785 2713 2713 2714 2714 2786 2786 2714 2714 2787 2787 2786 2786 2714 2714 2715 2715 2787 2787 2715 2715 2788 2788 2787 2787 2715 2715 2716 2716 2788 2788 2716 2716 2789 2789 2788 2788 2716 2716 2717 2717 2789 2789 2717 2717 2790 2790 2789 2789 2717 2717 2718 2718 2790 2790 2718 2718 2791 2791 2790 2790 2718 2718 2719 2719 2791 2791 2719 2719 2792 2792 2791 2791 2719 2719 2720 2720 2792 2792 2720 2720 2793 2793 2792 2792 2720 2720 2721 2721 2793 2793 2721 2721 2794 2794 2793 2793 2721 2721 2722 2722 2794 2794 2722 2722 2795 2795 2794 2794 2722 2722 2723 2723 2795 2795 2723 2723 2796 2796 2795 2795 2723 2723 2724 2724 2796 2796 2724 2724 2797 2797 2796 2796 2724 2724 2725 2725 2797 2797 2725 2725 2798 2798 2797 2797 2725 2725 2726 2726 2798 2798 2726 2726 2799 2799 2798 2798 2726 2726 2727 2727 2799 2799 2727 2727 2800 2800 2799 2799 2727 2727 2728 2728 2800 2800 2728 2728 2801 2801 2800 2800 2728 2728 2729 2729 2801 2801 2729 2729 2802 2802 2801 2801 2729 2729 2730 2730 2802 2802 2730 2730 2803 2803 2802 2802 2730 2730 2731 2731 2803 2803 2731 2731 2804 2804 2803 2803 2731 2731 2732 2732 2804 2804 2732 2732 2805 2805 2804 2804 2732 2732 2733 2733 2805 2805 2733 2733 2806 2806 2805 2805 2733 2733 2734 2734 2806 2806 2734 2734 2807 2807 2806 2806 2734 2734 2735 2735 2807 2807 2735 2735 2808 2808 2807 2807 2735 2735 2736 2736 2808 2808 2736 2736 2809 2809 2808 2808 2736 2736 2737 2737 2809 2809 2737 2737 2810 2810 2809 2809 2737 2737 2738 2738 2810 2810 2738 2738 2811 2811 2810 2810 2738 2738 2739 2739 2811 2811 2739 2739 2812 2812 2811 2811 2739 2739 2740 2740 2812 2812 2740 2740 2813 2813 2812 2812 2740 2740 2741 2741 2813 2813 2741 2741 2814 2814 2813 2813 2741 2741 2742 2742 2814 2814 2742 2742 2815 2815 2814 2814 2742 2742 2743 2743 2815 2815 2743 2743 2816 2816 2815 2815 2743 2743 2744 2744 2816 2816 2744 2744 2817 2817 2816 2816 2744 2744 2745 2745 2817 2817 2745 2745 2818 2818 2817 2817 2745 2745 2746 2746 2818 2818 2746 2746 2819 2819 2818 2818 2746 2746 2747 2747 2819 2819 2747 2747 2820 2820 2819 2819 2747 2747 2748 2748 2820 2820 2748 2748 2821 2821 2820 2820 2748 2748 2749 2749 2821 2821 2749 2749 2822 2822 2821 2821 2749 2749 2750 2750 2822 2822 2750 2750 2823 2823 2822 2822 2750 2750 2751 2751 2823 2823 2751 2751 2824 2824 2823 2823 2751 2751 2752 2752 2824 2824 2752 2752 2825 2825 2824 2824 2752 2752 2753 2753 2825 2825 2753 2753 2826 2826 2825 2825 2753 2753 2754 2754 2826 2826 2754 2754 2827 2827 2826 2826 2754 2754 2755 2755 2827 2827 2755 2755 2828 2828 2827 2827 2755 2755 2756 2756 2828 2828 2756 2756 2829 2829 2828 2828 2756 2756 2757 2757 2829 2829 2757 2757 2830 2830 2829 2829 2757 2757 2758 2758 2830 2830 2758 2758 2831 2831 2830 2830 2758 2758 2759 2759 2831 2831 2759 2759 2832 2832 2831 2831 2759 2759 2760 2760 2832 2832 2760 2760 2833 2833 2832 2832 2760 2760 2761 2761 2833 2833 2761 2761 2834 2834 2833 2833 2761 2761 2762 2762 2834 2834 2762 2762 2835 2835 2834 2834 2762 2762 2763 2763 2835 2835 2763 2763 2836 2836 2835 2835 2763 2763 2764 2764 2836 2836 2764 2764 2837 2837 2836 2836 2764 2764 2765 2765 2837 2837 2765 2765 2838 2838 2837 2837 2765 2765 2766 2766 2838 2838 2766 2766 2839 2839 2838 2838 2766 2766 2767 2767 2839 2839 2767 2767 2840 2840 2839 2839 2767 2767 2768 2768 2840 2840 2768 2768 2841 2841 2840 2840 2768 2768 2769 2769 2841 2841 2769 2769 2842 2842 2841 2841 2769 2769 2770 2770 2842 2842 2770 2770 2843 2843 2842 2842 2770 2770 2771 2771 2843 2843 2771 2771 2844 2844 2843 2843 2771 2771 2772 2772 2844 2844 2772 2772 2845 2845 2844 2844 2772 2772 2773 2773 2845 2845 2773 2773 2846 2846 2845 2845 2774 2774 2775 2775 2847 2847 2775 2775 2848 2848 2847 2847 2775 2775 2776 2776 2848 2848 2776 2776 2849 2849 2848 2848 2776 2776 2777 2777 2849 2849 2777 2777 2850 2850 2849 2849 2777 2777 2778 2778 2850 2850 2778 2778 2851 2851 2850 2850 2778 2778 2779 2779 2851 2851 2779 2779 2852 2852 2851 2851 2779 2779 2780 2780 2852 2852 2780 2780 2853 2853 2852 2852 2780 2780 2781 2781 2853 2853 2781 2781 2854 2854 2853 2853 2781 2781 2782 2782 2854 2854 2782 2782 2855 2855 2854 2854 2782 2782 2783 2783 2855 2855 2783 2783 2856 2856 2855 2855 2783 2783 2784 2784 2856 2856 2784 2784 2857 2857 2856 2856 2784 2784 2785 2785 2857 2857 2785 2785 2858 2858 2857 2857 2785 2785 2786 2786 2858 2858 2786 2786 2859 2859 2858 2858 2786 2786 2787 2787 2859 2859 2787 2787 2860 2860 2859 2859 2787 2787 2788 2788 2860 2860 2788 2788 2861 2861 2860 2860 2788 2788 2789 2789 2861 2861 2789 2789 2862 2862 2861 2861 2789 2789 2790 2790 2862 2862 2790 2790 2863 2863 2862 2862 2790 2790 2791 2791 2863 2863 2791 2791 2864 2864 2863 2863 2791 2791 2792 2792 2864 2864 2792 2792 2865 2865 2864 2864 2792 2792 2793 2793 2865 2865 2793 2793 2866 2866 2865 2865 2793 2793 2794 2794 2866 2866 2794 2794 2867 2867 2866 2866 2794 2794 2795 2795 2867 2867 2795 2795 2868 2868 2867 2867 2795 2795 2796 2796 2868 2868 2796 2796 2869 2869 2868 2868 2796 2796 2797 2797 2869 2869 2797 2797 2870 2870 2869 2869 2797 2797 2798 2798 2870 2870 2798 2798 2871 2871 2870 2870 2798 2798 2799 2799 2871 2871 2799 2799 2872 2872 2871 2871 2799 2799 2800 2800 2872 2872 2800 2800 2873 2873 2872 2872 2800 2800 2801 2801 2873 2873 2801 2801 2874 2874 2873 2873 2801 2801 2802 2802 2874 2874 2802 2802 2875 2875 2874 2874 2802 2802 2803 2803 2875 2875 2803 2803 2876 2876 2875 2875 2803 2803 2804 2804 2876 2876 2804 2804 2877 2877 2876 2876 2804 2804 2805 2805 2877 2877 2805 2805 2878 2878 2877 2877 2805 2805 2806 2806 2878 2878 2806 2806 2879 2879 2878 2878 2806 2806 2807 2807 2879 2879 2807 2807 2880 2880 2879 2879 2807 2807 2808 2808 2880 2880 2808 2808 2881 2881 2880 2880 2808 2808 2809 2809 2881 2881 2809 2809 2882 2882 2881 2881 2809 2809 2810 2810 2882 2882 2810 2810 2883 2883 2882 2882 2810 2810 2811 2811 2883 2883 2811 2811 2884 2884 2883 2883 2811 2811 2812 2812 2884 2884 2812 2812 2885 2885 2884 2884 2812 2812 2813 2813 2885 2885 2813 2813 2886 2886 2885 2885 2813 2813 2814 2814 2886 2886 2814 2814 2887 2887 2886 2886 2814 2814 2815 2815 2887 2887 2815 2815 2888 2888 2887 2887 2815 2815 2816 2816 2888 2888 2816 2816 2889 2889 2888 2888 2816 2816 2817 2817 2889 2889 2817 2817 2890 2890 2889 2889 2817 2817 2818 2818 2890 2890 2818 2818 2891 2891 2890 2890 2818 2818 2819 2819 2891 2891 2819 2819 2892 2892 2891 2891 2819 2819 2820 2820 2892 2892 2820 2820 2893 2893 2892 2892 2820 2820 2821 2821 2893 2893 2821 2821 2894 2894 2893 2893 2821 2821 2822 2822 2894 2894 2822 2822 2895 2895 2894 2894 2822 2822 2823 2823 2895 2895 2823 2823 2896 2896 2895 2895 2823 2823 2824 2824 2896 2896 2824 2824 2897 2897 2896 2896 2824 2824 2825 2825 2897 2897 2825 2825 2898 2898 2897 2897 2825 2825 2826 2826 2898 2898 2826 2826 2899 2899 2898 2898 2826 2826 2827 2827 2899 2899 2827 2827 2900 2900 2899 2899 2827 2827 2828 2828 2900 2900 2828 2828 2901 2901 2900 2900 2828 2828 2829 2829 2901 2901 2829 2829 2902 2902 2901 2901 2829 2829 2830 2830 2902 2902 2830 2830 2903 2903 2902 2902 2830 2830 2831 2831 2903 2903 2831 2831 2904 2904 2903 2903 2831 2831 2832 2832 2904 2904 2832 2832 2905 2905 2904 2904 2832 2832 2833 2833 2905 2905 2833 2833 2906 2906 2905 2905 2833 2833 2834 2834 2906 2906 2834 2834 2907 2907 2906 2906 2834 2834 2835 2835 2907 2907 2835 2835 2908 2908 2907 2907 2835 2835 2836 2836 2908 2908 2836 2836 2909 2909 2908 2908 2836 2836 2837 2837 2909 2909 2837 2837 2910 2910 2909 2909 2837 2837 2838 2838 2910 2910 2838 2838 2911 2911 2910 2910 2838 2838 2839 2839 2911 2911 2839 2839 2912 2912 2911 2911 2839 2839 2840 2840 2912 2912 2840 2840 2913 2913 2912 2912 2840 2840 2841 2841 2913 2913 2841 2841 2914 2914 2913 2913 2841 2841 2842 2842 2914 2914 2842 2842 2915 2915 2914 2914 2842 2842 2843 2843 2915 2915 2843 2843 2916 2916 2915 2915 2843 2843 2844 2844 2916 2916 2844 2844 2917 2917 2916 2916 2844 2844 2845 2845 2917 2917 2845 2845 2918 2918 2917 2917 2845 2845 2846 2846 2918 2918 2846 2846 2919 2919 2918 2918 2847 2847 2848 2848 2920 2920 2848 2848 2921 2921 2920 2920 2848 2848 2849 2849 2921 2921 2849 2849 2922 2922 2921 2921 2849 2849 2850 2850 2922 2922 2850 2850 2923 2923 2922 2922 2850 2850 2851 2851 2923 2923 2851 2851 2924 2924 2923 2923 2851 2851 2852 2852 2924 2924 2852 2852 2925 2925 2924 2924 2852 2852 2853 2853 2925 2925 2853 2853 2926 2926 2925 2925 2853 2853 2854 2854 2926 2926 2854 2854 2927 2927 2926 2926 2854 2854 2855 2855 2927 2927 2855 2855 2928 2928 2927 2927 2855 2855 2856 2856 2928 2928 2856 2856 2929 2929 2928 2928 2856 2856 2857 2857 2929 2929 2857 2857 2930 2930 2929 2929 2857 2857 2858 2858 2930 2930 2858 2858 2931 2931 2930 2930 2858 2858 2859 2859 2931 2931 2859 2859 2932 2932 2931 2931 2859 2859 2860 2860 2932 2932 2860 2860 2933 2933 2932 2932 2860 2860 2861 2861 2933 2933 2861 2861 2934 2934 2933 2933 2861 2861 2862 2862 2934 2934 2862 2862 2935 2935 2934 2934 2862 2862 2863 2863 2935 2935 2863 2863 2936 2936 2935 2935 2863 2863 2864 2864 2936 2936 2864 2864 2937 2937 2936 2936 2864 2864 2865 2865 2937 2937 2865 2865 2938 2938 2937 2937 2865 2865 2866 2866 2938 2938 2866 2866 2939 2939 2938 2938 2866 2866 2867 2867 2939 2939 2867 2867 2940 2940 2939 2939 2867 2867 2868 2868 2940 2940 2868 2868 2941 2941 2940 2940 2868 2868 2869 2869 2941 2941 2869 2869 2942 2942 2941 2941 2869 2869 2870 2870 2942 2942 2870 2870 2943 2943 2942 2942 2870 2870 2871 2871 2943 2943 2871 2871 2944 2944 2943 2943 2871 2871 2872 2872 2944 2944 2872 2872 2945 2945 2944 2944 2872 2872 2873 2873 2945 2945 2873 2873 2946 2946 2945 2945 2873 2873 2874 2874 2946 2946 2874 2874 2947 2947 2946 2946 2874 2874 2875 2875 2947 2947 2875 2875 2948 2948 2947 2947 2875 2875 2876 2876 2948 2948 2876 2876 2949 2949 2948 2948 2876 2876 2877 2877 2949 2949 2877 2877 2950 2950 2949 2949 2877 2877 2878 2878 2950 2950 2878 2878 2951 2951 2950 2950 2878 2878 2879 2879 2951 2951 2879 2879 2952 2952 2951 2951 2879 2879 2880 2880 2952 2952 2880 2880 2953 2953 2952 2952 2880 2880 2881 2881 2953 2953 2881 2881 2954 2954 2953 2953 2881 2881 2882 2882 2954 2954 2882 2882 2955 2955 2954 2954 2882 2882 2883 2883 2955 2955 2883 2883 2956 2956 2955 2955 2883 2883 2884 2884 2956 2956 2884 2884 2957 2957 2956 2956 2884 2884 2885 2885 2957 2957 2885 2885 2958 2958 2957 2957 2885 2885 2886 2886 2958 2958 2886 2886 2959 2959 2958 2958 2886 2886 2887 2887 2959 2959 2887 2887 2960 2960 2959 2959 2887 2887 2888 2888 2960 2960 2888 2888 2961 2961 2960 2960 2888 2888 2889 2889 2961 2961 2889 2889 2962 2962 2961 2961 2889 2889 2890 2890 2962 2962 2890 2890 2963 2963 2962 2962 2890 2890 2891 2891 2963 2963 2891 2891 2964 2964 2963 2963 2891 2891 2892 2892 2964 2964 2892 2892 2965 2965 2964 2964 2892 2892 2893 2893 2965 2965 2893 2893 2966 2966 2965 2965 2893 2893 2894 2894 2966 2966 2894 2894 2967 2967 2966 2966 2894 2894 2895 2895 2967 2967 2895 2895 2968 2968 2967 2967 2895 2895 2896 2896 2968 2968 2896 2896 2969 2969 2968 2968 2896 2896 2897 2897 2969 2969 2897 2897 2970 2970 2969 2969 2897 2897 2898 2898 2970 2970 2898 2898 2971 2971 2970 2970 2898 2898 2899 2899 2971 2971 2899 2899 2972 2972 2971 2971 2899 2899 2900 2900 2972 2972 2900 2900 2973 2973 2972 2972 2900 2900 2901 2901 2973 2973 2901 2901 2974 2974 2973 2973 2901 2901 2902 2902 2974 2974 2902 2902 2975 2975 2974 2974 2902 2902 2903 2903 2975 2975 2903 2903 2976 2976 2975 2975 2903 2903 2904 2904 2976 2976 2904 2904 2977 2977 2976 2976 2904 2904 2905 2905 2977 2977 2905 2905 2978 2978 2977 2977 2905 2905 2906 2906 2978 2978 2906 2906 2979 2979 2978 2978 2906 2906 2907 2907 2979 2979 2907 2907 2980 2980 2979 2979 2907 2907 2908 2908 2980 2980 2908 2908 2981 2981 2980 2980 2908 2908 2909 2909 2981 2981 2909 2909 2982 2982 2981 2981 2909 2909 2910 2910 2982 2982 2910 2910 2983 2983 2982 2982 2910 2910 2911 2911 2983 2983 2911 2911 2984 2984 2983 2983 2911 2911 2912 2912 2984 2984 2912 2912 2985 2985 2984 2984 2912 2912 2913 2913 2985 2985 2913 2913 2986 2986 2985 2985 2913 2913 2914 2914 2986 2986 2914 2914 2987 2987 2986 2986 2914 2914 2915 2915 2987 2987 2915 2915 2988 2988 2987 2987 2915 2915 2916 2916 2988 2988 2916 2916 2989 2989 2988 2988 2916 2916 2917 2917 2989 2989 2917 2917 2990 2990 2989 2989 2917 2917 2918 2918 2990 2990 2918 2918 2991 2991 2990 2990 2918 2918 2919 2919 2991 2991 2919 2919 2992 2992 2991 2991 2920 2920 2921 2921 2993 2993 2921 2921 2994 2994 2993 2993 2921 2921 2922 2922 2994 2994 2922 2922 2995 2995 2994 2994 2922 2922 2923 2923 2995 2995 2923 2923 2996 2996 2995 2995 2923 2923 2924 2924 2996 2996 2924 2924 2997 2997 2996 2996 2924 2924 2925 2925 2997 2997 2925 2925 2998 2998 2997 2997 2925 2925 2926 2926 2998 2998 2926 2926 2999 2999 2998 2998 2926 2926 2927 2927 2999 2999 2927 2927 3000 3000 2999 2999 2927 2927 2928 2928 3000 3000 2928 2928 3001 3001 3000 3000 2928 2928 2929 2929 3001 3001 2929 2929 3002 3002 3001 3001 2929 2929 2930 2930 3002 3002 2930 2930 3003 3003 3002 3002 2930 2930 2931 2931 3003 3003 2931 2931 3004 3004 3003 3003 2931 2931 2932 2932 3004 3004 2932 2932 3005 3005 3004 3004 2932 2932 2933 2933 3005 3005 2933 2933 3006 3006 3005 3005 2933 2933 2934 2934 3006 3006 2934 2934 3007 3007 3006 3006 2934 2934 2935 2935 3007 3007 2935 2935 3008 3008 3007 3007 2935 2935 2936 2936 3008 3008 2936 2936 3009 3009 3008 3008 2936 2936 2937 2937 3009 3009 2937 2937 3010 3010 3009 3009 2937 2937 2938 2938 3010 3010 2938 2938 3011 3011 3010 3010 2938 2938 2939 2939 3011 3011 2939 2939 3012 3012 3011 3011 2939 2939 2940 2940 3012 3012 2940 2940 3013 3013 3012 3012 2940 2940 2941 2941 3013 3013 2941 2941 3014 3014 3013 3013 2941 2941 2942 2942 3014 3014 2942 2942 3015 3015 3014 3014 2942 2942 2943 2943 3015 3015 2943 2943 3016 3016 3015 3015 2943 2943 2944 2944 3016 3016 2944 2944 3017 3017 3016 3016 2944 2944 2945 2945 3017 3017 2945 2945 3018 3018 3017 3017 2945 2945 2946 2946 3018 3018 2946 2946 3019 3019 3018 3018 2946 2946 2947 2947 3019 3019 2947 2947 3020 3020 3019 3019 2947 2947 2948 2948 3020 3020 2948 2948 3021 3021 3020 3020 2948 2948 2949 2949 3021 3021 2949 2949 3022 3022 3021 3021 2949 2949 2950 2950 3022 3022 2950 2950 3023 3023 3022 3022 2950 2950 2951 2951 3023 3023 2951 2951 3024 3024 3023 3023 2951 2951 2952 2952 3024 3024 2952 2952 3025 3025 3024 3024 2952 2952 2953 2953 3025 3025 2953 2953 3026 3026 3025 3025 2953 2953 2954 2954 3026 3026 2954 2954 3027 3027 3026 3026 2954 2954 2955 2955 3027 3027 2955 2955 3028 3028 3027 3027 2955 2955 2956 2956 3028 3028 2956 2956 3029 3029 3028 3028 2956 2956 2957 2957 3029 3029 2957 2957 3030 3030 3029 3029 2957 2957 2958 2958 3030 3030 2958 2958 3031 3031 3030 3030 2958 2958 2959 2959 3031 3031 2959 2959 3032 3032 3031 3031 2959 2959 2960 2960 3032 3032 2960 2960 3033 3033 3032 3032 2960 2960 2961 2961 3033 3033 2961 2961 3034 3034 3033 3033 2961 2961 2962 2962 3034 3034 2962 2962 3035 3035 3034 3034 2962 2962 2963 2963 3035 3035 2963 2963 3036 3036 3035 3035 2963 2963 2964 2964 3036 3036 2964 2964 3037 3037 3036 3036 2964 2964 2965 2965 3037 3037 2965 2965 3038 3038 3037 3037 2965 2965 2966 2966 3038 3038 2966 2966 3039 3039 3038 3038 2966 2966 2967 2967 3039 3039 2967 2967 3040 3040 3039 3039 2967 2967 2968 2968 3040 3040 2968 2968 3041 3041 3040 3040 2968 2968 2969 2969 3041 3041 2969 2969 3042 3042 3041 3041 2969 2969 2970 2970 3042 3042 2970 2970 3043 3043 3042 3042 2970 2970 2971 2971 3043 3043 2971 2971 3044 3044 3043 3043 2971 2971 2972 2972 3044 3044 2972 2972 3045 3045 3044 3044 2972 2972 2973 2973 3045 3045 2973 2973 3046 3046 3045 3045 2973 2973 2974 2974 3046 3046 2974 2974 3047 3047 3046 3046 2974 2974 2975 2975 3047 3047 2975 2975 3048 3048 3047 3047 2975 2975 2976 2976 3048 3048 2976 2976 3049 3049 3048 3048 2976 2976 2977 2977 3049 3049 2977 2977 3050 3050 3049 3049 2977 2977 2978 2978 3050 3050 2978 2978 3051 3051 3050 3050 2978 2978 2979 2979 3051 3051 2979 2979 3052 3052 3051 3051 2979 2979 2980 2980 3052 3052 2980 2980 3053 3053 3052 3052 2980 2980 2981 2981 3053 3053 2981 2981 3054 3054 3053 3053 2981 2981 2982 2982 3054 3054 2982 2982 3055 3055 3054 3054 2982 2982 2983 2983 3055 3055 2983 2983 3056 3056 3055 3055 2983 2983 2984 2984 3056 3056 2984 2984 3057 3057 3056 3056 2984 2984 2985 2985 3057 3057 2985 2985 3058 3058 3057 3057 2985 2985 2986 2986 3058 3058 2986 2986 3059 3059 3058 3058 2986 2986 2987 2987 3059 3059 2987 2987 3060 3060 3059 3059 2987 2987 2988 2988 3060 3060 2988 2988 3061 3061 3060 3060 2988 2988 2989 2989 3061 3061 2989 2989 3062 3062 3061 3061 2989 2989 2990 2990 3062 3062 2990 2990 3063 3063 3062 3062 2990 2990 2991 2991 3063 3063 2991 2991 3064 3064 3063 3063 2991 2991 2992 2992 3064 3064 2992 2992 3065 3065 3064 3064 2993 2993 2994 2994 3066 3066 2994 2994 3067 3067 3066 3066 2994 2994 2995 2995 3067 3067 2995 2995 3068 3068 3067 3067 2995 2995 2996 2996 3068 3068 2996 2996 3069 3069 3068 3068 2996 2996 2997 2997 3069 3069 2997 2997 3070 3070 3069 3069 2997 2997 2998 2998 3070 3070 2998 2998 3071 3071 3070 3070 2998 2998 2999 2999 3071 3071 2999 2999 3072 3072 3071 3071 2999 2999 3000 3000 3072 3072 3000 3000 3073 3073 3072 3072 3000 3000 3001 3001 3073 3073 3001 3001 3074 3074 3073 3073 3001 3001 3002 3002 3074 3074 3002 3002 3075 3075 3074 3074 3002 3002 3003 3003 3075 3075 3003 3003 3076 3076 3075 3075 3003 3003 3004 3004 3076 3076 3004 3004 3077 3077 3076 3076 3004 3004 3005 3005 3077 3077 3005 3005 3078 3078 3077 3077 3005 3005 3006 3006 3078 3078 3006 3006 3079 3079 3078 3078 3006 3006 3007 3007 3079 3079 3007 3007 3080 3080 3079 3079 3007 3007 3008 3008 3080 3080 3008 3008 3081 3081 3080 3080 3008 3008 3009 3009 3081 3081 3009 3009 3082 3082 3081 3081 3009 3009 3010 3010 3082 3082 3010 3010 3083 3083 3082 3082 3010 3010 3011 3011 3083 3083 3011 3011 3084 3084 3083 3083 3011 3011 3012 3012 3084 3084 3012 3012 3085 3085 3084 3084 3012 3012 3013 3013 3085 3085 3013 3013 3086 3086 3085 3085 3013 3013 3014 3014 3086 3086 3014 3014 3087 3087 3086 3086 3014 3014 3015 3015 3087 3087 3015 3015 3088 3088 3087 3087 3015 3015 3016 3016 3088 3088 3016 3016 3089 3089 3088 3088 3016 3016 3017 3017 3089 3089 3017 3017 3090 3090 3089 3089 3017 3017 3018 3018 3090 3090 3018 3018 3091 3091 3090 3090 3018 3018 3019 3019 3091 3091 3019 3019 3092 3092 3091 3091 3019 3019 3020 3020 3092 3092 3020 3020 3093 3093 3092 3092 3020 3020 3021 3021 3093 3093 3021 3021 3094 3094 3093 3093 3021 3021 3022 3022 3094 3094 3022 3022 3095 3095 3094 3094 3022 3022 3023 3023 3095 3095 3023 3023 3096 3096 3095 3095 3023 3023 3024 3024 3096 3096 3024 3024 3097 3097 3096 3096 3024 3024 3025 3025 3097 3097 3025 3025 3098 3098 3097 3097 3025 3025 3026 3026 3098 3098 3026 3026 3099 3099 3098 3098 3026 3026 3027 3027 3099 3099 3027 3027 3100 3100 3099 3099 3027 3027 3028 3028 3100 3100 3028 3028 3101 3101 3100 3100 3028 3028 3029 3029 3101 3101 3029 3029 3102 3102 3101 3101 3029 3029 3030 3030 3102 3102 3030 3030 3103 3103 3102 3102 3030 3030 3031 3031 3103 3103 3031 3031 3104 3104 3103 3103 3031 3031 3032 3032 3104 3104 3032 3032 3105 3105 3104 3104 3032 3032 3033 3033 3105 3105 3033 3033 3106 3106 3105 3105 3033 3033 3034 3034 3106 3106 3034 3034 3107 3107 3106 3106 3034 3034 3035 3035 3107 3107 3035 3035 3108 3108 3107 3107 3035 3035 3036 3036 3108 3108 3036 3036 3109 3109 3108 3108 3036 3036 3037 3037 3109 3109 3037 3037 3110 3110 3109 3109 3037 3037 3038 3038 3110 3110 3038 3038 3111 3111 3110 3110 3038 3038 3039 3039 3111 3111 3039 3039 3112 3112 3111 3111 3039 3039 3040 3040 3112 3112 3040 3040 3113 3113 3112 3112 3040 3040 3041 3041 3113 3113 3041 3041 3114 3114 3113 3113 3041 3041 3042 3042 3114 3114 3042 3042 3115 3115 3114 3114 3042 3042 3043 3043 3115 3115 3043 3043 3116 3116 3115 3115 3043 3043 3044 3044 3116 3116 3044 3044 3117 3117 3116 3116 3044 3044 3045 3045 3117 3117 3045 3045 3118 3118 3117 3117 3045 3045 3046 3046 3118 3118 3046 3046 3119 3119 3118 3118 3046 3046 3047 3047 3119 3119 3047 3047 3120 3120 3119 3119 3047 3047 3048 3048 3120 3120 3048 3048 3121 3121 3120 3120 3048 3048 3049 3049 3121 3121 3049 3049 3122 3122 3121 3121 3049 3049 3050 3050 3122 3122 3050 3050 3123 3123 3122 3122 3050 3050 3051 3051 3123 3123 3051 3051 3124 3124 3123 3123 3051 3051 3052 3052 3124 3124 3052 3052 3125 3125 3124 3124 3052 3052 3053 3053 3125 3125 3053 3053 3126 3126 3125 3125 3053 3053 3054 3054 3126 3126 3054 3054 3127 3127 3126 3126 3054 3054 3055 3055 3127 3127 3055 3055 3128 3128 3127 3127 3055 3055 3056 3056 3128 3128 3056 3056 3129 3129 3128 3128 3056 3056 3057 3057 3129 3129 3057 3057 3130 3130 3129 3129 3057 3057 3058 3058 3130 3130 3058 3058 3131 3131 3130 3130 3058 3058 3059 3059 3131 3131 3059 3059 3132 3132 3131 3131 3059 3059 3060 3060 3132 3132 3060 3060 3133 3133 3132 3132 3060 3060 3061 3061 3133 3133 3061 3061 3134 3134 3133 3133 3061 3061 3062 3062 3134 3134 3062 3062 3135 3135 3134 3134 3062 3062 3063 3063 3135 3135 3063 3063 3136 3136 3135 3135 3063 3063 3064 3064 3136 3136 3064 3064 3137 3137 3136 3136 3064 3064 3065 3065 3137 3137 3065 3065 3138 3138 3137 3137 3066 3066 3067 3067 3139 3139 3067 3067 3140 3140 3139 3139 3067 3067 3068 3068 3140 3140 3068 3068 3141 3141 3140 3140 3068 3068 3069 3069 3141 3141 3069 3069 3142 3142 3141 3141 3069 3069 3070 3070 3142 3142 3070 3070 3143 3143 3142 3142 3070 3070 3071 3071 3143 3143 3071 3071 3144 3144 3143 3143 3071 3071 3072 3072 3144 3144 3072 3072 3145 3145 3144 3144 3072 3072 3073 3073 3145 3145 3073 3073 3146 3146 3145 3145 3073 3073 3074 3074 3146 3146 3074 3074 3147 3147 3146 3146 3074 3074 3075 3075 3147 3147 3075 3075 3148 3148 3147 3147 3075 3075 3076 3076 3148 3148 3076 3076 3149 3149 3148 3148 3076 3076 3077 3077 3149 3149 3077 3077 3150 3150 3149 3149 3077 3077 3078 3078 3150 3150 3078 3078 3151 3151 3150 3150 3078 3078 3079 3079 3151 3151 3079 3079 3152 3152 3151 3151 3079 3079 3080 3080 3152 3152 3080 3080 3153 3153 3152 3152 3080 3080 3081 3081 3153 3153 3081 3081 3154 3154 3153 3153 3081 3081 3082 3082 3154 3154 3082 3082 3155 3155 3154 3154 3082 3082 3083 3083 3155 3155 3083 3083 3156 3156 3155 3155 3083 3083 3084 3084 3156 3156 3084 3084 3157 3157 3156 3156 3084 3084 3085 3085 3157 3157 3085 3085 3158 3158 3157 3157 3085 3085 3086 3086 3158 3158 3086 3086 3159 3159 3158 3158 3086 3086 3087 3087 3159 3159 3087 3087 3160 3160 3159 3159 3087 3087 3088 3088 3160 3160 3088 3088 3161 3161 3160 3160 3088 3088 3089 3089 3161 3161 3089 3089 3162 3162 3161 3161 3089 3089 3090 3090 3162 3162 3090 3090 3163 3163 3162 3162 3090 3090 3091 3091 3163 3163 3091 3091 3164 3164 3163 3163 3091 3091 3092 3092 3164 3164 3092 3092 3165 3165 3164 3164 3092 3092 3093 3093 3165 3165 3093 3093 3166 3166 3165 3165 3093 3093 3094 3094 3166 3166 3094 3094 3167 3167 3166 3166 3094 3094 3095 3095 3167 3167 3095 3095 3168 3168 3167 3167 3095 3095 3096 3096 3168 3168 3096 3096 3169 3169 3168 3168 3096 3096 3097 3097 3169 3169 3097 3097 3170 3170 3169 3169 3097 3097 3098 3098 3170 3170 3098 3098 3171 3171 3170 3170 3098 3098 3099 3099 3171 3171 3099 3099 3172 3172 3171 3171 3099 3099 3100 3100 3172 3172 3100 3100 3173 3173 3172 3172 3100 3100 3101 3101 3173 3173 3101 3101 3174 3174 3173 3173 3101 3101 3102 3102 3174 3174 3102 3102 3175 3175 3174 3174 3102 3102 3103 3103 3175 3175 3103 3103 3176 3176 3175 3175 3103 3103 3104 3104 3176 3176 3104 3104 3177 3177 3176 3176 3104 3104 3105 3105 3177 3177 3105 3105 3178 3178 3177 3177 3105 3105 3106 3106 3178 3178 3106 3106 3179 3179 3178 3178 3106 3106 3107 3107 3179 3179 3107 3107 3180 3180 3179 3179 3107 3107 3108 3108 3180 3180 3108 3108 3181 3181 3180 3180 3108 3108 3109 3109 3181 3181 3109 3109 3182 3182 3181 3181 3109 3109 3110 3110 3182 3182 3110 3110 3183 3183 3182 3182 3110 3110 3111 3111 3183 3183 3111 3111 3184 3184 3183 3183 3111 3111 3112 3112 3184 3184 3112 3112 3185 3185 3184 3184 3112 3112 3113 3113 3185 3185 3113 3113 3186 3186 3185 3185 3113 3113 3114 3114 3186 3186 3114 3114 3187 3187 3186 3186 3114 3114 3115 3115 3187 3187 3115 3115 3188 3188 3187 3187 3115 3115 3116 3116 3188 3188 3116 3116 3189 3189 3188 3188 3116 3116 3117 3117 3189 3189 3117 3117 3190 3190 3189 3189 3117 3117 3118 3118 3190 3190 3118 3118 3191 3191 3190 3190 3118 3118 3119 3119 3191 3191 3119 3119 3192 3192 3191 3191 3119 3119 3120 3120 3192 3192 3120 3120 3193 3193 3192 3192 3120 3120 3121 3121 3193 3193 3121 3121 3194 3194 3193 3193 3121 3121 3122 3122 3194 3194 3122 3122 3195 3195 3194 3194 3122 3122 3123 3123 3195 3195 3123 3123 3196 3196 3195 3195 3123 3123 3124 3124 3196 3196 3124 3124 3197 3197 3196 3196 3124 3124 3125 3125 3197 3197 3125 3125 3198 3198 3197 3197 3125 3125 3126 3126 3198 3198 3126 3126 3199 3199 3198 3198 3126 3126 3127 3127 3199 3199 3127 3127 3200 3200 3199 3199 3127 3127 3128 3128 3200 3200 3128 3128 3201 3201 3200 3200 3128 3128 3129 3129 3201 3201 3129 3129 3202 3202 3201 3201 3129 3129 3130 3130 3202 3202 3130 3130 3203 3203 3202 3202 3130 3130 3131 3131 3203 3203 3131 3131 3204 3204 3203 3203 3131 3131 3132 3132 3204 3204 3132 3132 3205 3205 3204 3204 3132 3132 3133 3133 3205 3205 3133 3133 3206 3206 3205 3205 3133 3133 3134 3134 3206 3206 3134 3134 3207 3207 3206 3206 3134 3134 3135 3135 3207 3207 3135 3135 3208 3208 3207 3207 3135 3135 3136 3136 3208 3208 3136 3136 3209 3209 3208 3208 3136 3136 3137 3137 3209 3209 3137 3137 3210 3210 3209 3209 3137 3137 3138 3138 3210 3210 3138 3138 3211 3211 3210 3210 3139 3139 3140 3140 3212 3212 3140 3140 3213 3213 3212 3212 3140 3140 3141 3141 3213 3213 3141 3141 3214 3214 3213 3213 3141 3141 3142 3142 3214 3214 3142 3142 3215 3215 3214 3214 3142 3142 3143 3143 3215 3215 3143 3143 3216 3216 3215 3215 3143 3143 3144 3144 3216 3216 3144 3144 3217 3217 3216 3216 3144 3144 3145 3145 3217 3217 3145 3145 3218 3218 3217 3217 3145 3145 3146 3146 3218 3218 3146 3146 3219 3219 3218 3218 3146 3146 3147 3147 3219 3219 3147 3147 3220 3220 3219 3219 3147 3147 3148 3148 3220 3220 3148 3148 3221 3221 3220 3220 3148 3148 3149 3149 3221 3221 3149 3149 3222 3222 3221 3221 3149 3149 3150 3150 3222 3222 3150 3150 3223 3223 3222 3222 3150 3150 3151 3151 3223 3223 3151 3151 3224 3224 3223 3223 3151 3151 3152 3152 3224 3224 3152 3152 3225 3225 3224 3224 3152 3152 3153 3153 3225 3225 3153 3153 3226 3226 3225 3225 3153 3153 3154 3154 3226 3226 3154 3154 3227 3227 3226 3226 3154 3154 3155 3155 3227 3227 3155 3155 3228 3228 3227 3227 3155 3155 3156 3156 3228 3228 3156 3156 3229 3229 3228 3228 3156 3156 3157 3157 3229 3229 3157 3157 3230 3230 3229 3229 3157 3157 3158 3158 3230 3230 3158 3158 3231 3231 3230 3230 3158 3158 3159 3159 3231 3231 3159 3159 3232 3232 3231 3231 3159 3159 3160 3160 3232 3232 3160 3160 3233 3233 3232 3232 3160 3160 3161 3161 3233 3233 3161 3161 3234 3234 3233 3233 3161 3161 3162 3162 3234 3234 3162 3162 3235 3235 3234 3234 3162 3162 3163 3163 3235 3235 3163 3163 3236 3236 3235 3235 3163 3163 3164 3164 3236 3236 3164 3164 3237 3237 3236 3236 3164 3164 3165 3165 3237 3237 3165 3165 3238 3238 3237 3237 3165 3165 3166 3166 3238 3238 3166 3166 3239 3239 3238 3238 3166 3166 3167 3167 3239 3239 3167 3167 3240 3240 3239 3239 3167 3167 3168 3168 3240 3240 3168 3168 3241 3241 3240 3240 3168 3168 3169 3169 3241 3241 3169 3169 3242 3242 3241 3241 3169 3169 3170 3170 3242 3242 3170 3170 3243 3243 3242 3242 3170 3170 3171 3171 3243 3243 3171 3171 3244 3244 3243 3243 3171 3171 3172 3172 3244 3244 3172 3172 3245 3245 3244 3244 3172 3172 3173 3173 3245 3245 3173 3173 3246 3246 3245 3245 3173 3173 3174 3174 3246 3246 3174 3174 3247 3247 3246 3246 3174 3174 3175 3175 3247 3247 3175 3175 3248 3248 3247 3247 3175 3175 3176 3176 3248 3248 3176 3176 3249 3249 3248 3248 3176 3176 3177 3177 3249 3249 3177 3177 3250 3250 3249 3249 3177 3177 3178 3178 3250 3250 3178 3178 3251 3251 3250 3250 3178 3178 3179 3179 3251 3251 3179 3179 3252 3252 3251 3251 3179 3179 3180 3180 3252 3252 3180 3180 3253 3253 3252 3252 3180 3180 3181 3181 3253 3253 3181 3181 3254 3254 3253 3253 3181 3181 3182 3182 3254 3254 3182 3182 3255 3255 3254 3254 3182 3182 3183 3183 3255 3255 3183 3183 3256 3256 3255 3255 3183 3183 3184 3184 3256 3256 3184 3184 3257 3257 3256 3256 3184 3184 3185 3185 3257 3257 3185 3185 3258 3258 3257 3257 3185 3185 3186 3186 3258 3258 3186 3186 3259 3259 3258 3258 3186 3186 3187 3187 3259 3259 3187 3187 3260 3260 3259 3259 3187 3187 3188 3188 3260 3260 3188 3188 3261 3261 3260 3260 3188 3188 3189 3189 3261 3261 3189 3189 3262 3262 3261 3261 3189 3189 3190 3190 3262 3262 3190 3190 3263 3263 3262 3262 3190 3190 3191 3191 3263 3263 3191 3191 3264 3264 3263 3263 3191 3191 3192 3192 3264 3264 3192 3192 3265 3265 3264 3264 3192 3192 3193 3193 3265 3265 3193 3193 3266 3266 3265 3265 3193 3193 3194 3194 3266 3266 3194 3194 3267 3267 3266 3266 3194 3194 3195 3195 3267 3267 3195 3195 3268 3268 3267 3267 3195 3195 3196 3196 3268 3268 3196 3196 3269 3269 3268 3268 3196 3196 3197 3197 3269 3269 3197 3197 3270 3270 3269 3269 3197 3197 3198 3198 3270 3270 3198 3198 3271 3271 3270 3270 3198 3198 3199 3199 3271 3271 3199 3199 3272 3272 3271 3271 3199 3199 3200 3200 3272 3272 3200 3200 3273 3273 3272 3272 3200 3200 3201 3201 3273 3273 3201 3201 3274 3274 3273 3273 3201 3201 3202 3202 3274 3274 3202 3202 3275 3275 3274 3274 3202 3202 3203 3203 3275 3275 3203 3203 3276 3276 3275 3275 3203 3203 3204 3204 3276 3276 3204 3204 3277 3277 3276 3276 3204 3204 3205 3205 3277 3277 3205 3205 3278 3278 3277 3277 3205 3205 3206 3206 3278 3278 3206 3206 3279 3279 3278 3278 3206 3206 3207 3207 3279 3279 3207 3207 3280 3280 3279 3279 3207 3207 3208 3208 3280 3280 3208 3208 3281 3281 3280 3280 3208 3208 3209 3209 3281 3281 3209 3209 3282 3282 3281 3281 3209 3209 3210 3210 3282 3282 3210 3210 3283 3283 3282 3282 3210 3210 3211 3211 3283 3283 3211 3211 3284 3284 3283 3283 3212 3212 3213 3213 3285 3285 3213 3213 3286 3286 3285 3285 3213 3213 3214 3214 3286 3286 3214 3214 3287 3287 3286 3286 3214 3214 3215 3215 3287 3287 3215 3215 3288 3288 3287 3287 3215 3215 3216 3216 3288 3288 3216 3216 3289 3289 3288 3288 3216 3216 3217 3217 3289 3289 3217 3217 3290 3290 3289 3289 3217 3217 3218 3218 3290 3290 3218 3218 3291 3291 3290 3290 3218 3218 3219 3219 3291 3291 3219 3219 3292 3292 3291 3291 3219 3219 3220 3220 3292 3292 3220 3220 3293 3293 3292 3292 3220 3220 3221 3221 3293 3293 3221 3221 3294 3294 3293 3293 3221 3221 3222 3222 3294 3294 3222 3222 3295 3295 3294 3294 3222 3222 3223 3223 3295 3295 3223 3223 3296 3296 3295 3295 3223 3223 3224 3224 3296 3296 3224 3224 3297 3297 3296 3296 3224 3224 3225 3225 3297 3297 3225 3225 3298 3298 3297 3297 3225 3225 3226 3226 3298 3298 3226 3226 3299 3299 3298 3298 3226 3226 3227 3227 3299 3299 3227 3227 3300 3300 3299 3299 3227 3227 3228 3228 3300 3300 3228 3228 3301 3301 3300 3300 3228 3228 3229 3229 3301 3301 3229 3229 3302 3302 3301 3301 3229 3229 3230 3230 3302 3302 3230 3230 3303 3303 3302 3302 3230 3230 3231 3231 3303 3303 3231 3231 3304 3304 3303 3303 3231 3231 3232 3232 3304 3304 3232 3232 3305 3305 3304 3304 3232 3232 3233 3233 3305 3305 3233 3233 3306 3306 3305 3305 3233 3233 3234 3234 3306 3306 3234 3234 3307 3307 3306 3306 3234 3234 3235 3235 3307 3307 3235 3235 3308 3308 3307 3307 3235 3235 3236 3236 3308 3308 3236 3236 3309 3309 3308 3308 3236 3236 3237 3237 3309 3309 3237 3237 3310 3310 3309 3309 3237 3237 3238 3238 3310 3310 3238 3238 3311 3311 3310 3310 3238 3238 3239 3239 3311 3311 3239 3239 3312 3312 3311 3311 3239 3239 3240 3240 3312 3312 3240 3240 3313 3313 3312 3312 3240 3240 3241 3241 3313 3313 3241 3241 3314 3314 3313 3313 3241 3241 3242 3242 3314 3314 3242 3242 3315 3315 3314 3314 3242 3242 3243 3243 3315 3315 3243 3243 3316 3316 3315 3315 3243 3243 3244 3244 3316 3316 3244 3244 3317 3317 3316 3316 3244 3244 3245 3245 3317 3317 3245 3245 3318 3318 3317 3317 3245 3245 3246 3246 3318 3318 3246 3246 3319 3319 3318 3318 3246 3246 3247 3247 3319 3319 3247 3247 3320 3320 3319 3319 3247 3247 3248 3248 3320 3320 3248 3248 3321 3321 3320 3320 3248 3248 3249 3249 3321 3321 3249 3249 3322 3322 3321 3321 3249 3249 3250 3250 3322 3322 3250 3250 3323 3323 3322 3322 3250 3250 3251 3251 3323 3323 3251 3251 3324 3324 3323 3323 3251 3251 3252 3252 3324 3324 3252 3252 3325 3325 3324 3324 3252 3252 3253 3253 3325 3325 3253 3253 3326 3326 3325 3325 3253 3253 3254 3254 3326 3326 3254 3254 3327 3327 3326 3326 3254 3254 3255 3255 3327 3327 3255 3255 3328 3328 3327 3327 3255 3255 3256 3256 3328 3328 3256 3256 3329 3329 3328 3328 3256 3256 3257 3257 3329 3329 3257 3257 3330 3330 3329 3329 3257 3257 3258 3258 3330 3330 3258 3258 3331 3331 3330 3330 3258 3258 3259 3259 3331 3331 3259 3259 3332 3332 3331 3331 3259 3259 3260 3260 3332 3332 3260 3260 3333 3333 3332 3332 3260 3260 3261 3261 3333 3333 3261 3261 3334 3334 3333 3333 3261 3261 3262 3262 3334 3334 3262 3262 3335 3335 3334 3334 3262 3262 3263 3263 3335 3335 3263 3263 3336 3336 3335 3335 3263 3263 3264 3264 3336 3336 3264 3264 3337 3337 3336 3336 3264 3264 3265 3265 3337 3337 3265 3265 3338 3338 3337 3337 3265 3265 3266 3266 3338 3338 3266 3266 3339 3339 3338 3338 3266 3266 3267 3267 3339 3339 3267 3267 3340 3340 3339 3339 3267 3267 3268 3268 3340 3340 3268 3268 3341 3341 3340 3340 3268 3268 3269 3269 3341 3341 3269 3269 3342 3342 3341 3341 3269 3269 3270 3270 3342 3342 3270 3270 3343 3343 3342 3342 3270 3270 3271 3271 3343 3343 3271 3271 3344 3344 3343 3343 3271 3271 3272 3272 3344 3344 3272 3272 3345 3345 3344 3344 3272 3272 3273 3273 3345 3345 3273 3273 3346 3346 3345 3345 3273 3273 3274 3274 3346 3346 3274 3274 3347 3347 3346 3346 3274 3274 3275 3275 3347 3347 3275 3275 3348 3348 3347 3347 3275 3275 3276 3276 3348 3348 3276 3276 3349 3349 3348 3348 3276 3276 3277 3277 3349 3349 3277 3277 3350 3350 3349 3349 3277 3277 3278 3278 3350 3350 3278 3278 3351 3351 3350 3350 3278 3278 3279 3279 3351 3351 3279 3279 3352 3352 3351 3351 3279 3279 3280 3280 3352 3352 3280 3280 3353 3353 3352 3352 3280 3280 3281 3281 3353 3353 3281 3281 3354 3354 3353 3353 3281 3281 3282 3282 3354 3354 3282 3282 3355 3355 3354 3354 3282 3282 3283 3283 3355 3355 3283 3283 3356 3356 3355 3355 3283 3283 3284 3284 3356 3356 3284 3284 3357 3357 3356 3356 3285 3285 3286 3286 3358 3358 3286 3286 3359 3359 3358 3358 3286 3286 3287 3287 3359 3359 3287 3287 3360 3360 3359 3359 3287 3287 3288 3288 3360 3360 3288 3288 3361 3361 3360 3360 3288 3288 3289 3289 3361 3361 3289 3289 3362 3362 3361 3361 3289 3289 3290 3290 3362 3362 3290 3290 3363 3363 3362 3362 3290 3290 3291 3291 3363 3363 3291 3291 3364 3364 3363 3363 3291 3291 3292 3292 3364 3364 3292 3292 3365 3365 3364 3364 3292 3292 3293 3293 3365 3365 3293 3293 3366 3366 3365 3365 3293 3293 3294 3294 3366 3366 3294 3294 3367 3367 3366 3366 3294 3294 3295 3295 3367 3367 3295 3295 3368 3368 3367 3367 3295 3295 3296 3296 3368 3368 3296 3296 3369 3369 3368 3368 3296 3296 3297 3297 3369 3369 3297 3297 3370 3370 3369 3369 3297 3297 3298 3298 3370 3370 3298 3298 3371 3371 3370 3370 3298 3298 3299 3299 3371 3371 3299 3299 3372 3372 3371 3371 3299 3299 3300 3300 3372 3372 3300 3300 3373 3373 3372 3372 3300 3300 3301 3301 3373 3373 3301 3301 3374 3374 3373 3373 3301 3301 3302 3302 3374 3374 3302 3302 3375 3375 3374 3374 3302 3302 3303 3303 3375 3375 3303 3303 3376 3376 3375 3375 3303 3303 3304 3304 3376 3376 3304 3304 3377 3377 3376 3376 3304 3304 3305 3305 3377 3377 3305 3305 3378 3378 3377 3377 3305 3305 3306 3306 3378 3378 3306 3306 3379 3379 3378 3378 3306 3306 3307 3307 3379 3379 3307 3307 3380 3380 3379 3379 3307 3307 3308 3308 3380 3380 3308 3308 3381 3381 3380 3380 3308 3308 3309 3309 3381 3381 3309 3309 3382 3382 3381 3381 3309 3309 3310 3310 3382 3382 3310 3310 3383 3383 3382 3382 3310 3310 3311 3311 3383 3383 3311 3311 3384 3384 3383 3383 3311 3311 3312 3312 3384 3384 3312 3312 3385 3385 3384 3384 3312 3312 3313 3313 3385 3385 3313 3313 3386 3386 3385 3385 3313 3313 3314 3314 3386 3386 3314 3314 3387 3387 3386 3386 3314 3314 3315 3315 3387 3387 3315 3315 3388 3388 3387 3387 3315 3315 3316 3316 3388 3388 3316 3316 3389 3389 3388 3388 3316 3316 3317 3317 3389 3389 3317 3317 3390 3390 3389 3389 3317 3317 3318 3318 3390 3390 3318 3318 3391 3391 3390 3390 3318 3318 3319 3319 3391 3391 3319 3319 3392 3392 3391 3391 3319 3319 3320 3320 3392 3392 3320 3320 3393 3393 3392 3392 3320 3320 3321 3321 3393 3393 3321 3321 3394 3394 3393 3393 3321 3321 3322 3322 3394 3394 3322 3322 3395 3395 3394 3394 3322 3322 3323 3323 3395 3395 3323 3323 3396 3396 3395 3395 3323 3323 3324 3324 3396 3396 3324 3324 3397 3397 3396 3396 3324 3324 3325 3325 3397 3397 3325 3325 3398 3398 3397 3397 3325 3325 3326 3326 3398 3398 3326 3326 3399 3399 3398 3398 3326 3326 3327 3327 3399 3399 3327 3327 3400 3400 3399 3399 3327 3327 3328 3328 3400 3400 3328 3328 3401 3401 3400 3400 3328 3328 3329 3329 3401 3401 3329 3329 3402 3402 3401 3401 3329 3329 3330 3330 3402 3402 3330 3330 3403 3403 3402 3402 3330 3330 3331 3331 3403 3403 3331 3331 3404 3404 3403 3403 3331 3331 3332 3332 3404 3404 3332 3332 3405 3405 3404 3404 3332 3332 3333 3333 3405 3405 3333 3333 3406 3406 3405 3405 3333 3333 3334 3334 3406 3406 3334 3334 3407 3407 3406 3406 3334 3334 3335 3335 3407 3407 3335 3335 3408 3408 3407 3407 3335 3335 3336 3336 3408 3408 3336 3336 3409 3409 3408 3408 3336 3336 3337 3337 3409 3409 3337 3337 3410 3410 3409 3409 3337 3337 3338 3338 3410 3410 3338 3338 3411 3411 3410 3410 3338 3338 3339 3339 3411 3411 3339 3339 3412 3412 3411 3411 3339 3339 3340 3340 3412 3412 3340 3340 3413 3413 3412 3412 3340 3340 3341 3341 3413 3413 3341 3341 3414 3414 3413 3413 3341 3341 3342 3342 3414 3414 3342 3342 3415 3415 3414 3414 3342 3342 3343 3343 3415 3415 3343 3343 3416 3416 3415 3415 3343 3343 3344 3344 3416 3416 3344 3344 3417 3417 3416 3416 3344 3344 3345 3345 3417 3417 3345 3345 3418 3418 3417 3417 3345 3345 3346 3346 3418 3418 3346 3346 3419 3419 3418 3418 3346 3346 3347 3347 3419 3419 3347 3347 3420 3420 3419 3419 3347 3347 3348 3348 3420 3420 3348 3348 3421 3421 3420 3420 3348 3348 3349 3349 3421 3421 3349 3349 3422 3422 3421 3421 3349 3349 3350 3350 3422 3422 3350 3350 3423 3423 3422 3422 3350 3350 3351 3351 3423 3423 3351 3351 3424 3424 3423 3423 3351 3351 3352 3352 3424 3424 3352 3352 3425 3425 3424 3424 3352 3352 3353 3353 3425 3425 3353 3353 3426 3426 3425 3425 3353 3353 3354 3354 3426 3426 3354 3354 3427 3427 3426 3426 3354 3354 3355 3355 3427 3427 3355 3355 3428 3428 3427 3427 3355 3355 3356 3356 3428 3428 3356 3356 3429 3429 3428 3428 3356 3356 3357 3357 3429 3429 3357 3357 3430 3430 3429 3429 3358 3358 3359 3359 3431 3431 3359 3359 3432 3432 3431 3431 3359 3359 3360 3360 3432 3432 3360 3360 3433 3433 3432 3432 3360 3360 3361 3361 3433 3433 3361 3361 3434 3434 3433 3433 3361 3361 3362 3362 3434 3434 3362 3362 3435 3435 3434 3434 3362 3362 3363 3363 3435 3435 3363 3363 3436 3436 3435 3435 3363 3363 3364 3364 3436 3436 3364 3364 3437 3437 3436 3436 3364 3364 3365 3365 3437 3437 3365 3365 3438 3438 3437 3437 3365 3365 3366 3366 3438 3438 3366 3366 3439 3439 3438 3438 3366 3366 3367 3367 3439 3439 3367 3367 3440 3440 3439 3439 3367 3367 3368 3368 3440 3440 3368 3368 3441 3441 3440 3440 3368 3368 3369 3369 3441 3441 3369 3369 3442 3442 3441 3441 3369 3369 3370 3370 3442 3442 3370 3370 3443 3443 3442 3442 3370 3370 3371 3371 3443 3443 3371 3371 3444 3444 3443 3443 3371 3371 3372 3372 3444 3444 3372 3372 3445 3445 3444 3444 3372 3372 3373 3373 3445 3445 3373 3373 3446 3446 3445 3445 3373 3373 3374 3374 3446 3446 3374 3374 3447 3447 3446 3446 3374 3374 3375 3375 3447 3447 3375 3375 3448 3448 3447 3447 3375 3375 3376 3376 3448 3448 3376 3376 3449 3449 3448 3448 3376 3376 3377 3377 3449 3449 3377 3377 3450 3450 3449 3449 3377 3377 3378 3378 3450 3450 3378 3378 3451 3451 3450 3450 3378 3378 3379 3379 3451 3451 3379 3379 3452 3452 3451 3451 3379 3379 3380 3380 3452 3452 3380 3380 3453 3453 3452 3452 3380 3380 3381 3381 3453 3453 3381 3381 3454 3454 3453 3453 3381 3381 3382 3382 3454 3454 3382 3382 3455 3455 3454 3454 3382 3382 3383 3383 3455 3455 3383 3383 3456 3456 3455 3455 3383 3383 3384 3384 3456 3456 3384 3384 3457 3457 3456 3456 3384 3384 3385 3385 3457 3457 3385 3385 3458 3458 3457 3457 3385 3385 3386 3386 3458 3458 3386 3386 3459 3459 3458 3458 3386 3386 3387 3387 3459 3459 3387 3387 3460 3460 3459 3459 3387 3387 3388 3388 3460 3460 3388 3388 3461 3461 3460 3460 3388 3388 3389 3389 3461 3461 3389 3389 3462 3462 3461 3461 3389 3389 3390 3390 3462 3462 3390 3390 3463 3463 3462 3462 3390 3390 3391 3391 3463 3463 3391 3391 3464 3464 3463 3463 3391 3391 3392 3392 3464 3464 3392 3392 3465 3465 3464 3464 3392 3392 3393 3393 3465 3465 3393 3393 3466 3466 3465 3465 3393 3393 3394 3394 3466 3466 3394 3394 3467 3467 3466 3466 3394 3394 3395 3395 3467 3467 3395 3395 3468 3468 3467 3467 3395 3395 3396 3396 3468 3468 3396 3396 3469 3469 3468 3468 3396 3396 3397 3397 3469 3469 3397 3397 3470 3470 3469 3469 3397 3397 3398 3398 3470 3470 3398 3398 3471 3471 3470 3470 3398 3398 3399 3399 3471 3471 3399 3399 3472 3472 3471 3471 3399 3399 3400 3400 3472 3472 3400 3400 3473 3473 3472 3472 3400 3400 3401 3401 3473 3473 3401 3401 3474 3474 3473 3473 3401 3401 3402 3402 3474 3474 3402 3402 3475 3475 3474 3474 3402 3402 3403 3403 3475 3475 3403 3403 3476 3476 3475 3475 3403 3403 3404 3404 3476 3476 3404 3404 3477 3477 3476 3476 3404 3404 3405 3405 3477 3477 3405 3405 3478 3478 3477 3477 3405 3405 3406 3406 3478 3478 3406 3406 3479 3479 3478 3478 3406 3406 3407 3407 3479 3479 3407 3407 3480 3480 3479 3479 3407 3407 3408 3408 3480 3480 3408 3408 3481 3481 3480 3480 3408 3408 3409 3409 3481 3481 3409 3409 3482 3482 3481 3481 3409 3409 3410 3410 3482 3482 3410 3410 3483 3483 3482 3482 3410 3410 3411 3411 3483 3483 3411 3411 3484 3484 3483 3483 3411 3411 3412 3412 3484 3484 3412 3412 3485 3485 3484 3484 3412 3412 3413 3413 3485 3485 3413 3413 3486 3486 3485 3485 3413 3413 3414 3414 3486 3486 3414 3414 3487 3487 3486 3486 3414 3414 3415 3415 3487 3487 3415 3415 3488 3488 3487 3487 3415 3415 3416 3416 3488 3488 3416 3416 3489 3489 3488 3488 3416 3416 3417 3417 3489 3489 3417 3417 3490 3490 3489 3489 3417 3417 3418 3418 3490 3490 3418 3418 3491 3491 3490 3490 3418 3418 3419 3419 3491 3491 3419 3419 3492 3492 3491 3491 3419 3419 3420 3420 3492 3492 3420 3420 3493 3493 3492 3492 3420 3420 3421 3421 3493 3493 3421 3421 3494 3494 3493 3493 3421 3421 3422 3422 3494 3494 3422 3422 3495 3495 3494 3494 3422 3422 3423 3423 3495 3495 3423 3423 3496 3496 3495 3495 3423 3423 3424 3424 3496 3496 3424 3424 3497 3497 3496 3496 3424 3424 3425 3425 3497 3497 3425 3425 3498 3498 3497 3497 3425 3425 3426 3426 3498 3498 3426 3426 3499 3499 3498 3498 3426 3426 3427 3427 3499 3499 3427 3427 3500 3500 3499 3499 3427 3427 3428 3428 3500 3500 3428 3428 3501 3501 3500 3500 3428 3428 3429 3429 3501 3501 3429 3429 3502 3502 3501 3501 3429 3429 3430 3430 3502 3502 3430 3430 3503 3503 3502 3502 3431 3431 3432 3432 3504 3504 3432 3432 3505 3505 3504 3504 3432 3432 3433 3433 3505 3505 3433 3433 3506 3506 3505 3505 3433 3433 3434 3434 3506 3506 3434 3434 3507 3507 3506 3506 3434 3434 3435 3435 3507 3507 3435 3435 3508 3508 3507 3507 3435 3435 3436 3436 3508 3508 3436 3436 3509 3509 3508 3508 3436 3436 3437 3437 3509 3509 3437 3437 3510 3510 3509 3509 3437 3437 3438 3438 3510 3510 3438 3438 3511 3511 3510 3510 3438 3438 3439 3439 3511 3511 3439 3439 3512 3512 3511 3511 3439 3439 3440 3440 3512 3512 3440 3440 3513 3513 3512 3512 3440 3440 3441 3441 3513 3513 3441 3441 3514 3514 3513 3513 3441 3441 3442 3442 3514 3514 3442 3442 3515 3515 3514 3514 3442 3442 3443 3443 3515 3515 3443 3443 3516 3516 3515 3515 3443 3443 3444 3444 3516 3516 3444 3444 3517 3517 3516 3516 3444 3444 3445 3445 3517 3517 3445 3445 3518 3518 3517 3517 3445 3445 3446 3446 3518 3518 3446 3446 3519 3519 3518 3518 3446 3446 3447 3447 3519 3519 3447 3447 3520 3520 3519 3519 3447 3447 3448 3448 3520 3520 3448 3448 3521 3521 3520 3520 3448 3448 3449 3449 3521 3521 3449 3449 3522 3522 3521 3521 3449 3449 3450 3450 3522 3522 3450 3450 3523 3523 3522 3522 3450 3450 3451 3451 3523 3523 3451 3451 3524 3524 3523 3523 3451 3451 3452 3452 3524 3524 3452 3452 3525 3525 3524 3524 3452 3452 3453 3453 3525 3525 3453 3453 3526 3526 3525 3525 3453 3453 3454 3454 3526 3526 3454 3454 3527 3527 3526 3526 3454 3454 3455 3455 3527 3527 3455 3455 3528 3528 3527 3527 3455 3455 3456 3456 3528 3528 3456 3456 3529 3529 3528 3528 3456 3456 3457 3457 3529 3529 3457 3457 3530 3530 3529 3529 3457 3457 3458 3458 3530 3530 3458 3458 3531 3531 3530 3530 3458 3458 3459 3459 3531 3531 3459 3459 3532 3532 3531 3531 3459 3459 3460 3460 3532 3532 3460 3460 3533 3533 3532 3532 3460 3460 3461 3461 3533 3533 3461 3461 3534 3534 3533 3533 3461 3461 3462 3462 3534 3534 3462 3462 3535 3535 3534 3534 3462 3462 3463 3463 3535 3535 3463 3463 3536 3536 3535 3535 3463 3463 3464 3464 3536 3536 3464 3464 3537 3537 3536 3536 3464 3464 3465 3465 3537 3537 3465 3465 3538 3538 3537 3537 3465 3465 3466 3466 3538 3538 3466 3466 3539 3539 3538 3538 3466 3466 3467 3467 3539 3539 3467 3467 3540 3540 3539 3539 3467 3467 3468 3468 3540 3540 3468 3468 3541 3541 3540 3540 3468 3468 3469 3469 3541 3541 3469 3469 3542 3542 3541 3541 3469 3469 3470 3470 3542 3542 3470 3470 3543 3543 3542 3542 3470 3470 3471 3471 3543 3543 3471 3471 3544 3544 3543 3543 3471 3471 3472 3472 3544 3544 3472 3472 3545 3545 3544 3544 3472 3472 3473 3473 3545 3545 3473 3473 3546 3546 3545 3545 3473 3473 3474 3474 3546 3546 3474 3474 3547 3547 3546 3546 3474 3474 3475 3475 3547 3547 3475 3475 3548 3548 3547 3547 3475 3475 3476 3476 3548 3548 3476 3476 3549 3549 3548 3548 3476 3476 3477 3477 3549 3549 3477 3477 3550 3550 3549 3549 3477 3477 3478 3478 3550 3550 3478 3478 3551 3551 3550 3550 3478 3478 3479 3479 3551 3551 3479 3479 3552 3552 3551 3551 3479 3479 3480 3480 3552 3552 3480 3480 3553 3553 3552 3552 3480 3480 3481 3481 3553 3553 3481 3481 3554 3554 3553 3553 3481 3481 3482 3482 3554 3554 3482 3482 3555 3555 3554 3554 3482 3482 3483 3483 3555 3555 3483 3483 3556 3556 3555 3555 3483 3483 3484 3484 3556 3556 3484 3484 3557 3557 3556 3556 3484 3484 3485 3485 3557 3557 3485 3485 3558 3558 3557 3557 3485 3485 3486 3486 3558 3558 3486 3486 3559 3559 3558 3558 3486 3486 3487 3487 3559 3559 3487 3487 3560 3560 3559 3559 3487 3487 3488 3488 3560 3560 3488 3488 3561 3561 3560 3560 3488 3488 3489 3489 3561 3561 3489 3489 3562 3562 3561 3561 3489 3489 3490 3490 3562 3562 3490 3490 3563 3563 3562 3562 3490 3490 3491 3491 3563 3563 3491 3491 3564 3564 3563 3563 3491 3491 3492 3492 3564 3564 3492 3492 3565 3565 3564 3564 3492 3492 3493 3493 3565 3565 3493 3493 3566 3566 3565 3565 3493 3493 3494 3494 3566 3566 3494 3494 3567 3567 3566 3566 3494 3494 3495 3495 3567 3567 3495 3495 3568 3568 3567 3567 3495 3495 3496 3496 3568 3568 3496 3496 3569 3569 3568 3568 3496 3496 3497 3497 3569 3569 3497 3497 3570 3570 3569 3569 3497 3497 3498 3498 3570 3570 3498 3498 3571 3571 3570 3570 3498 3498 3499 3499 3571 3571 3499 3499 3572 3572 3571 3571 3499 3499 3500 3500 3572 3572 3500 3500 3573 3573 3572 3572 3500 3500 3501 3501 3573 3573 3501 3501 3574 3574 3573 3573 3501 3501 3502 3502 3574 3574 3502 3502 3575 3575 3574 3574 3502 3502 3503 3503 3575 3575 3503 3503 3576 3576 3575 3575 3504 3504 3505 3505 3577 3577 3505 3505 3578 3578 3577 3577 3505 3505 3506 3506 3578 3578 3506 3506 3579 3579 3578 3578 3506 3506 3507 3507 3579 3579 3507 3507 3580 3580 3579 3579 3507 3507 3508 3508 3580 3580 3508 3508 3581 3581 3580 3580 3508 3508 3509 3509 3581 3581 3509 3509 3582 3582 3581 3581 3509 3509 3510 3510 3582 3582 3510 3510 3583 3583 3582 3582 3510 3510 3511 3511 3583 3583 3511 3511 3584 3584 3583 3583 3511 3511 3512 3512 3584 3584 3512 3512 3585 3585 3584 3584 3512 3512 3513 3513 3585 3585 3513 3513 3586 3586 3585 3585 3513 3513 3514 3514 3586 3586 3514 3514 3587 3587 3586 3586 3514 3514 3515 3515 3587 3587 3515 3515 3588 3588 3587 3587 3515 3515 3516 3516 3588 3588 3516 3516 3589 3589 3588 3588 3516 3516 3517 3517 3589 3589 3517 3517 3590 3590 3589 3589 3517 3517 3518 3518 3590 3590 3518 3518 3591 3591 3590 3590 3518 3518 3519 3519 3591 3591 3519 3519 3592 3592 3591 3591 3519 3519 3520 3520 3592 3592 3520 3520 3593 3593 3592 3592 3520 3520 3521 3521 3593 3593 3521 3521 3594 3594 3593 3593 3521 3521 3522 3522 3594 3594 3522 3522 3595 3595 3594 3594 3522 3522 3523 3523 3595 3595 3523 3523 3596 3596 3595 3595 3523 3523 3524 3524 3596 3596 3524 3524 3597 3597 3596 3596 3524 3524 3525 3525 3597 3597 3525 3525 3598 3598 3597 3597 3525 3525 3526 3526 3598 3598 3526 3526 3599 3599 3598 3598 3526 3526 3527 3527 3599 3599 3527 3527 3600 3600 3599 3599 3527 3527 3528 3528 3600 3600 3528 3528 3601 3601 3600 3600 3528 3528 3529 3529 3601 3601 3529 3529 3602 3602 3601 3601 3529 3529 3530 3530 3602 3602 3530 3530 3603 3603 3602 3602 3530 3530 3531 3531 3603 3603 3531 3531 3604 3604 3603 3603 3531 3531 3532 3532 3604 3604 3532 3532 3605 3605 3604 3604 3532 3532 3533 3533 3605 3605 3533 3533 3606 3606 3605 3605 3533 3533 3534 3534 3606 3606 3534 3534 3607 3607 3606 3606 3534 3534 3535 3535 3607 3607 3535 3535 3608 3608 3607 3607 3535 3535 3536 3536 3608 3608 3536 3536 3609 3609 3608 3608 3536 3536 3537 3537 3609 3609 3537 3537 3610 3610 3609 3609 3537 3537 3538 3538 3610 3610 3538 3538 3611 3611 3610 3610 3538 3538 3539 3539 3611 3611 3539 3539 3612 3612 3611 3611 3539 3539 3540 3540 3612 3612 3540 3540 3613 3613 3612 3612 3540 3540 3541 3541 3613 3613 3541 3541 3614 3614 3613 3613 3541 3541 3542 3542 3614 3614 3542 3542 3615 3615 3614 3614 3542 3542 3543 3543 3615 3615 3543 3543 3616 3616 3615 3615 3543 3543 3544 3544 3616 3616 3544 3544 3617 3617 3616 3616 3544 3544 3545 3545 3617 3617 3545 3545 3618 3618 3617 3617 3545 3545 3546 3546 3618 3618 3546 3546 3619 3619 3618 3618 3546 3546 3547 3547 3619 3619 3547 3547 3620 3620 3619 3619 3547 3547 3548 3548 3620 3620 3548 3548 3621 3621 3620 3620 3548 3548 3549 3549 3621 3621 3549 3549 3622 3622 3621 3621 3549 3549 3550 3550 3622 3622 3550 3550 3623 3623 3622 3622 3550 3550 3551 3551 3623 3623 3551 3551 3624 3624 3623 3623 3551 3551 3552 3552 3624 3624 3552 3552 3625 3625 3624 3624 3552 3552 3553 3553 3625 3625 3553 3553 3626 3626 3625 3625 3553 3553 3554 3554 3626 3626 3554 3554 3627 3627 3626 3626 3554 3554 3555 3555 3627 3627 3555 3555 3628 3628 3627 3627 3555 3555 3556 3556 3628 3628 3556 3556 3629 3629 3628 3628 3556 3556 3557 3557 3629 3629 3557 3557 3630 3630 3629 3629 3557 3557 3558 3558 3630 3630 3558 3558 3631 3631 3630 3630 3558 3558 3559 3559 3631 3631 3559 3559 3632 3632 3631 3631 3559 3559 3560 3560 3632 3632 3560 3560 3633 3633 3632 3632 3560 3560 3561 3561 3633 3633 3561 3561 3634 3634 3633 3633 3561 3561 3562 3562 3634 3634 3562 3562 3635 3635 3634 3634 3562 3562 3563 3563 3635 3635 3563 3563 3636 3636 3635 3635 3563 3563 3564 3564 3636 3636 3564 3564 3637 3637 3636 3636 3564 3564 3565 3565 3637 3637 3565 3565 3638 3638 3637 3637 3565 3565 3566 3566 3638 3638 3566 3566 3639 3639 3638 3638 3566 3566 3567 3567 3639 3639 3567 3567 3640 3640 3639 3639 3567 3567 3568 3568 3640 3640 3568 3568 3641 3641 3640 3640 3568 3568 3569 3569 3641 3641 3569 3569 3642 3642 3641 3641 3569 3569 3570 3570 3642 3642 3570 3570 3643 3643 3642 3642 3570 3570 3571 3571 3643 3643 3571 3571 3644 3644 3643 3643 3571 3571 3572 3572 3644 3644 3572 3572 3645 3645 3644 3644 3572 3572 3573 3573 3645 3645 3573 3573 3646 3646 3645 3645 3573 3573 3574 3574 3646 3646 3574 3574 3647 3647 3646 3646 3574 3574 3575 3575 3647 3647 3575 3575 3648 3648 3647 3647 3575 3575 3576 3576 3648 3648 3576 3576 3649 3649 3648 3648 3577 3577 3578 3578 3650 3650 3578 3578 3651 3651 3650 3650 3578 3578 3579 3579 3651 3651 3579 3579 3652 3652 3651 3651 3579 3579 3580 3580 3652 3652 3580 3580 3653 3653 3652 3652 3580 3580 3581 3581 3653 3653 3581 3581 3654 3654 3653 3653 3581 3581 3582 3582 3654 3654 3582 3582 3655 3655 3654 3654 3582 3582 3583 3583 3655 3655 3583 3583 3656 3656 3655 3655 3583 3583 3584 3584 3656 3656 3584 3584 3657 3657 3656 3656 3584 3584 3585 3585 3657 3657 3585 3585 3658 3658 3657 3657 3585 3585 3586 3586 3658 3658 3586 3586 3659 3659 3658 3658 3586 3586 3587 3587 3659 3659 3587 3587 3660 3660 3659 3659 3587 3587 3588 3588 3660 3660 3588 3588 3661 3661 3660 3660 3588 3588 3589 3589 3661 3661 3589 3589 3662 3662 3661 3661 3589 3589 3590 3590 3662 3662 3590 3590 3663 3663 3662 3662 3590 3590 3591 3591 3663 3663 3591 3591 3664 3664 3663 3663 3591 3591 3592 3592 3664 3664 3592 3592 3665 3665 3664 3664 3592 3592 3593 3593 3665 3665 3593 3593 3666 3666 3665 3665 3593 3593 3594 3594 3666 3666 3594 3594 3667 3667 3666 3666 3594 3594 3595 3595 3667 3667 3595 3595 3668 3668 3667 3667 3595 3595 3596 3596 3668 3668 3596 3596 3669 3669 3668 3668 3596 3596 3597 3597 3669 3669 3597 3597 3670 3670 3669 3669 3597 3597 3598 3598 3670 3670 3598 3598 3671 3671 3670 3670 3598 3598 3599 3599 3671 3671 3599 3599 3672 3672 3671 3671 3599 3599 3600 3600 3672 3672 3600 3600 3673 3673 3672 3672 3600 3600 3601 3601 3673 3673 3601 3601 3674 3674 3673 3673 3601 3601 3602 3602 3674 3674 3602 3602 3675 3675 3674 3674 3602 3602 3603 3603 3675 3675 3603 3603 3676 3676 3675 3675 3603 3603 3604 3604 3676 3676 3604 3604 3677 3677 3676 3676 3604 3604 3605 3605 3677 3677 3605 3605 3678 3678 3677 3677 3605 3605 3606 3606 3678 3678 3606 3606 3679 3679 3678 3678 3606 3606 3607 3607 3679 3679 3607 3607 3680 3680 3679 3679 3607 3607 3608 3608 3680 3680 3608 3608 3681 3681 3680 3680 3608 3608 3609 3609 3681 3681 3609 3609 3682 3682 3681 3681 3609 3609 3610 3610 3682 3682 3610 3610 3683 3683 3682 3682 3610 3610 3611 3611 3683 3683 3611 3611 3684 3684 3683 3683 3611 3611 3612 3612 3684 3684 3612 3612 3685 3685 3684 3684 3612 3612 3613 3613 3685 3685 3613 3613 3686 3686 3685 3685 3613 3613 3614 3614 3686 3686 3614 3614 3687 3687 3686 3686 3614 3614 3615 3615 3687 3687 3615 3615 3688 3688 3687 3687 3615 3615 3616 3616 3688 3688 3616 3616 3689 3689 3688 3688 3616 3616 3617 3617 3689 3689 3617 3617 3690 3690 3689 3689 3617 3617 3618 3618 3690 3690 3618 3618 3691 3691 3690 3690 3618 3618 3619 3619 3691 3691 3619 3619 3692 3692 3691 3691 3619 3619 3620 3620 3692 3692 3620 3620 3693 3693 3692 3692 3620 3620 3621 3621 3693 3693 3621 3621 3694 3694 3693 3693 3621 3621 3622 3622 3694 3694 3622 3622 3695 3695 3694 3694 3622 3622 3623 3623 3695 3695 3623 3623 3696 3696 3695 3695 3623 3623 3624 3624 3696 3696 3624 3624 3697 3697 3696 3696 3624 3624 3625 3625 3697 3697 3625 3625 3698 3698 3697 3697 3625 3625 3626 3626 3698 3698 3626 3626 3699 3699 3698 3698 3626 3626 3627 3627 3699 3699 3627 3627 3700 3700 3699 3699 3627 3627 3628 3628 3700 3700 3628 3628 3701 3701 3700 3700 3628 3628 3629 3629 3701 3701 3629 3629 3702 3702 3701 3701 3629 3629 3630 3630 3702 3702 3630 3630 3703 3703 3702 3702 3630 3630 3631 3631 3703 3703 3631 3631 3704 3704 3703 3703 3631 3631 3632 3632 3704 3704 3632 3632 3705 3705 3704 3704 3632 3632 3633 3633 3705 3705 3633 3633 3706 3706 3705 3705 3633 3633 3634 3634 3706 3706 3634 3634 3707 3707 3706 3706 3634 3634 3635 3635 3707 3707 3635 3635 3708 3708 3707 3707 3635 3635 3636 3636 3708 3708 3636 3636 3709 3709 3708 3708 3636 3636 3637 3637 3709 3709 3637 3637 3710 3710 3709 3709 3637 3637 3638 3638 3710 3710 3638 3638 3711 3711 3710 3710 3638 3638 3639 3639 3711 3711 3639 3639 3712 3712 3711 3711 3639 3639 3640 3640 3712 3712 3640 3640 3713 3713 3712 3712 3640 3640 3641 3641 3713 3713 3641 3641 3714 3714 3713 3713 3641 3641 3642 3642 3714 3714 3642 3642 3715 3715 3714 3714 3642 3642 3643 3643 3715 3715 3643 3643 3716 3716 3715 3715 3643 3643 3644 3644 3716 3716 3644 3644 3717 3717 3716 3716 3644 3644 3645 3645 3717 3717 3645 3645 3718 3718 3717 3717 3645 3645 3646 3646 3718 3718 3646 3646 3719 3719 3718 3718 3646 3646 3647 3647 3719 3719 3647 3647 3720 3720 3719 3719 3647 3647 3648 3648 3720 3720 3648 3648 3721 3721 3720 3720 3648 3648 3649 3649 3721 3721 3649 3649 3722 3722 3721 3721 3650 3650 3651 3651 3723 3723 3651 3651 3724 3724 3723 3723 3651 3651 3652 3652 3724 3724 3652 3652 3725 3725 3724 3724 3652 3652 3653 3653 3725 3725 3653 3653 3726 3726 3725 3725 3653 3653 3654 3654 3726 3726 3654 3654 3727 3727 3726 3726 3654 3654 3655 3655 3727 3727 3655 3655 3728 3728 3727 3727 3655 3655 3656 3656 3728 3728 3656 3656 3729 3729 3728 3728 3656 3656 3657 3657 3729 3729 3657 3657 3730 3730 3729 3729 3657 3657 3658 3658 3730 3730 3658 3658 3731 3731 3730 3730 3658 3658 3659 3659 3731 3731 3659 3659 3732 3732 3731 3731 3659 3659 3660 3660 3732 3732 3660 3660 3733 3733 3732 3732 3660 3660 3661 3661 3733 3733 3661 3661 3734 3734 3733 3733 3661 3661 3662 3662 3734 3734 3662 3662 3735 3735 3734 3734 3662 3662 3663 3663 3735 3735 3663 3663 3736 3736 3735 3735 3663 3663 3664 3664 3736 3736 3664 3664 3737 3737 3736 3736 3664 3664 3665 3665 3737 3737 3665 3665 3738 3738 3737 3737 3665 3665 3666 3666 3738 3738 3666 3666 3739 3739 3738 3738 3666 3666 3667 3667 3739 3739 3667 3667 3740 3740 3739 3739 3667 3667 3668 3668 3740 3740 3668 3668 3741 3741 3740 3740 3668 3668 3669 3669 3741 3741 3669 3669 3742 3742 3741 3741 3669 3669 3670 3670 3742 3742 3670 3670 3743 3743 3742 3742 3670 3670 3671 3671 3743 3743 3671 3671 3744 3744 3743 3743 3671 3671 3672 3672 3744 3744 3672 3672 3745 3745 3744 3744 3672 3672 3673 3673 3745 3745 3673 3673 3746 3746 3745 3745 3673 3673 3674 3674 3746 3746 3674 3674 3747 3747 3746 3746 3674 3674 3675 3675 3747 3747 3675 3675 3748 3748 3747 3747 3675 3675 3676 3676 3748 3748 3676 3676 3749 3749 3748 3748 3676 3676 3677 3677 3749 3749 3677 3677 3750 3750 3749 3749 3677 3677 3678 3678 3750 3750 3678 3678 3751 3751 3750 3750 3678 3678 3679 3679 3751 3751 3679 3679 3752 3752 3751 3751 3679 3679 3680 3680 3752 3752 3680 3680 3753 3753 3752 3752 3680 3680 3681 3681 3753 3753 3681 3681 3754 3754 3753 3753 3681 3681 3682 3682 3754 3754 3682 3682 3755 3755 3754 3754 3682 3682 3683 3683 3755 3755 3683 3683 3756 3756 3755 3755 3683 3683 3684 3684 3756 3756 3684 3684 3757 3757 3756 3756 3684 3684 3685 3685 3757 3757 3685 3685 3758 3758 3757 3757 3685 3685 3686 3686 3758 3758 3686 3686 3759 3759 3758 3758 3686 3686 3687 3687 3759 3759 3687 3687 3760 3760 3759 3759 3687 3687 3688 3688 3760 3760 3688 3688 3761 3761 3760 3760 3688 3688 3689 3689 3761 3761 3689 3689 3762 3762 3761 3761 3689 3689 3690 3690 3762 3762 3690 3690 3763 3763 3762 3762 3690 3690 3691 3691 3763 3763 3691 3691 3764 3764 3763 3763 3691 3691 3692 3692 3764 3764 3692 3692 3765 3765 3764 3764 3692 3692 3693 3693 3765 3765 3693 3693 3766 3766 3765 3765 3693 3693 3694 3694 3766 3766 3694 3694 3767 3767 3766 3766 3694 3694 3695 3695 3767 3767 3695 3695 3768 3768 3767 3767 3695 3695 3696 3696 3768 3768 3696 3696 3769 3769 3768 3768 3696 3696 3697 3697 3769 3769 3697 3697 3770 3770 3769 3769 3697 3697 3698 3698 3770 3770 3698 3698 3771 3771 3770 3770 3698 3698 3699 3699 3771 3771 3699 3699 3772 3772 3771 3771 3699 3699 3700 3700 3772 3772 3700 3700 3773 3773 3772 3772 3700 3700 3701 3701 3773 3773 3701 3701 3774 3774 3773 3773 3701 3701 3702 3702 3774 3774 3702 3702 3775 3775 3774 3774 3702 3702 3703 3703 3775 3775 3703 3703 3776 3776 3775 3775 3703 3703 3704 3704 3776 3776 3704 3704 3777 3777 3776 3776 3704 3704 3705 3705 3777 3777 3705 3705 3778 3778 3777 3777 3705 3705 3706 3706 3778 3778 3706 3706 3779 3779 3778 3778 3706 3706 3707 3707 3779 3779 3707 3707 3780 3780 3779 3779 3707 3707 3708 3708 3780 3780 3708 3708 3781 3781 3780 3780 3708 3708 3709 3709 3781 3781 3709 3709 3782 3782 3781 3781 3709 3709 3710 3710 3782 3782 3710 3710 3783 3783 3782 3782 3710 3710 3711 3711 3783 3783 3711 3711 3784 3784 3783 3783 3711 3711 3712 3712 3784 3784 3712 3712 3785 3785 3784 3784 3712 3712 3713 3713 3785 3785 3713 3713 3786 3786 3785 3785 3713 3713 3714 3714 3786 3786 3714 3714 3787 3787 3786 3786 3714 3714 3715 3715 3787 3787 3715 3715 3788 3788 3787 3787 3715 3715 3716 3716 3788 3788 3716 3716 3789 3789 3788 3788 3716 3716 3717 3717 3789 3789 3717 3717 3790 3790 3789 3789 3717 3717 3718 3718 3790 3790 3718 3718 3791 3791 3790 3790 3718 3718 3719 3719 3791 3791 3719 3719 3792 3792 3791 3791 3719 3719 3720 3720 3792 3792 3720 3720 3793 3793 3792 3792 3720 3720 3721 3721 3793 3793 3721 3721 3794 3794 3793 3793 3721 3721 3722 3722 3794 3794 3722 3722 3795 3795 3794 3794 3723 3723 3724 3724 3796 3796 3724 3724 3797 3797 3796 3796 3724 3724 3725 3725 3797 3797 3725 3725 3798 3798 3797 3797 3725 3725 3726 3726 3798 3798 3726 3726 3799 3799 3798 3798 3726 3726 3727 3727 3799 3799 3727 3727 3800 3800 3799 3799 3727 3727 3728 3728 3800 3800 3728 3728 3801 3801 3800 3800 3728 3728 3729 3729 3801 3801 3729 3729 3802 3802 3801 3801 3729 3729 3730 3730 3802 3802 3730 3730 3803 3803 3802 3802 3730 3730 3731 3731 3803 3803 3731 3731 3804 3804 3803 3803 3731 3731 3732 3732 3804 3804 3732 3732 3805 3805 3804 3804 3732 3732 3733 3733 3805 3805 3733 3733 3806 3806 3805 3805 3733 3733 3734 3734 3806 3806 3734 3734 3807 3807 3806 3806 3734 3734 3735 3735 3807 3807 3735 3735 3808 3808 3807 3807 3735 3735 3736 3736 3808 3808 3736 3736 3809 3809 3808 3808 3736 3736 3737 3737 3809 3809 3737 3737 3810 3810 3809 3809 3737 3737 3738 3738 3810 3810 3738 3738 3811 3811 3810 3810 3738 3738 3739 3739 3811 3811 3739 3739 3812 3812 3811 3811 3739 3739 3740 3740 3812 3812 3740 3740 3813 3813 3812 3812 3740 3740 3741 3741 3813 3813 3741 3741 3814 3814 3813 3813 3741 3741 3742 3742 3814 3814 3742 3742 3815 3815 3814 3814 3742 3742 3743 3743 3815 3815 3743 3743 3816 3816 3815 3815 3743 3743 3744 3744 3816 3816 3744 3744 3817 3817 3816 3816 3744 3744 3745 3745 3817 3817 3745 3745 3818 3818 3817 3817 3745 3745 3746 3746 3818 3818 3746 3746 3819 3819 3818 3818 3746 3746 3747 3747 3819 3819 3747 3747 3820 3820 3819 3819 3747 3747 3748 3748 3820 3820 3748 3748 3821 3821 3820 3820 3748 3748 3749 3749 3821 3821 3749 3749 3822 3822 3821 3821 3749 3749 3750 3750 3822 3822 3750 3750 3823 3823 3822 3822 3750 3750 3751 3751 3823 3823 3751 3751 3824 3824 3823 3823 3751 3751 3752 3752 3824 3824 3752 3752 3825 3825 3824 3824 3752 3752 3753 3753 3825 3825 3753 3753 3826 3826 3825 3825 3753 3753 3754 3754 3826 3826 3754 3754 3827 3827 3826 3826 3754 3754 3755 3755 3827 3827 3755 3755 3828 3828 3827 3827 3755 3755 3756 3756 3828 3828 3756 3756 3829 3829 3828 3828 3756 3756 3757 3757 3829 3829 3757 3757 3830 3830 3829 3829 3757 3757 3758 3758 3830 3830 3758 3758 3831 3831 3830 3830 3758 3758 3759 3759 3831 3831 3759 3759 3832 3832 3831 3831 3759 3759 3760 3760 3832 3832 3760 3760 3833 3833 3832 3832 3760 3760 3761 3761 3833 3833 3761 3761 3834 3834 3833 3833 3761 3761 3762 3762 3834 3834 3762 3762 3835 3835 3834 3834 3762 3762 3763 3763 3835 3835 3763 3763 3836 3836 3835 3835 3763 3763 3764 3764 3836 3836 3764 3764 3837 3837 3836 3836 3764 3764 3765 3765 3837 3837 3765 3765 3838 3838 3837 3837 3765 3765 3766 3766 3838 3838 3766 3766 3839 3839 3838 3838 3766 3766 3767 3767 3839 3839 3767 3767 3840 3840 3839 3839 3767 3767 3768 3768 3840 3840 3768 3768 3841 3841 3840 3840 3768 3768 3769 3769 3841 3841 3769 3769 3842 3842 3841 3841 3769 3769 3770 3770 3842 3842 3770 3770 3843 3843 3842 3842 3770 3770 3771 3771 3843 3843 3771 3771 3844 3844 3843 3843 3771 3771 3772 3772 3844 3844 3772 3772 3845 3845 3844 3844 3772 3772 3773 3773 3845 3845 3773 3773 3846 3846 3845 3845 3773 3773 3774 3774 3846 3846 3774 3774 3847 3847 3846 3846 3774 3774 3775 3775 3847 3847 3775 3775 3848 3848 3847 3847 3775 3775 3776 3776 3848 3848 3776 3776 3849 3849 3848 3848 3776 3776 3777 3777 3849 3849 3777 3777 3850 3850 3849 3849 3777 3777 3778 3778 3850 3850 3778 3778 3851 3851 3850 3850 3778 3778 3779 3779 3851 3851 3779 3779 3852 3852 3851 3851 3779 3779 3780 3780 3852 3852 3780 3780 3853 3853 3852 3852 3780 3780 3781 3781 3853 3853 3781 3781 3854 3854 3853 3853 3781 3781 3782 3782 3854 3854 3782 3782 3855 3855 3854 3854 3782 3782 3783 3783 3855 3855 3783 3783 3856 3856 3855 3855 3783 3783 3784 3784 3856 3856 3784 3784 3857 3857 3856 3856 3784 3784 3785 3785 3857 3857 3785 3785 3858 3858 3857 3857 3785 3785 3786 3786 3858 3858 3786 3786 3859 3859 3858 3858 3786 3786 3787 3787 3859 3859 3787 3787 3860 3860 3859 3859 3787 3787 3788 3788 3860 3860 3788 3788 3861 3861 3860 3860 3788 3788 3789 3789 3861 3861 3789 3789 3862 3862 3861 3861 3789 3789 3790 3790 3862 3862 3790 3790 3863 3863 3862 3862 3790 3790 3791 3791 3863 3863 3791 3791 3864 3864 3863 3863 3791 3791 3792 3792 3864 3864 3792 3792 3865 3865 3864 3864 3792 3792 3793 3793 3865 3865 3793 3793 3866 3866 3865 3865 3793 3793 3794 3794 3866 3866 3794 3794 3867 3867 3866 3866 3794 3794 3795 3795 3867 3867 3795 3795 3868 3868 3867 3867 3796 3796 3797 3797 3869 3869 3797 3797 3870 3870 3869 3869 3797 3797 3798 3798 3870 3870 3798 3798 3871 3871 3870 3870 3798 3798 3799 3799 3871 3871 3799 3799 3872 3872 3871 3871 3799 3799 3800 3800 3872 3872 3800 3800 3873 3873 3872 3872 3800 3800 3801 3801 3873 3873 3801 3801 3874 3874 3873 3873 3801 3801 3802 3802 3874 3874 3802 3802 3875 3875 3874 3874 3802 3802 3803 3803 3875 3875 3803 3803 3876 3876 3875 3875 3803 3803 3804 3804 3876 3876 3804 3804 3877 3877 3876 3876 3804 3804 3805 3805 3877 3877 3805 3805 3878 3878 3877 3877 3805 3805 3806 3806 3878 3878 3806 3806 3879 3879 3878 3878 3806 3806 3807 3807 3879 3879 3807 3807 3880 3880 3879 3879 3807 3807 3808 3808 3880 3880 3808 3808 3881 3881 3880 3880 3808 3808 3809 3809 3881 3881 3809 3809 3882 3882 3881 3881 3809 3809 3810 3810 3882 3882 3810 3810 3883 3883 3882 3882 3810 3810 3811 3811 3883 3883 3811 3811 3884 3884 3883 3883 3811 3811 3812 3812 3884 3884 3812 3812 3885 3885 3884 3884 3812 3812 3813 3813 3885 3885 3813 3813 3886 3886 3885 3885 3813 3813 3814 3814 3886 3886 3814 3814 3887 3887 3886 3886 3814 3814 3815 3815 3887 3887 3815 3815 3888 3888 3887 3887 3815 3815 3816 3816 3888 3888 3816 3816 3889 3889 3888 3888 3816 3816 3817 3817 3889 3889 3817 3817 3890 3890 3889 3889 3817 3817 3818 3818 3890 3890 3818 3818 3891 3891 3890 3890 3818 3818 3819 3819 3891 3891 3819 3819 3892 3892 3891 3891 3819 3819 3820 3820 3892 3892 3820 3820 3893 3893 3892 3892 3820 3820 3821 3821 3893 3893 3821 3821 3894 3894 3893 3893 3821 3821 3822 3822 3894 3894 3822 3822 3895 3895 3894 3894 3822 3822 3823 3823 3895 3895 3823 3823 3896 3896 3895 3895 3823 3823 3824 3824 3896 3896 3824 3824 3897 3897 3896 3896 3824 3824 3825 3825 3897 3897 3825 3825 3898 3898 3897 3897 3825 3825 3826 3826 3898 3898 3826 3826 3899 3899 3898 3898 3826 3826 3827 3827 3899 3899 3827 3827 3900 3900 3899 3899 3827 3827 3828 3828 3900 3900 3828 3828 3901 3901 3900 3900 3828 3828 3829 3829 3901 3901 3829 3829 3902 3902 3901 3901 3829 3829 3830 3830 3902 3902 3830 3830 3903 3903 3902 3902 3830 3830 3831 3831 3903 3903 3831 3831 3904 3904 3903 3903 3831 3831 3832 3832 3904 3904 3832 3832 3905 3905 3904 3904 3832 3832 3833 3833 3905 3905 3833 3833 3906 3906 3905 3905 3833 3833 3834 3834 3906 3906 3834 3834 3907 3907 3906 3906 3834 3834 3835 3835 3907 3907 3835 3835 3908 3908 3907 3907 3835 3835 3836 3836 3908 3908 3836 3836 3909 3909 3908 3908 3836 3836 3837 3837 3909 3909 3837 3837 3910 3910 3909 3909 3837 3837 3838 3838 3910 3910 3838 3838 3911 3911 3910 3910 3838 3838 3839 3839 3911 3911 3839 3839 3912 3912 3911 3911 3839 3839 3840 3840 3912 3912 3840 3840 3913 3913 3912 3912 3840 3840 3841 3841 3913 3913 3841 3841 3914 3914 3913 3913 3841 3841 3842 3842 3914 3914 3842 3842 3915 3915 3914 3914 3842 3842 3843 3843 3915 3915 3843 3843 3916 3916 3915 3915 3843 3843 3844 3844 3916 3916 3844 3844 3917 3917 3916 3916 3844 3844 3845 3845 3917 3917 3845 3845 3918 3918 3917 3917 3845 3845 3846 3846 3918 3918 3846 3846 3919 3919 3918 3918 3846 3846 3847 3847 3919 3919 3847 3847 3920 3920 3919 3919 3847 3847 3848 3848 3920 3920 3848 3848 3921 3921 3920 3920 3848 3848 3849 3849 3921 3921 3849 3849 3922 3922 3921 3921 3849 3849 3850 3850 3922 3922 3850 3850 3923 3923 3922 3922 3850 3850 3851 3851 3923 3923 3851 3851 3924 3924 3923 3923 3851 3851 3852 3852 3924 3924 3852 3852 3925 3925 3924 3924 3852 3852 3853 3853 3925 3925 3853 3853 3926 3926 3925 3925 3853 3853 3854 3854 3926 3926 3854 3854 3927 3927 3926 3926 3854 3854 3855 3855 3927 3927 3855 3855 3928 3928 3927 3927 3855 3855 3856 3856 3928 3928 3856 3856 3929 3929 3928 3928 3856 3856 3857 3857 3929 3929 3857 3857 3930 3930 3929 3929 3857 3857 3858 3858 3930 3930 3858 3858 3931 3931 3930 3930 3858 3858 3859 3859 3931 3931 3859 3859 3932 3932 3931 3931 3859 3859 3860 3860 3932 3932 3860 3860 3933 3933 3932 3932 3860 3860 3861 3861 3933 3933 3861 3861 3934 3934 3933 3933 3861 3861 3862 3862 3934 3934 3862 3862 3935 3935 3934 3934 3862 3862 3863 3863 3935 3935 3863 3863 3936 3936 3935 3935 3863 3863 3864 3864 3936 3936 3864 3864 3937 3937 3936 3936 3864 3864 3865 3865 3937 3937 3865 3865 3938 3938 3937 3937 3865 3865 3866 3866 3938 3938 3866 3866 3939 3939 3938 3938 3866 3866 3867 3867 3939 3939 3867 3867 3940 3940 3939 3939 3867 3867 3868 3868 3940 3940 3868 3868 3941 3941 3940 3940 3869 3869 3870 3870 3942 3942 3870 3870 3943 3943 3942 3942 3870 3870 3871 3871 3943 3943 3871 3871 3944 3944 3943 3943 3871 3871 3872 3872 3944 3944 3872 3872 3945 3945 3944 3944 3872 3872 3873 3873 3945 3945 3873 3873 3946 3946 3945 3945 3873 3873 3874 3874 3946 3946 3874 3874 3947 3947 3946 3946 3874 3874 3875 3875 3947 3947 3875 3875 3948 3948 3947 3947 3875 3875 3876 3876 3948 3948 3876 3876 3949 3949 3948 3948 3876 3876 3877 3877 3949 3949 3877 3877 3950 3950 3949 3949 3877 3877 3878 3878 3950 3950 3878 3878 3951 3951 3950 3950 3878 3878 3879 3879 3951 3951 3879 3879 3952 3952 3951 3951 3879 3879 3880 3880 3952 3952 3880 3880 3953 3953 3952 3952 3880 3880 3881 3881 3953 3953 3881 3881 3954 3954 3953 3953 3881 3881 3882 3882 3954 3954 3882 3882 3955 3955 3954 3954 3882 3882 3883 3883 3955 3955 3883 3883 3956 3956 3955 3955 3883 3883 3884 3884 3956 3956 3884 3884 3957 3957 3956 3956 3884 3884 3885 3885 3957 3957 3885 3885 3958 3958 3957 3957 3885 3885 3886 3886 3958 3958 3886 3886 3959 3959 3958 3958 3886 3886 3887 3887 3959 3959 3887 3887 3960 3960 3959 3959 3887 3887 3888 3888 3960 3960 3888 3888 3961 3961 3960 3960 3888 3888 3889 3889 3961 3961 3889 3889 3962 3962 3961 3961 3889 3889 3890 3890 3962 3962 3890 3890 3963 3963 3962 3962 3890 3890 3891 3891 3963 3963 3891 3891 3964 3964 3963 3963 3891 3891 3892 3892 3964 3964 3892 3892 3965 3965 3964 3964 3892 3892 3893 3893 3965 3965 3893 3893 3966 3966 3965 3965 3893 3893 3894 3894 3966 3966 3894 3894 3967 3967 3966 3966 3894 3894 3895 3895 3967 3967 3895 3895 3968 3968 3967 3967 3895 3895 3896 3896 3968 3968 3896 3896 3969 3969 3968 3968 3896 3896 3897 3897 3969 3969 3897 3897 3970 3970 3969 3969 3897 3897 3898 3898 3970 3970 3898 3898 3971 3971 3970 3970 3898 3898 3899 3899 3971 3971 3899 3899 3972 3972 3971 3971 3899 3899 3900 3900 3972 3972 3900 3900 3973 3973 3972 3972 3900 3900 3901 3901 3973 3973 3901 3901 3974 3974 3973 3973 3901 3901 3902 3902 3974 3974 3902 3902 3975 3975 3974 3974 3902 3902 3903 3903 3975 3975 3903 3903 3976 3976 3975 3975 3903 3903 3904 3904 3976 3976 3904 3904 3977 3977 3976 3976 3904 3904 3905 3905 3977 3977 3905 3905 3978 3978 3977 3977 3905 3905 3906 3906 3978 3978 3906 3906 3979 3979 3978 3978 3906 3906 3907 3907 3979 3979 3907 3907 3980 3980 3979 3979 3907 3907 3908 3908 3980 3980 3908 3908 3981 3981 3980 3980 3908 3908 3909 3909 3981 3981 3909 3909 3982 3982 3981 3981 3909 3909 3910 3910 3982 3982 3910 3910 3983 3983 3982 3982 3910 3910 3911 3911 3983 3983 3911 3911 3984 3984 3983 3983 3911 3911 3912 3912 3984 3984 3912 3912 3985 3985 3984 3984 3912 3912 3913 3913 3985 3985 3913 3913 3986 3986 3985 3985 3913 3913 3914 3914 3986 3986 3914 3914 3987 3987 3986 3986 3914 3914 3915 3915 3987 3987 3915 3915 3988 3988 3987 3987 3915 3915 3916 3916 3988 3988 3916 3916 3989 3989 3988 3988 3916 3916 3917 3917 3989 3989 3917 3917 3990 3990 3989 3989 3917 3917 3918 3918 3990 3990 3918 3918 3991 3991 3990 3990 3918 3918 3919 3919 3991 3991 3919 3919 3992 3992 3991 3991 3919 3919 3920 3920 3992 3992 3920 3920 3993 3993 3992 3992 3920 3920 3921 3921 3993 3993 3921 3921 3994 3994 3993 3993 3921 3921 3922 3922 3994 3994 3922 3922 3995 3995 3994 3994 3922 3922 3923 3923 3995 3995 3923 3923 3996 3996 3995 3995 3923 3923 3924 3924 3996 3996 3924 3924 3997 3997 3996 3996 3924 3924 3925 3925 3997 3997 3925 3925 3998 3998 3997 3997 3925 3925 3926 3926 3998 3998 3926 3926 3999 3999 3998 3998 3926 3926 3927 3927 3999 3999 3927 3927 4000 4000 3999 3999 3927 3927 3928 3928 4000 4000 3928 3928 4001 4001 4000 4000 3928 3928 3929 3929 4001 4001 3929 3929 4002 4002 4001 4001 3929 3929 3930 3930 4002 4002 3930 3930 4003 4003 4002 4002 3930 3930 3931 3931 4003 4003 3931 3931 4004 4004 4003 4003 3931 3931 3932 3932 4004 4004 3932 3932 4005 4005 4004 4004 3932 3932 3933 3933 4005 4005 3933 3933 4006 4006 4005 4005 3933 3933 3934 3934 4006 4006 3934 3934 4007 4007 4006 4006 3934 3934 3935 3935 4007 4007 3935 3935 4008 4008 4007 4007 3935 3935 3936 3936 4008 4008 3936 3936 4009 4009 4008 4008 3936 3936 3937 3937 4009 4009 3937 3937 4010 4010 4009 4009 3937 3937 3938 3938 4010 4010 3938 3938 4011 4011 4010 4010 3938 3938 3939 3939 4011 4011 3939 3939 4012 4012 4011 4011 3939 3939 3940 3940 4012 4012 3940 3940 4013 4013 4012 4012 3940 3940 3941 3941 4013 4013 3941 3941 4014 4014 4013 4013 3942 3942 3943 3943 4015 4015 3943 3943 4016 4016 4015 4015 3943 3943 3944 3944 4016 4016 3944 3944 4017 4017 4016 4016 3944 3944 3945 3945 4017 4017 3945 3945 4018 4018 4017 4017 3945 3945 3946 3946 4018 4018 3946 3946 4019 4019 4018 4018 3946 3946 3947 3947 4019 4019 3947 3947 4020 4020 4019 4019 3947 3947 3948 3948 4020 4020 3948 3948 4021 4021 4020 4020 3948 3948 3949 3949 4021 4021 3949 3949 4022 4022 4021 4021 3949 3949 3950 3950 4022 4022 3950 3950 4023 4023 4022 4022 3950 3950 3951 3951 4023 4023 3951 3951 4024 4024 4023 4023 3951 3951 3952 3952 4024 4024 3952 3952 4025 4025 4024 4024 3952 3952 3953 3953 4025 4025 3953 3953 4026 4026 4025 4025 3953 3953 3954 3954 4026 4026 3954 3954 4027 4027 4026 4026 3954 3954 3955 3955 4027 4027 3955 3955 4028 4028 4027 4027 3955 3955 3956 3956 4028 4028 3956 3956 4029 4029 4028 4028 3956 3956 3957 3957 4029 4029 3957 3957 4030 4030 4029 4029 3957 3957 3958 3958 4030 4030 3958 3958 4031 4031 4030 4030 3958 3958 3959 3959 4031 4031 3959 3959 4032 4032 4031 4031 3959 3959 3960 3960 4032 4032 3960 3960 4033 4033 4032 4032 3960 3960 3961 3961 4033 4033 3961 3961 4034 4034 4033 4033 3961 3961 3962 3962 4034 4034 3962 3962 4035 4035 4034 4034 3962 3962 3963 3963 4035 4035 3963 3963 4036 4036 4035 4035 3963 3963 3964 3964 4036 4036 3964 3964 4037 4037 4036 4036 3964 3964 3965 3965 4037 4037 3965 3965 4038 4038 4037 4037 3965 3965 3966 3966 4038 4038 3966 3966 4039 4039 4038 4038 3966 3966 3967 3967 4039 4039 3967 3967 4040 4040 4039 4039 3967 3967 3968 3968 4040 4040 3968 3968 4041 4041 4040 4040 3968 3968 3969 3969 4041 4041 3969 3969 4042 4042 4041 4041 3969 3969 3970 3970 4042 4042 3970 3970 4043 4043 4042 4042 3970 3970 3971 3971 4043 4043 3971 3971 4044 4044 4043 4043 3971 3971 3972 3972 4044 4044 3972 3972 4045 4045 4044 4044 3972 3972 3973 3973 4045 4045 3973 3973 4046 4046 4045 4045 3973 3973 3974 3974 4046 4046 3974 3974 4047 4047 4046 4046 3974 3974 3975 3975 4047 4047 3975 3975 4048 4048 4047 4047 3975 3975 3976 3976 4048 4048 3976 3976 4049 4049 4048 4048 3976 3976 3977 3977 4049 4049 3977 3977 4050 4050 4049 4049 3977 3977 3978 3978 4050 4050 3978 3978 4051 4051 4050 4050 3978 3978 3979 3979 4051 4051 3979 3979 4052 4052 4051 4051 3979 3979 3980 3980 4052 4052 3980 3980 4053 4053 4052 4052 3980 3980 3981 3981 4053 4053 3981 3981 4054 4054 4053 4053 3981 3981 3982 3982 4054 4054 3982 3982 4055 4055 4054 4054 3982 3982 3983 3983 4055 4055 3983 3983 4056 4056 4055 4055 3983 3983 3984 3984 4056 4056 3984 3984 4057 4057 4056 4056 3984 3984 3985 3985 4057 4057 3985 3985 4058 4058 4057 4057 3985 3985 3986 3986 4058 4058 3986 3986 4059 4059 4058 4058 3986 3986 3987 3987 4059 4059 3987 3987 4060 4060 4059 4059 3987 3987 3988 3988 4060 4060 3988 3988 4061 4061 4060 4060 3988 3988 3989 3989 4061 4061 3989 3989 4062 4062 4061 4061 3989 3989 3990 3990 4062 4062 3990 3990 4063 4063 4062 4062 3990 3990 3991 3991 4063 4063 3991 3991 4064 4064 4063 4063 3991 3991 3992 3992 4064 4064 3992 3992 4065 4065 4064 4064 3992 3992 3993 3993 4065 4065 3993 3993 4066 4066 4065 4065 3993 3993 3994 3994 4066 4066 3994 3994 4067 4067 4066 4066 3994 3994 3995 3995 4067 4067 3995 3995 4068 4068 4067 4067 3995 3995 3996 3996 4068 4068 3996 3996 4069 4069 4068 4068 3996 3996 3997 3997 4069 4069 3997 3997 4070 4070 4069 4069 3997 3997 3998 3998 4070 4070 3998 3998 4071 4071 4070 4070 3998 3998 3999 3999 4071 4071 3999 3999 4072 4072 4071 4071 3999 3999 4000 4000 4072 4072 4000 4000 4073 4073 4072 4072 4000 4000 4001 4001 4073 4073 4001 4001 4074 4074 4073 4073 4001 4001 4002 4002 4074 4074 4002 4002 4075 4075 4074 4074 4002 4002 4003 4003 4075 4075 4003 4003 4076 4076 4075 4075 4003 4003 4004 4004 4076 4076 4004 4004 4077 4077 4076 4076 4004 4004 4005 4005 4077 4077 4005 4005 4078 4078 4077 4077 4005 4005 4006 4006 4078 4078 4006 4006 4079 4079 4078 4078 4006 4006 4007 4007 4079 4079 4007 4007 4080 4080 4079 4079 4007 4007 4008 4008 4080 4080 4008 4008 4081 4081 4080 4080 4008 4008 4009 4009 4081 4081 4009 4009 4082 4082 4081 4081 4009 4009 4010 4010 4082 4082 4010 4010 4083 4083 4082 4082 4010 4010 4011 4011 4083 4083 4011 4011 4084 4084 4083 4083 4011 4011 4012 4012 4084 4084 4012 4012 4085 4085 4084 4084 4012 4012 4013 4013 4085 4085 4013 4013 4086 4086 4085 4085 4013 4013 4014 4014 4086 4086 4014 4014 4087 4087 4086 4086 4015 4015 4016 4016 4088 4088 4016 4016 4089 4089 4088 4088 4016 4016 4017 4017 4089 4089 4017 4017 4090 4090 4089 4089 4017 4017 4018 4018 4090 4090 4018 4018 4091 4091 4090 4090 4018 4018 4019 4019 4091 4091 4019 4019 4092 4092 4091 4091 4019 4019 4020 4020 4092 4092 4020 4020 4093 4093 4092 4092 4020 4020 4021 4021 4093 4093 4021 4021 4094 4094 4093 4093 4021 4021 4022 4022 4094 4094 4022 4022 4095 4095 4094 4094 4022 4022 4023 4023 4095 4095 4023 4023 4096 4096 4095 4095 4023 4023 4024 4024 4096 4096 4024 4024 4097 4097 4096 4096 4024 4024 4025 4025 4097 4097 4025 4025 4098 4098 4097 4097 4025 4025 4026 4026 4098 4098 4026 4026 4099 4099 4098 4098 4026 4026 4027 4027 4099 4099 4027 4027 4100 4100 4099 4099 4027 4027 4028 4028 4100 4100 4028 4028 4101 4101 4100 4100 4028 4028 4029 4029 4101 4101 4029 4029 4102 4102 4101 4101 4029 4029 4030 4030 4102 4102 4030 4030 4103 4103 4102 4102 4030 4030 4031 4031 4103 4103 4031 4031 4104 4104 4103 4103 4031 4031 4032 4032 4104 4104 4032 4032 4105 4105 4104 4104 4032 4032 4033 4033 4105 4105 4033 4033 4106 4106 4105 4105 4033 4033 4034 4034 4106 4106 4034 4034 4107 4107 4106 4106 4034 4034 4035 4035 4107 4107 4035 4035 4108 4108 4107 4107 4035 4035 4036 4036 4108 4108 4036 4036 4109 4109 4108 4108 4036 4036 4037 4037 4109 4109 4037 4037 4110 4110 4109 4109 4037 4037 4038 4038 4110 4110 4038 4038 4111 4111 4110 4110 4038 4038 4039 4039 4111 4111 4039 4039 4112 4112 4111 4111 4039 4039 4040 4040 4112 4112 4040 4040 4113 4113 4112 4112 4040 4040 4041 4041 4113 4113 4041 4041 4114 4114 4113 4113 4041 4041 4042 4042 4114 4114 4042 4042 4115 4115 4114 4114 4042 4042 4043 4043 4115 4115 4043 4043 4116 4116 4115 4115 4043 4043 4044 4044 4116 4116 4044 4044 4117 4117 4116 4116 4044 4044 4045 4045 4117 4117 4045 4045 4118 4118 4117 4117 4045 4045 4046 4046 4118 4118 4046 4046 4119 4119 4118 4118 4046 4046 4047 4047 4119 4119 4047 4047 4120 4120 4119 4119 4047 4047 4048 4048 4120 4120 4048 4048 4121 4121 4120 4120 4048 4048 4049 4049 4121 4121 4049 4049 4122 4122 4121 4121 4049 4049 4050 4050 4122 4122 4050 4050 4123 4123 4122 4122 4050 4050 4051 4051 4123 4123 4051 4051 4124 4124 4123 4123 4051 4051 4052 4052 4124 4124 4052 4052 4125 4125 4124 4124 4052 4052 4053 4053 4125 4125 4053 4053 4126 4126 4125 4125 4053 4053 4054 4054 4126 4126 4054 4054 4127 4127 4126 4126 4054 4054 4055 4055 4127 4127 4055 4055 4128 4128 4127 4127 4055 4055 4056 4056 4128 4128 4056 4056 4129 4129 4128 4128 4056 4056 4057 4057 4129 4129 4057 4057 4130 4130 4129 4129 4057 4057 4058 4058 4130 4130 4058 4058 4131 4131 4130 4130 4058 4058 4059 4059 4131 4131 4059 4059 4132 4132 4131 4131 4059 4059 4060 4060 4132 4132 4060 4060 4133 4133 4132 4132 4060 4060 4061 4061 4133 4133 4061 4061 4134 4134 4133 4133 4061 4061 4062 4062 4134 4134 4062 4062 4135 4135 4134 4134 4062 4062 4063 4063 4135 4135 4063 4063 4136 4136 4135 4135 4063 4063 4064 4064 4136 4136 4064 4064 4137 4137 4136 4136 4064 4064 4065 4065 4137 4137 4065 4065 4138 4138 4137 4137 4065 4065 4066 4066 4138 4138 4066 4066 4139 4139 4138 4138 4066 4066 4067 4067 4139 4139 4067 4067 4140 4140 4139 4139 4067 4067 4068 4068 4140 4140 4068 4068 4141 4141 4140 4140 4068 4068 4069 4069 4141 4141 4069 4069 4142 4142 4141 4141 4069 4069 4070 4070 4142 4142 4070 4070 4143 4143 4142 4142 4070 4070 4071 4071 4143 4143 4071 4071 4144 4144 4143 4143 4071 4071 4072 4072 4144 4144 4072 4072 4145 4145 4144 4144 4072 4072 4073 4073 4145 4145 4073 4073 4146 4146 4145 4145 4073 4073 4074 4074 4146 4146 4074 4074 4147 4147 4146 4146 4074 4074 4075 4075 4147 4147 4075 4075 4148 4148 4147 4147 4075 4075 4076 4076 4148 4148 4076 4076 4149 4149 4148 4148 4076 4076 4077 4077 4149 4149 4077 4077 4150 4150 4149 4149 4077 4077 4078 4078 4150 4150 4078 4078 4151 4151 4150 4150 4078 4078 4079 4079 4151 4151 4079 4079 4152 4152 4151 4151 4079 4079 4080 4080 4152 4152 4080 4080 4153 4153 4152 4152 4080 4080 4081 4081 4153 4153 4081 4081 4154 4154 4153 4153 4081 4081 4082 4082 4154 4154 4082 4082 4155 4155 4154 4154 4082 4082 4083 4083 4155 4155 4083 4083 4156 4156 4155 4155 4083 4083 4084 4084 4156 4156 4084 4084 4157 4157 4156 4156 4084 4084 4085 4085 4157 4157 4085 4085 4158 4158 4157 4157 4085 4085 4086 4086 4158 4158 4086 4086 4159 4159 4158 4158 4086 4086 4087 4087 4159 4159 4087 4087 4160 4160 4159 4159 4088 4088 4089 4089 4161 4161 4089 4089 4162 4162 4161 4161 4089 4089 4090 4090 4162 4162 4090 4090 4163 4163 4162 4162 4090 4090 4091 4091 4163 4163 4091 4091 4164 4164 4163 4163 4091 4091 4092 4092 4164 4164 4092 4092 4165 4165 4164 4164 4092 4092 4093 4093 4165 4165 4093 4093 4166 4166 4165 4165 4093 4093 4094 4094 4166 4166 4094 4094 4167 4167 4166 4166 4094 4094 4095 4095 4167 4167 4095 4095 4168 4168 4167 4167 4095 4095 4096 4096 4168 4168 4096 4096 4169 4169 4168 4168 4096 4096 4097 4097 4169 4169 4097 4097 4170 4170 4169 4169 4097 4097 4098 4098 4170 4170 4098 4098 4171 4171 4170 4170 4098 4098 4099 4099 4171 4171 4099 4099 4172 4172 4171 4171 4099 4099 4100 4100 4172 4172 4100 4100 4173 4173 4172 4172 4100 4100 4101 4101 4173 4173 4101 4101 4174 4174 4173 4173 4101 4101 4102 4102 4174 4174 4102 4102 4175 4175 4174 4174 4102 4102 4103 4103 4175 4175 4103 4103 4176 4176 4175 4175 4103 4103 4104 4104 4176 4176 4104 4104 4177 4177 4176 4176 4104 4104 4105 4105 4177 4177 4105 4105 4178 4178 4177 4177 4105 4105 4106 4106 4178 4178 4106 4106 4179 4179 4178 4178 4106 4106 4107 4107 4179 4179 4107 4107 4180 4180 4179 4179 4107 4107 4108 4108 4180 4180 4108 4108 4181 4181 4180 4180 4108 4108 4109 4109 4181 4181 4109 4109 4182 4182 4181 4181 4109 4109 4110 4110 4182 4182 4110 4110 4183 4183 4182 4182 4110 4110 4111 4111 4183 4183 4111 4111 4184 4184 4183 4183 4111 4111 4112 4112 4184 4184 4112 4112 4185 4185 4184 4184 4112 4112 4113 4113 4185 4185 4113 4113 4186 4186 4185 4185 4113 4113 4114 4114 4186 4186 4114 4114 4187 4187 4186 4186 4114 4114 4115 4115 4187 4187 4115 4115 4188 4188 4187 4187 4115 4115 4116 4116 4188 4188 4116 4116 4189 4189 4188 4188 4116 4116 4117 4117 4189 4189 4117 4117 4190 4190 4189 4189 4117 4117 4118 4118 4190 4190 4118 4118 4191 4191 4190 4190 4118 4118 4119 4119 4191 4191 4119 4119 4192 4192 4191 4191 4119 4119 4120 4120 4192 4192 4120 4120 4193 4193 4192 4192 4120 4120 4121 4121 4193 4193 4121 4121 4194 4194 4193 4193 4121 4121 4122 4122 4194 4194 4122 4122 4195 4195 4194 4194 4122 4122 4123 4123 4195 4195 4123 4123 4196 4196 4195 4195 4123 4123 4124 4124 4196 4196 4124 4124 4197 4197 4196 4196 4124 4124 4125 4125 4197 4197 4125 4125 4198 4198 4197 4197 4125 4125 4126 4126 4198 4198 4126 4126 4199 4199 4198 4198 4126 4126 4127 4127 4199 4199 4127 4127 4200 4200 4199 4199 4127 4127 4128 4128 4200 4200 4128 4128 4201 4201 4200 4200 4128 4128 4129 4129 4201 4201 4129 4129 4202 4202 4201 4201 4129 4129 4130 4130 4202 4202 4130 4130 4203 4203 4202 4202 4130 4130 4131 4131 4203 4203 4131 4131 4204 4204 4203 4203 4131 4131 4132 4132 4204 4204 4132 4132 4205 4205 4204 4204 4132 4132 4133 4133 4205 4205 4133 4133 4206 4206 4205 4205 4133 4133 4134 4134 4206 4206 4134 4134 4207 4207 4206 4206 4134 4134 4135 4135 4207 4207 4135 4135 4208 4208 4207 4207 4135 4135 4136 4136 4208 4208 4136 4136 4209 4209 4208 4208 4136 4136 4137 4137 4209 4209 4137 4137 4210 4210 4209 4209 4137 4137 4138 4138 4210 4210 4138 4138 4211 4211 4210 4210 4138 4138 4139 4139 4211 4211 4139 4139 4212 4212 4211 4211 4139 4139 4140 4140 4212 4212 4140 4140 4213 4213 4212 4212 4140 4140 4141 4141 4213 4213 4141 4141 4214 4214 4213 4213 4141 4141 4142 4142 4214 4214 4142 4142 4215 4215 4214 4214 4142 4142 4143 4143 4215 4215 4143 4143 4216 4216 4215 4215 4143 4143 4144 4144 4216 4216 4144 4144 4217 4217 4216 4216 4144 4144 4145 4145 4217 4217 4145 4145 4218 4218 4217 4217 4145 4145 4146 4146 4218 4218 4146 4146 4219 4219 4218 4218 4146 4146 4147 4147 4219 4219 4147 4147 4220 4220 4219 4219 4147 4147 4148 4148 4220 4220 4148 4148 4221 4221 4220 4220 4148 4148 4149 4149 4221 4221 4149 4149 4222 4222 4221 4221 4149 4149 4150 4150 4222 4222 4150 4150 4223 4223 4222 4222 4150 4150 4151 4151 4223 4223 4151 4151 4224 4224 4223 4223 4151 4151 4152 4152 4224 4224 4152 4152 4225 4225 4224 4224 4152 4152 4153 4153 4225 4225 4153 4153 4226 4226 4225 4225 4153 4153 4154 4154 4226 4226 4154 4154 4227 4227 4226 4226 4154 4154 4155 4155 4227 4227 4155 4155 4228 4228 4227 4227 4155 4155 4156 4156 4228 4228 4156 4156 4229 4229 4228 4228 4156 4156 4157 4157 4229 4229 4157 4157 4230 4230 4229 4229 4157 4157 4158 4158 4230 4230 4158 4158 4231 4231 4230 4230 4158 4158 4159 4159 4231 4231 4159 4159 4232 4232 4231 4231 4159 4159 4160 4160 4232 4232 4160 4160 4233 4233 4232 4232 4161 4161 4162 4162 4234 4234 4162 4162 4235 4235 4234 4234 4162 4162 4163 4163 4235 4235 4163 4163 4236 4236 4235 4235 4163 4163 4164 4164 4236 4236 4164 4164 4237 4237 4236 4236 4164 4164 4165 4165 4237 4237 4165 4165 4238 4238 4237 4237 4165 4165 4166 4166 4238 4238 4166 4166 4239 4239 4238 4238 4166 4166 4167 4167 4239 4239 4167 4167 4240 4240 4239 4239 4167 4167 4168 4168 4240 4240 4168 4168 4241 4241 4240 4240 4168 4168 4169 4169 4241 4241 4169 4169 4242 4242 4241 4241 4169 4169 4170 4170 4242 4242 4170 4170 4243 4243 4242 4242 4170 4170 4171 4171 4243 4243 4171 4171 4244 4244 4243 4243 4171 4171 4172 4172 4244 4244 4172 4172 4245 4245 4244 4244 4172 4172 4173 4173 4245 4245 4173 4173 4246 4246 4245 4245 4173 4173 4174 4174 4246 4246 4174 4174 4247 4247 4246 4246 4174 4174 4175 4175 4247 4247 4175 4175 4248 4248 4247 4247 4175 4175 4176 4176 4248 4248 4176 4176 4249 4249 4248 4248 4176 4176 4177 4177 4249 4249 4177 4177 4250 4250 4249 4249 4177 4177 4178 4178 4250 4250 4178 4178 4251 4251 4250 4250 4178 4178 4179 4179 4251 4251 4179 4179 4252 4252 4251 4251 4179 4179 4180 4180 4252 4252 4180 4180 4253 4253 4252 4252 4180 4180 4181 4181 4253 4253 4181 4181 4254 4254 4253 4253 4181 4181 4182 4182 4254 4254 4182 4182 4255 4255 4254 4254 4182 4182 4183 4183 4255 4255 4183 4183 4256 4256 4255 4255 4183 4183 4184 4184 4256 4256 4184 4184 4257 4257 4256 4256 4184 4184 4185 4185 4257 4257 4185 4185 4258 4258 4257 4257 4185 4185 4186 4186 4258 4258 4186 4186 4259 4259 4258 4258 4186 4186 4187 4187 4259 4259 4187 4187 4260 4260 4259 4259 4187 4187 4188 4188 4260 4260 4188 4188 4261 4261 4260 4260 4188 4188 4189 4189 4261 4261 4189 4189 4262 4262 4261 4261 4189 4189 4190 4190 4262 4262 4190 4190 4263 4263 4262 4262 4190 4190 4191 4191 4263 4263 4191 4191 4264 4264 4263 4263 4191 4191 4192 4192 4264 4264 4192 4192 4265 4265 4264 4264 4192 4192 4193 4193 4265 4265 4193 4193 4266 4266 4265 4265 4193 4193 4194 4194 4266 4266 4194 4194 4267 4267 4266 4266 4194 4194 4195 4195 4267 4267 4195 4195 4268 4268 4267 4267 4195 4195 4196 4196 4268 4268 4196 4196 4269 4269 4268 4268 4196 4196 4197 4197 4269 4269 4197 4197 4270 4270 4269 4269 4197 4197 4198 4198 4270 4270 4198 4198 4271 4271 4270 4270 4198 4198 4199 4199 4271 4271 4199 4199 4272 4272 4271 4271 4199 4199 4200 4200 4272 4272 4200 4200 4273 4273 4272 4272 4200 4200 4201 4201 4273 4273 4201 4201 4274 4274 4273 4273 4201 4201 4202 4202 4274 4274 4202 4202 4275 4275 4274 4274 4202 4202 4203 4203 4275 4275 4203 4203 4276 4276 4275 4275 4203 4203 4204 4204 4276 4276 4204 4204 4277 4277 4276 4276 4204 4204 4205 4205 4277 4277 4205 4205 4278 4278 4277 4277 4205 4205 4206 4206 4278 4278 4206 4206 4279 4279 4278 4278 4206 4206 4207 4207 4279 4279 4207 4207 4280 4280 4279 4279 4207 4207 4208 4208 4280 4280 4208 4208 4281 4281 4280 4280 4208 4208 4209 4209 4281 4281 4209 4209 4282 4282 4281 4281 4209 4209 4210 4210 4282 4282 4210 4210 4283 4283 4282 4282 4210 4210 4211 4211 4283 4283 4211 4211 4284 4284 4283 4283 4211 4211 4212 4212 4284 4284 4212 4212 4285 4285 4284 4284 4212 4212 4213 4213 4285 4285 4213 4213 4286 4286 4285 4285 4213 4213 4214 4214 4286 4286 4214 4214 4287 4287 4286 4286 4214 4214 4215 4215 4287 4287 4215 4215 4288 4288 4287 4287 4215 4215 4216 4216 4288 4288 4216 4216 4289 4289 4288 4288 4216 4216 4217 4217 4289 4289 4217 4217 4290 4290 4289 4289 4217 4217 4218 4218 4290 4290 4218 4218 4291 4291 4290 4290 4218 4218 4219 4219 4291 4291 4219 4219 4292 4292 4291 4291 4219 4219 4220 4220 4292 4292 4220 4220 4293 4293 4292 4292 4220 4220 4221 4221 4293 4293 4221 4221 4294 4294 4293 4293 4221 4221 4222 4222 4294 4294 4222 4222 4295 4295 4294 4294 4222 4222 4223 4223 4295 4295 4223 4223 4296 4296 4295 4295 4223 4223 4224 4224 4296 4296 4224 4224 4297 4297 4296 4296 4224 4224 4225 4225 4297 4297 4225 4225 4298 4298 4297 4297 4225 4225 4226 4226 4298 4298 4226 4226 4299 4299 4298 4298 4226 4226 4227 4227 4299 4299 4227 4227 4300 4300 4299 4299 4227 4227 4228 4228 4300 4300 4228 4228 4301 4301 4300 4300 4228 4228 4229 4229 4301 4301 4229 4229 4302 4302 4301 4301 4229 4229 4230 4230 4302 4302 4230 4230 4303 4303 4302 4302 4230 4230 4231 4231 4303 4303 4231 4231 4304 4304 4303 4303 4231 4231 4232 4232 4304 4304 4232 4232 4305 4305 4304 4304 4232 4232 4233 4233 4305 4305 4233 4233 4306 4306 4305 4305 4234 4234 4235 4235 4307 4307 4235 4235 4308 4308 4307 4307 4235 4235 4236 4236 4308 4308 4236 4236 4309 4309 4308 4308 4236 4236 4237 4237 4309 4309 4237 4237 4310 4310 4309 4309 4237 4237 4238 4238 4310 4310 4238 4238 4311 4311 4310 4310 4238 4238 4239 4239 4311 4311 4239 4239 4312 4312 4311 4311 4239 4239 4240 4240 4312 4312 4240 4240 4313 4313 4312 4312 4240 4240 4241 4241 4313 4313 4241 4241 4314 4314 4313 4313 4241 4241 4242 4242 4314 4314 4242 4242 4315 4315 4314 4314 4242 4242 4243 4243 4315 4315 4243 4243 4316 4316 4315 4315 4243 4243 4244 4244 4316 4316 4244 4244 4317 4317 4316 4316 4244 4244 4245 4245 4317 4317 4245 4245 4318 4318 4317 4317 4245 4245 4246 4246 4318 4318 4246 4246 4319 4319 4318 4318 4246 4246 4247 4247 4319 4319 4247 4247 4320 4320 4319 4319 4247 4247 4248 4248 4320 4320 4248 4248 4321 4321 4320 4320 4248 4248 4249 4249 4321 4321 4249 4249 4322 4322 4321 4321 4249 4249 4250 4250 4322 4322 4250 4250 4323 4323 4322 4322 4250 4250 4251 4251 4323 4323 4251 4251 4324 4324 4323 4323 4251 4251 4252 4252 4324 4324 4252 4252 4325 4325 4324 4324 4252 4252 4253 4253 4325 4325 4253 4253 4326 4326 4325 4325 4253 4253 4254 4254 4326 4326 4254 4254 4327 4327 4326 4326 4254 4254 4255 4255 4327 4327 4255 4255 4328 4328 4327 4327 4255 4255 4256 4256 4328 4328 4256 4256 4329 4329 4328 4328 4256 4256 4257 4257 4329 4329 4257 4257 4330 4330 4329 4329 4257 4257 4258 4258 4330 4330 4258 4258 4331 4331 4330 4330 4258 4258 4259 4259 4331 4331 4259 4259 4332 4332 4331 4331 4259 4259 4260 4260 4332 4332 4260 4260 4333 4333 4332 4332 4260 4260 4261 4261 4333 4333 4261 4261 4334 4334 4333 4333 4261 4261 4262 4262 4334 4334 4262 4262 4335 4335 4334 4334 4262 4262 4263 4263 4335 4335 4263 4263 4336 4336 4335 4335 4263 4263 4264 4264 4336 4336 4264 4264 4337 4337 4336 4336 4264 4264 4265 4265 4337 4337 4265 4265 4338 4338 4337 4337 4265 4265 4266 4266 4338 4338 4266 4266 4339 4339 4338 4338 4266 4266 4267 4267 4339 4339 4267 4267 4340 4340 4339 4339 4267 4267 4268 4268 4340 4340 4268 4268 4341 4341 4340 4340 4268 4268 4269 4269 4341 4341 4269 4269 4342 4342 4341 4341 4269 4269 4270 4270 4342 4342 4270 4270 4343 4343 4342 4342 4270 4270 4271 4271 4343 4343 4271 4271 4344 4344 4343 4343 4271 4271 4272 4272 4344 4344 4272 4272 4345 4345 4344 4344 4272 4272 4273 4273 4345 4345 4273 4273 4346 4346 4345 4345 4273 4273 4274 4274 4346 4346 4274 4274 4347 4347 4346 4346 4274 4274 4275 4275 4347 4347 4275 4275 4348 4348 4347 4347 4275 4275 4276 4276 4348 4348 4276 4276 4349 4349 4348 4348 4276 4276 4277 4277 4349 4349 4277 4277 4350 4350 4349 4349 4277 4277 4278 4278 4350 4350 4278 4278 4351 4351 4350 4350 4278 4278 4279 4279 4351 4351 4279 4279 4352 4352 4351 4351 4279 4279 4280 4280 4352 4352 4280 4280 4353 4353 4352 4352 4280 4280 4281 4281 4353 4353 4281 4281 4354 4354 4353 4353 4281 4281 4282 4282 4354 4354 4282 4282 4355 4355 4354 4354 4282 4282 4283 4283 4355 4355 4283 4283 4356 4356 4355 4355 4283 4283 4284 4284 4356 4356 4284 4284 4357 4357 4356 4356 4284 4284 4285 4285 4357 4357 4285 4285 4358 4358 4357 4357 4285 4285 4286 4286 4358 4358 4286 4286 4359 4359 4358 4358 4286 4286 4287 4287 4359 4359 4287 4287 4360 4360 4359 4359 4287 4287 4288 4288 4360 4360 4288 4288 4361 4361 4360 4360 4288 4288 4289 4289 4361 4361 4289 4289 4362 4362 4361 4361 4289 4289 4290 4290 4362 4362 4290 4290 4363 4363 4362 4362 4290 4290 4291 4291 4363 4363 4291 4291 4364 4364 4363 4363 4291 4291 4292 4292 4364 4364 4292 4292 4365 4365 4364 4364 4292 4292 4293 4293 4365 4365 4293 4293 4366 4366 4365 4365 4293 4293 4294 4294 4366 4366 4294 4294 4367 4367 4366 4366 4294 4294 4295 4295 4367 4367 4295 4295 4368 4368 4367 4367 4295 4295 4296 4296 4368 4368 4296 4296 4369 4369 4368 4368 4296 4296 4297 4297 4369 4369 4297 4297 4370 4370 4369 4369 4297 4297 4298 4298 4370 4370 4298 4298 4371 4371 4370 4370 4298 4298 4299 4299 4371 4371 4299 4299 4372 4372 4371 4371 4299 4299 4300 4300 4372 4372 4300 4300 4373 4373 4372 4372 4300 4300 4301 4301 4373 4373 4301 4301 4374 4374 4373 4373 4301 4301 4302 4302 4374 4374 4302 4302 4375 4375 4374 4374 4302 4302 4303 4303 4375 4375 4303 4303 4376 4376 4375 4375 4303 4303 4304 4304 4376 4376 4304 4304 4377 4377 4376 4376 4304 4304 4305 4305 4377 4377 4305 4305 4378 4378 4377 4377 4305 4305 4306 4306 4378 4378 4306 4306 4379 4379 4378 4378 4307 4307 4308 4308 4380 4380 4308 4308 4381 4381 4380 4380 4308 4308 4309 4309 4381 4381 4309 4309 4382 4382 4381 4381 4309 4309 4310 4310 4382 4382 4310 4310 4383 4383 4382 4382 4310 4310 4311 4311 4383 4383 4311 4311 4384 4384 4383 4383 4311 4311 4312 4312 4384 4384 4312 4312 4385 4385 4384 4384 4312 4312 4313 4313 4385 4385 4313 4313 4386 4386 4385 4385 4313 4313 4314 4314 4386 4386 4314 4314 4387 4387 4386 4386 4314 4314 4315 4315 4387 4387 4315 4315 4388 4388 4387 4387 4315 4315 4316 4316 4388 4388 4316 4316 4389 4389 4388 4388 4316 4316 4317 4317 4389 4389 4317 4317 4390 4390 4389 4389 4317 4317 4318 4318 4390 4390 4318 4318 4391 4391 4390 4390 4318 4318 4319 4319 4391 4391 4319 4319 4392 4392 4391 4391 4319 4319 4320 4320 4392 4392 4320 4320 4393 4393 4392 4392 4320 4320 4321 4321 4393 4393 4321 4321 4394 4394 4393 4393 4321 4321 4322 4322 4394 4394 4322 4322 4395 4395 4394 4394 4322 4322 4323 4323 4395 4395 4323 4323 4396 4396 4395 4395 4323 4323 4324 4324 4396 4396 4324 4324 4397 4397 4396 4396 4324 4324 4325 4325 4397 4397 4325 4325 4398 4398 4397 4397 4325 4325 4326 4326 4398 4398 4326 4326 4399 4399 4398 4398 4326 4326 4327 4327 4399 4399 4327 4327 4400 4400 4399 4399 4327 4327 4328 4328 4400 4400 4328 4328 4401 4401 4400 4400 4328 4328 4329 4329 4401 4401 4329 4329 4402 4402 4401 4401 4329 4329 4330 4330 4402 4402 4330 4330 4403 4403 4402 4402 4330 4330 4331 4331 4403 4403 4331 4331 4404 4404 4403 4403 4331 4331 4332 4332 4404 4404 4332 4332 4405 4405 4404 4404 4332 4332 4333 4333 4405 4405 4333 4333 4406 4406 4405 4405 4333 4333 4334 4334 4406 4406 4334 4334 4407 4407 4406 4406 4334 4334 4335 4335 4407 4407 4335 4335 4408 4408 4407 4407 4335 4335 4336 4336 4408 4408 4336 4336 4409 4409 4408 4408 4336 4336 4337 4337 4409 4409 4337 4337 4410 4410 4409 4409 4337 4337 4338 4338 4410 4410 4338 4338 4411 4411 4410 4410 4338 4338 4339 4339 4411 4411 4339 4339 4412 4412 4411 4411 4339 4339 4340 4340 4412 4412 4340 4340 4413 4413 4412 4412 4340 4340 4341 4341 4413 4413 4341 4341 4414 4414 4413 4413 4341 4341 4342 4342 4414 4414 4342 4342 4415 4415 4414 4414 4342 4342 4343 4343 4415 4415 4343 4343 4416 4416 4415 4415 4343 4343 4344 4344 4416 4416 4344 4344 4417 4417 4416 4416 4344 4344 4345 4345 4417 4417 4345 4345 4418 4418 4417 4417 4345 4345 4346 4346 4418 4418 4346 4346 4419 4419 4418 4418 4346 4346 4347 4347 4419 4419 4347 4347 4420 4420 4419 4419 4347 4347 4348 4348 4420 4420 4348 4348 4421 4421 4420 4420 4348 4348 4349 4349 4421 4421 4349 4349 4422 4422 4421 4421 4349 4349 4350 4350 4422 4422 4350 4350 4423 4423 4422 4422 4350 4350 4351 4351 4423 4423 4351 4351 4424 4424 4423 4423 4351 4351 4352 4352 4424 4424 4352 4352 4425 4425 4424 4424 4352 4352 4353 4353 4425 4425 4353 4353 4426 4426 4425 4425 4353 4353 4354 4354 4426 4426 4354 4354 4427 4427 4426 4426 4354 4354 4355 4355 4427 4427 4355 4355 4428 4428 4427 4427 4355 4355 4356 4356 4428 4428 4356 4356 4429 4429 4428 4428 4356 4356 4357 4357 4429 4429 4357 4357 4430 4430 4429 4429 4357 4357 4358 4358 4430 4430 4358 4358 4431 4431 4430 4430 4358 4358 4359 4359 4431 4431 4359 4359 4432 4432 4431 4431 4359 4359 4360 4360 4432 4432 4360 4360 4433 4433 4432 4432 4360 4360 4361 4361 4433 4433 4361 4361 4434 4434 4433 4433 4361 4361 4362 4362 4434 4434 4362 4362 4435 4435 4434 4434 4362 4362 4363 4363 4435 4435 4363 4363 4436 4436 4435 4435 4363 4363 4364 4364 4436 4436 4364 4364 4437 4437 4436 4436 4364 4364 4365 4365 4437 4437 4365 4365 4438 4438 4437 4437 4365 4365 4366 4366 4438 4438 4366 4366 4439 4439 4438 4438 4366 4366 4367 4367 4439 4439 4367 4367 4440 4440 4439 4439 4367 4367 4368 4368 4440 4440 4368 4368 4441 4441 4440 4440 4368 4368 4369 4369 4441 4441 4369 4369 4442 4442 4441 4441 4369 4369 4370 4370 4442 4442 4370 4370 4443 4443 4442 4442 4370 4370 4371 4371 4443 4443 4371 4371 4444 4444 4443 4443 4371 4371 4372 4372 4444 4444 4372 4372 4445 4445 4444 4444 4372 4372 4373 4373 4445 4445 4373 4373 4446 4446 4445 4445 4373 4373 4374 4374 4446 4446 4374 4374 4447 4447 4446 4446 4374 4374 4375 4375 4447 4447 4375 4375 4448 4448 4447 4447 4375 4375 4376 4376 4448 4448 4376 4376 4449 4449 4448 4448 4376 4376 4377 4377 4449 4449 4377 4377 4450 4450 4449 4449 4377 4377 4378 4378 4450 4450 4378 4378 4451 4451 4450 4450 4378 4378 4379 4379 4451 4451 4379 4379 4452 4452 4451 4451 4380 4380 4381 4381 4453 4453 4381 4381 4454 4454 4453 4453 4381 4381 4382 4382 4454 4454 4382 4382 4455 4455 4454 4454 4382 4382 4383 4383 4455 4455 4383 4383 4456 4456 4455 4455 4383 4383 4384 4384 4456 4456 4384 4384 4457 4457 4456 4456 4384 4384 4385 4385 4457 4457 4385 4385 4458 4458 4457 4457 4385 4385 4386 4386 4458 4458 4386 4386 4459 4459 4458 4458 4386 4386 4387 4387 4459 4459 4387 4387 4460 4460 4459 4459 4387 4387 4388 4388 4460 4460 4388 4388 4461 4461 4460 4460 4388 4388 4389 4389 4461 4461 4389 4389 4462 4462 4461 4461 4389 4389 4390 4390 4462 4462 4390 4390 4463 4463 4462 4462 4390 4390 4391 4391 4463 4463 4391 4391 4464 4464 4463 4463 4391 4391 4392 4392 4464 4464 4392 4392 4465 4465 4464 4464 4392 4392 4393 4393 4465 4465 4393 4393 4466 4466 4465 4465 4393 4393 4394 4394 4466 4466 4394 4394 4467 4467 4466 4466 4394 4394 4395 4395 4467 4467 4395 4395 4468 4468 4467 4467 4395 4395 4396 4396 4468 4468 4396 4396 4469 4469 4468 4468 4396 4396 4397 4397 4469 4469 4397 4397 4470 4470 4469 4469 4397 4397 4398 4398 4470 4470 4398 4398 4471 4471 4470 4470 4398 4398 4399 4399 4471 4471 4399 4399 4472 4472 4471 4471 4399 4399 4400 4400 4472 4472 4400 4400 4473 4473 4472 4472 4400 4400 4401 4401 4473 4473 4401 4401 4474 4474 4473 4473 4401 4401 4402 4402 4474 4474 4402 4402 4475 4475 4474 4474 4402 4402 4403 4403 4475 4475 4403 4403 4476 4476 4475 4475 4403 4403 4404 4404 4476 4476 4404 4404 4477 4477 4476 4476 4404 4404 4405 4405 4477 4477 4405 4405 4478 4478 4477 4477 4405 4405 4406 4406 4478 4478 4406 4406 4479 4479 4478 4478 4406 4406 4407 4407 4479 4479 4407 4407 4480 4480 4479 4479 4407 4407 4408 4408 4480 4480 4408 4408 4481 4481 4480 4480 4408 4408 4409 4409 4481 4481 4409 4409 4482 4482 4481 4481 4409 4409 4410 4410 4482 4482 4410 4410 4483 4483 4482 4482 4410 4410 4411 4411 4483 4483 4411 4411 4484 4484 4483 4483 4411 4411 4412 4412 4484 4484 4412 4412 4485 4485 4484 4484 4412 4412 4413 4413 4485 4485 4413 4413 4486 4486 4485 4485 4413 4413 4414 4414 4486 4486 4414 4414 4487 4487 4486 4486 4414 4414 4415 4415 4487 4487 4415 4415 4488 4488 4487 4487 4415 4415 4416 4416 4488 4488 4416 4416 4489 4489 4488 4488 4416 4416 4417 4417 4489 4489 4417 4417 4490 4490 4489 4489 4417 4417 4418 4418 4490 4490 4418 4418 4491 4491 4490 4490 4418 4418 4419 4419 4491 4491 4419 4419 4492 4492 4491 4491 4419 4419 4420 4420 4492 4492 4420 4420 4493 4493 4492 4492 4420 4420 4421 4421 4493 4493 4421 4421 4494 4494 4493 4493 4421 4421 4422 4422 4494 4494 4422 4422 4495 4495 4494 4494 4422 4422 4423 4423 4495 4495 4423 4423 4496 4496 4495 4495 4423 4423 4424 4424 4496 4496 4424 4424 4497 4497 4496 4496 4424 4424 4425 4425 4497 4497 4425 4425 4498 4498 4497 4497 4425 4425 4426 4426 4498 4498 4426 4426 4499 4499 4498 4498 4426 4426 4427 4427 4499 4499 4427 4427 4500 4500 4499 4499 4427 4427 4428 4428 4500 4500 4428 4428 4501 4501 4500 4500 4428 4428 4429 4429 4501 4501 4429 4429 4502 4502 4501 4501 4429 4429 4430 4430 4502 4502 4430 4430 4503 4503 4502 4502 4430 4430 4431 4431 4503 4503 4431 4431 4504 4504 4503 4503 4431 4431 4432 4432 4504 4504 4432 4432 4505 4505 4504 4504 4432 4432 4433 4433 4505 4505 4433 4433 4506 4506 4505 4505 4433 4433 4434 4434 4506 4506 4434 4434 4507 4507 4506 4506 4434 4434 4435 4435 4507 4507 4435 4435 4508 4508 4507 4507 4435 4435 4436 4436 4508 4508 4436 4436 4509 4509 4508 4508 4436 4436 4437 4437 4509 4509 4437 4437 4510 4510 4509 4509 4437 4437 4438 4438 4510 4510 4438 4438 4511 4511 4510 4510 4438 4438 4439 4439 4511 4511 4439 4439 4512 4512 4511 4511 4439 4439 4440 4440 4512 4512 4440 4440 4513 4513 4512 4512 4440 4440 4441 4441 4513 4513 4441 4441 4514 4514 4513 4513 4441 4441 4442 4442 4514 4514 4442 4442 4515 4515 4514 4514 4442 4442 4443 4443 4515 4515 4443 4443 4516 4516 4515 4515 4443 4443 4444 4444 4516 4516 4444 4444 4517 4517 4516 4516 4444 4444 4445 4445 4517 4517 4445 4445 4518 4518 4517 4517 4445 4445 4446 4446 4518 4518 4446 4446 4519 4519 4518 4518 4446 4446 4447 4447 4519 4519 4447 4447 4520 4520 4519 4519 4447 4447 4448 4448 4520 4520 4448 4448 4521 4521 4520 4520 4448 4448 4449 4449 4521 4521 4449 4449 4522 4522 4521 4521 4449 4449 4450 4450 4522 4522 4450 4450 4523 4523 4522 4522 4450 4450 4451 4451 4523 4523 4451 4451 4524 4524 4523 4523 4451 4451 4452 4452 4524 4524 4452 4452 4525 4525 4524 4524 4453 4453 4454 4454 4526 4526 4454 4454 4527 4527 4526 4526 4454 4454 4455 4455 4527 4527 4455 4455 4528 4528 4527 4527 4455 4455 4456 4456 4528 4528 4456 4456 4529 4529 4528 4528 4456 4456 4457 4457 4529 4529 4457 4457 4530 4530 4529 4529 4457 4457 4458 4458 4530 4530 4458 4458 4531 4531 4530 4530 4458 4458 4459 4459 4531 4531 4459 4459 4532 4532 4531 4531 4459 4459 4460 4460 4532 4532 4460 4460 4533 4533 4532 4532 4460 4460 4461 4461 4533 4533 4461 4461 4534 4534 4533 4533 4461 4461 4462 4462 4534 4534 4462 4462 4535 4535 4534 4534 4462 4462 4463 4463 4535 4535 4463 4463 4536 4536 4535 4535 4463 4463 4464 4464 4536 4536 4464 4464 4537 4537 4536 4536 4464 4464 4465 4465 4537 4537 4465 4465 4538 4538 4537 4537 4465 4465 4466 4466 4538 4538 4466 4466 4539 4539 4538 4538 4466 4466 4467 4467 4539 4539 4467 4467 4540 4540 4539 4539 4467 4467 4468 4468 4540 4540 4468 4468 4541 4541 4540 4540 4468 4468 4469 4469 4541 4541 4469 4469 4542 4542 4541 4541 4469 4469 4470 4470 4542 4542 4470 4470 4543 4543 4542 4542 4470 4470 4471 4471 4543 4543 4471 4471 4544 4544 4543 4543 4471 4471 4472 4472 4544 4544 4472 4472 4545 4545 4544 4544 4472 4472 4473 4473 4545 4545 4473 4473 4546 4546 4545 4545 4473 4473 4474 4474 4546 4546 4474 4474 4547 4547 4546 4546 4474 4474 4475 4475 4547 4547 4475 4475 4548 4548 4547 4547 4475 4475 4476 4476 4548 4548 4476 4476 4549 4549 4548 4548 4476 4476 4477 4477 4549 4549 4477 4477 4550 4550 4549 4549 4477 4477 4478 4478 4550 4550 4478 4478 4551 4551 4550 4550 4478 4478 4479 4479 4551 4551 4479 4479 4552 4552 4551 4551 4479 4479 4480 4480 4552 4552 4480 4480 4553 4553 4552 4552 4480 4480 4481 4481 4553 4553 4481 4481 4554 4554 4553 4553 4481 4481 4482 4482 4554 4554 4482 4482 4555 4555 4554 4554 4482 4482 4483 4483 4555 4555 4483 4483 4556 4556 4555 4555 4483 4483 4484 4484 4556 4556 4484 4484 4557 4557 4556 4556 4484 4484 4485 4485 4557 4557 4485 4485 4558 4558 4557 4557 4485 4485 4486 4486 4558 4558 4486 4486 4559 4559 4558 4558 4486 4486 4487 4487 4559 4559 4487 4487 4560 4560 4559 4559 4487 4487 4488 4488 4560 4560 4488 4488 4561 4561 4560 4560 4488 4488 4489 4489 4561 4561 4489 4489 4562 4562 4561 4561 4489 4489 4490 4490 4562 4562 4490 4490 4563 4563 4562 4562 4490 4490 4491 4491 4563 4563 4491 4491 4564 4564 4563 4563 4491 4491 4492 4492 4564 4564 4492 4492 4565 4565 4564 4564 4492 4492 4493 4493 4565 4565 4493 4493 4566 4566 4565 4565 4493 4493 4494 4494 4566 4566 4494 4494 4567 4567 4566 4566 4494 4494 4495 4495 4567 4567 4495 4495 4568 4568 4567 4567 4495 4495 4496 4496 4568 4568 4496 4496 4569 4569 4568 4568 4496 4496 4497 4497 4569 4569 4497 4497 4570 4570 4569 4569 4497 4497 4498 4498 4570 4570 4498 4498 4571 4571 4570 4570 4498 4498 4499 4499 4571 4571 4499 4499 4572 4572 4571 4571 4499 4499 4500 4500 4572 4572 4500 4500 4573 4573 4572 4572 4500 4500 4501 4501 4573 4573 4501 4501 4574 4574 4573 4573 4501 4501 4502 4502 4574 4574 4502 4502 4575 4575 4574 4574 4502 4502 4503 4503 4575 4575 4503 4503 4576 4576 4575 4575 4503 4503 4504 4504 4576 4576 4504 4504 4577 4577 4576 4576 4504 4504 4505 4505 4577 4577 4505 4505 4578 4578 4577 4577 4505 4505 4506 4506 4578 4578 4506 4506 4579 4579 4578 4578 4506 4506 4507 4507 4579 4579 4507 4507 4580 4580 4579 4579 4507 4507 4508 4508 4580 4580 4508 4508 4581 4581 4580 4580 4508 4508 4509 4509 4581 4581 4509 4509 4582 4582 4581 4581 4509 4509 4510 4510 4582 4582 4510 4510 4583 4583 4582 4582 4510 4510 4511 4511 4583 4583 4511 4511 4584 4584 4583 4583 4511 4511 4512 4512 4584 4584 4512 4512 4585 4585 4584 4584 4512 4512 4513 4513 4585 4585 4513 4513 4586 4586 4585 4585 4513 4513 4514 4514 4586 4586 4514 4514 4587 4587 4586 4586 4514 4514 4515 4515 4587 4587 4515 4515 4588 4588 4587 4587 4515 4515 4516 4516 4588 4588 4516 4516 4589 4589 4588 4588 4516 4516 4517 4517 4589 4589 4517 4517 4590 4590 4589 4589 4517 4517 4518 4518 4590 4590 4518 4518 4591 4591 4590 4590 4518 4518 4519 4519 4591 4591 4519 4519 4592 4592 4591 4591 4519 4519 4520 4520 4592 4592 4520 4520 4593 4593 4592 4592 4520 4520 4521 4521 4593 4593 4521 4521 4594 4594 4593 4593 4521 4521 4522 4522 4594 4594 4522 4522 4595 4595 4594 4594 4522 4522 4523 4523 4595 4595 4523 4523 4596 4596 4595 4595 4523 4523 4524 4524 4596 4596 4524 4524 4597 4597 4596 4596 4524 4524 4525 4525 4597 4597 4525 4525 4598 4598 4597 4597 4526 4526 4527 4527 4599 4599 4527 4527 4600 4600 4599 4599 4527 4527 4528 4528 4600 4600 4528 4528 4601 4601 4600 4600 4528 4528 4529 4529 4601 4601 4529 4529 4602 4602 4601 4601 4529 4529 4530 4530 4602 4602 4530 4530 4603 4603 4602 4602 4530 4530 4531 4531 4603 4603 4531 4531 4604 4604 4603 4603 4531 4531 4532 4532 4604 4604 4532 4532 4605 4605 4604 4604 4532 4532 4533 4533 4605 4605 4533 4533 4606 4606 4605 4605 4533 4533 4534 4534 4606 4606 4534 4534 4607 4607 4606 4606 4534 4534 4535 4535 4607 4607 4535 4535 4608 4608 4607 4607 4535 4535 4536 4536 4608 4608 4536 4536 4609 4609 4608 4608 4536 4536 4537 4537 4609 4609 4537 4537 4610 4610 4609 4609 4537 4537 4538 4538 4610 4610 4538 4538 4611 4611 4610 4610 4538 4538 4539 4539 4611 4611 4539 4539 4612 4612 4611 4611 4539 4539 4540 4540 4612 4612 4540 4540 4613 4613 4612 4612 4540 4540 4541 4541 4613 4613 4541 4541 4614 4614 4613 4613 4541 4541 4542 4542 4614 4614 4542 4542 4615 4615 4614 4614 4542 4542 4543 4543 4615 4615 4543 4543 4616 4616 4615 4615 4543 4543 4544 4544 4616 4616 4544 4544 4617 4617 4616 4616 4544 4544 4545 4545 4617 4617 4545 4545 4618 4618 4617 4617 4545 4545 4546 4546 4618 4618 4546 4546 4619 4619 4618 4618 4546 4546 4547 4547 4619 4619 4547 4547 4620 4620 4619 4619 4547 4547 4548 4548 4620 4620 4548 4548 4621 4621 4620 4620 4548 4548 4549 4549 4621 4621 4549 4549 4622 4622 4621 4621 4549 4549 4550 4550 4622 4622 4550 4550 4623 4623 4622 4622 4550 4550 4551 4551 4623 4623 4551 4551 4624 4624 4623 4623 4551 4551 4552 4552 4624 4624 4552 4552 4625 4625 4624 4624 4552 4552 4553 4553 4625 4625 4553 4553 4626 4626 4625 4625 4553 4553 4554 4554 4626 4626 4554 4554 4627 4627 4626 4626 4554 4554 4555 4555 4627 4627 4555 4555 4628 4628 4627 4627 4555 4555 4556 4556 4628 4628 4556 4556 4629 4629 4628 4628 4556 4556 4557 4557 4629 4629 4557 4557 4630 4630 4629 4629 4557 4557 4558 4558 4630 4630 4558 4558 4631 4631 4630 4630 4558 4558 4559 4559 4631 4631 4559 4559 4632 4632 4631 4631 4559 4559 4560 4560 4632 4632 4560 4560 4633 4633 4632 4632 4560 4560 4561 4561 4633 4633 4561 4561 4634 4634 4633 4633 4561 4561 4562 4562 4634 4634 4562 4562 4635 4635 4634 4634 4562 4562 4563 4563 4635 4635 4563 4563 4636 4636 4635 4635 4563 4563 4564 4564 4636 4636 4564 4564 4637 4637 4636 4636 4564 4564 4565 4565 4637 4637 4565 4565 4638 4638 4637 4637 4565 4565 4566 4566 4638 4638 4566 4566 4639 4639 4638 4638 4566 4566 4567 4567 4639 4639 4567 4567 4640 4640 4639 4639 4567 4567 4568 4568 4640 4640 4568 4568 4641 4641 4640 4640 4568 4568 4569 4569 4641 4641 4569 4569 4642 4642 4641 4641 4569 4569 4570 4570 4642 4642 4570 4570 4643 4643 4642 4642 4570 4570 4571 4571 4643 4643 4571 4571 4644 4644 4643 4643 4571 4571 4572 4572 4644 4644 4572 4572 4645 4645 4644 4644 4572 4572 4573 4573 4645 4645 4573 4573 4646 4646 4645 4645 4573 4573 4574 4574 4646 4646 4574 4574 4647 4647 4646 4646 4574 4574 4575 4575 4647 4647 4575 4575 4648 4648 4647 4647 4575 4575 4576 4576 4648 4648 4576 4576 4649 4649 4648 4648 4576 4576 4577 4577 4649 4649 4577 4577 4650 4650 4649 4649 4577 4577 4578 4578 4650 4650 4578 4578 4651 4651 4650 4650 4578 4578 4579 4579 4651 4651 4579 4579 4652 4652 4651 4651 4579 4579 4580 4580 4652 4652 4580 4580 4653 4653 4652 4652 4580 4580 4581 4581 4653 4653 4581 4581 4654 4654 4653 4653 4581 4581 4582 4582 4654 4654 4582 4582 4655 4655 4654 4654 4582 4582 4583 4583 4655 4655 4583 4583 4656 4656 4655 4655 4583 4583 4584 4584 4656 4656 4584 4584 4657 4657 4656 4656 4584 4584 4585 4585 4657 4657 4585 4585 4658 4658 4657 4657 4585 4585 4586 4586 4658 4658 4586 4586 4659 4659 4658 4658 4586 4586 4587 4587 4659 4659 4587 4587 4660 4660 4659 4659 4587 4587 4588 4588 4660 4660 4588 4588 4661 4661 4660 4660 4588 4588 4589 4589 4661 4661 4589 4589 4662 4662 4661 4661 4589 4589 4590 4590 4662 4662 4590 4590 4663 4663 4662 4662 4590 4590 4591 4591 4663 4663 4591 4591 4664 4664 4663 4663 4591 4591 4592 4592 4664 4664 4592 4592 4665 4665 4664 4664 4592 4592 4593 4593 4665 4665 4593 4593 4666 4666 4665 4665 4593 4593 4594 4594 4666 4666 4594 4594 4667 4667 4666 4666 4594 4594 4595 4595 4667 4667 4595 4595 4668 4668 4667 4667 4595 4595 4596 4596 4668 4668 4596 4596 4669 4669 4668 4668 4596 4596 4597 4597 4669 4669 4597 4597 4670 4670 4669 4669 4597 4597 4598 4598 4670 4670 4598 4598 4671 4671 4670 4670 4599 4599 4600 4600 4672 4672 4600 4600 4673 4673 4672 4672 4600 4600 4601 4601 4673 4673 4601 4601 4674 4674 4673 4673 4601 4601 4602 4602 4674 4674 4602 4602 4675 4675 4674 4674 4602 4602 4603 4603 4675 4675 4603 4603 4676 4676 4675 4675 4603 4603 4604 4604 4676 4676 4604 4604 4677 4677 4676 4676 4604 4604 4605 4605 4677 4677 4605 4605 4678 4678 4677 4677 4605 4605 4606 4606 4678 4678 4606 4606 4679 4679 4678 4678 4606 4606 4607 4607 4679 4679 4607 4607 4680 4680 4679 4679 4607 4607 4608 4608 4680 4680 4608 4608 4681 4681 4680 4680 4608 4608 4609 4609 4681 4681 4609 4609 4682 4682 4681 4681 4609 4609 4610 4610 4682 4682 4610 4610 4683 4683 4682 4682 4610 4610 4611 4611 4683 4683 4611 4611 4684 4684 4683 4683 4611 4611 4612 4612 4684 4684 4612 4612 4685 4685 4684 4684 4612 4612 4613 4613 4685 4685 4613 4613 4686 4686 4685 4685 4613 4613 4614 4614 4686 4686 4614 4614 4687 4687 4686 4686 4614 4614 4615 4615 4687 4687 4615 4615 4688 4688 4687 4687 4615 4615 4616 4616 4688 4688 4616 4616 4689 4689 4688 4688 4616 4616 4617 4617 4689 4689 4617 4617 4690 4690 4689 4689 4617 4617 4618 4618 4690 4690 4618 4618 4691 4691 4690 4690 4618 4618 4619 4619 4691 4691 4619 4619 4692 4692 4691 4691 4619 4619 4620 4620 4692 4692 4620 4620 4693 4693 4692 4692 4620 4620 4621 4621 4693 4693 4621 4621 4694 4694 4693 4693 4621 4621 4622 4622 4694 4694 4622 4622 4695 4695 4694 4694 4622 4622 4623 4623 4695 4695 4623 4623 4696 4696 4695 4695 4623 4623 4624 4624 4696 4696 4624 4624 4697 4697 4696 4696 4624 4624 4625 4625 4697 4697 4625 4625 4698 4698 4697 4697 4625 4625 4626 4626 4698 4698 4626 4626 4699 4699 4698 4698 4626 4626 4627 4627 4699 4699 4627 4627 4700 4700 4699 4699 4627 4627 4628 4628 4700 4700 4628 4628 4701 4701 4700 4700 4628 4628 4629 4629 4701 4701 4629 4629 4702 4702 4701 4701 4629 4629 4630 4630 4702 4702 4630 4630 4703 4703 4702 4702 4630 4630 4631 4631 4703 4703 4631 4631 4704 4704 4703 4703 4631 4631 4632 4632 4704 4704 4632 4632 4705 4705 4704 4704 4632 4632 4633 4633 4705 4705 4633 4633 4706 4706 4705 4705 4633 4633 4634 4634 4706 4706 4634 4634 4707 4707 4706 4706 4634 4634 4635 4635 4707 4707 4635 4635 4708 4708 4707 4707 4635 4635 4636 4636 4708 4708 4636 4636 4709 4709 4708 4708 4636 4636 4637 4637 4709 4709 4637 4637 4710 4710 4709 4709 4637 4637 4638 4638 4710 4710 4638 4638 4711 4711 4710 4710 4638 4638 4639 4639 4711 4711 4639 4639 4712 4712 4711 4711 4639 4639 4640 4640 4712 4712 4640 4640 4713 4713 4712 4712 4640 4640 4641 4641 4713 4713 4641 4641 4714 4714 4713 4713 4641 4641 4642 4642 4714 4714 4642 4642 4715 4715 4714 4714 4642 4642 4643 4643 4715 4715 4643 4643 4716 4716 4715 4715 4643 4643 4644 4644 4716 4716 4644 4644 4717 4717 4716 4716 4644 4644 4645 4645 4717 4717 4645 4645 4718 4718 4717 4717 4645 4645 4646 4646 4718 4718 4646 4646 4719 4719 4718 4718 4646 4646 4647 4647 4719 4719 4647 4647 4720 4720 4719 4719 4647 4647 4648 4648 4720 4720 4648 4648 4721 4721 4720 4720 4648 4648 4649 4649 4721 4721 4649 4649 4722 4722 4721 4721 4649 4649 4650 4650 4722 4722 4650 4650 4723 4723 4722 4722 4650 4650 4651 4651 4723 4723 4651 4651 4724 4724 4723 4723 4651 4651 4652 4652 4724 4724 4652 4652 4725 4725 4724 4724 4652 4652 4653 4653 4725 4725 4653 4653 4726 4726 4725 4725 4653 4653 4654 4654 4726 4726 4654 4654 4727 4727 4726 4726 4654 4654 4655 4655 4727 4727 4655 4655 4728 4728 4727 4727 4655 4655 4656 4656 4728 4728 4656 4656 4729 4729 4728 4728 4656 4656 4657 4657 4729 4729 4657 4657 4730 4730 4729 4729 4657 4657 4658 4658 4730 4730 4658 4658 4731 4731 4730 4730 4658 4658 4659 4659 4731 4731 4659 4659 4732 4732 4731 4731 4659 4659 4660 4660 4732 4732 4660 4660 4733 4733 4732 4732 4660 4660 4661 4661 4733 4733 4661 4661 4734 4734 4733 4733 4661 4661 4662 4662 4734 4734 4662 4662 4735 4735 4734 4734 4662 4662 4663 4663 4735 4735 4663 4663 4736 4736 4735 4735 4663 4663 4664 4664 4736 4736 4664 4664 4737 4737 4736 4736 4664 4664 4665 4665 4737 4737 4665 4665 4738 4738 4737 4737 4665 4665 4666 4666 4738 4738 4666 4666 4739 4739 4738 4738 4666 4666 4667 4667 4739 4739 4667 4667 4740 4740 4739 4739 4667 4667 4668 4668 4740 4740 4668 4668 4741 4741 4740 4740 4668 4668 4669 4669 4741 4741 4669 4669 4742 4742 4741 4741 4669 4669 4670 4670 4742 4742 4670 4670 4743 4743 4742 4742 4670 4670 4671 4671 4743 4743 4671 4671 4744 4744 4743 4743 4672 4672 4673 4673 4745 4745 4673 4673 4746 4746 4745 4745 4673 4673 4674 4674 4746 4746 4674 4674 4747 4747 4746 4746 4674 4674 4675 4675 4747 4747 4675 4675 4748 4748 4747 4747 4675 4675 4676 4676 4748 4748 4676 4676 4749 4749 4748 4748 4676 4676 4677 4677 4749 4749 4677 4677 4750 4750 4749 4749 4677 4677 4678 4678 4750 4750 4678 4678 4751 4751 4750 4750 4678 4678 4679 4679 4751 4751 4679 4679 4752 4752 4751 4751 4679 4679 4680 4680 4752 4752 4680 4680 4753 4753 4752 4752 4680 4680 4681 4681 4753 4753 4681 4681 4754 4754 4753 4753 4681 4681 4682 4682 4754 4754 4682 4682 4755 4755 4754 4754 4682 4682 4683 4683 4755 4755 4683 4683 4756 4756 4755 4755 4683 4683 4684 4684 4756 4756 4684 4684 4757 4757 4756 4756 4684 4684 4685 4685 4757 4757 4685 4685 4758 4758 4757 4757 4685 4685 4686 4686 4758 4758 4686 4686 4759 4759 4758 4758 4686 4686 4687 4687 4759 4759 4687 4687 4760 4760 4759 4759 4687 4687 4688 4688 4760 4760 4688 4688 4761 4761 4760 4760 4688 4688 4689 4689 4761 4761 4689 4689 4762 4762 4761 4761 4689 4689 4690 4690 4762 4762 4690 4690 4763 4763 4762 4762 4690 4690 4691 4691 4763 4763 4691 4691 4764 4764 4763 4763 4691 4691 4692 4692 4764 4764 4692 4692 4765 4765 4764 4764 4692 4692 4693 4693 4765 4765 4693 4693 4766 4766 4765 4765 4693 4693 4694 4694 4766 4766 4694 4694 4767 4767 4766 4766 4694 4694 4695 4695 4767 4767 4695 4695 4768 4768 4767 4767 4695 4695 4696 4696 4768 4768 4696 4696 4769 4769 4768 4768 4696 4696 4697 4697 4769 4769 4697 4697 4770 4770 4769 4769 4697 4697 4698 4698 4770 4770 4698 4698 4771 4771 4770 4770 4698 4698 4699 4699 4771 4771 4699 4699 4772 4772 4771 4771 4699 4699 4700 4700 4772 4772 4700 4700 4773 4773 4772 4772 4700 4700 4701 4701 4773 4773 4701 4701 4774 4774 4773 4773 4701 4701 4702 4702 4774 4774 4702 4702 4775 4775 4774 4774 4702 4702 4703 4703 4775 4775 4703 4703 4776 4776 4775 4775 4703 4703 4704 4704 4776 4776 4704 4704 4777 4777 4776 4776 4704 4704 4705 4705 4777 4777 4705 4705 4778 4778 4777 4777 4705 4705 4706 4706 4778 4778 4706 4706 4779 4779 4778 4778 4706 4706 4707 4707 4779 4779 4707 4707 4780 4780 4779 4779 4707 4707 4708 4708 4780 4780 4708 4708 4781 4781 4780 4780 4708 4708 4709 4709 4781 4781 4709 4709 4782 4782 4781 4781 4709 4709 4710 4710 4782 4782 4710 4710 4783 4783 4782 4782 4710 4710 4711 4711 4783 4783 4711 4711 4784 4784 4783 4783 4711 4711 4712 4712 4784 4784 4712 4712 4785 4785 4784 4784 4712 4712 4713 4713 4785 4785 4713 4713 4786 4786 4785 4785 4713 4713 4714 4714 4786 4786 4714 4714 4787 4787 4786 4786 4714 4714 4715 4715 4787 4787 4715 4715 4788 4788 4787 4787 4715 4715 4716 4716 4788 4788 4716 4716 4789 4789 4788 4788 4716 4716 4717 4717 4789 4789 4717 4717 4790 4790 4789 4789 4717 4717 4718 4718 4790 4790 4718 4718 4791 4791 4790 4790 4718 4718 4719 4719 4791 4791 4719 4719 4792 4792 4791 4791 4719 4719 4720 4720 4792 4792 4720 4720 4793 4793 4792 4792 4720 4720 4721 4721 4793 4793 4721 4721 4794 4794 4793 4793 4721 4721 4722 4722 4794 4794 4722 4722 4795 4795 4794 4794 4722 4722 4723 4723 4795 4795 4723 4723 4796 4796 4795 4795 4723 4723 4724 4724 4796 4796 4724 4724 4797 4797 4796 4796 4724 4724 4725 4725 4797 4797 4725 4725 4798 4798 4797 4797 4725 4725 4726 4726 4798 4798 4726 4726 4799 4799 4798 4798 4726 4726 4727 4727 4799 4799 4727 4727 4800 4800 4799 4799 4727 4727 4728 4728 4800 4800 4728 4728 4801 4801 4800 4800 4728 4728 4729 4729 4801 4801 4729 4729 4802 4802 4801 4801 4729 4729 4730 4730 4802 4802 4730 4730 4803 4803 4802 4802 4730 4730 4731 4731 4803 4803 4731 4731 4804 4804 4803 4803 4731 4731 4732 4732 4804 4804 4732 4732 4805 4805 4804 4804 4732 4732 4733 4733 4805 4805 4733 4733 4806 4806 4805 4805 4733 4733 4734 4734 4806 4806 4734 4734 4807 4807 4806 4806 4734 4734 4735 4735 4807 4807 4735 4735 4808 4808 4807 4807 4735 4735 4736 4736 4808 4808 4736 4736 4809 4809 4808 4808 4736 4736 4737 4737 4809 4809 4737 4737 4810 4810 4809 4809 4737 4737 4738 4738 4810 4810 4738 4738 4811 4811 4810 4810 4738 4738 4739 4739 4811 4811 4739 4739 4812 4812 4811 4811 4739 4739 4740 4740 4812 4812 4740 4740 4813 4813 4812 4812 4740 4740 4741 4741 4813 4813 4741 4741 4814 4814 4813 4813 4741 4741 4742 4742 4814 4814 4742 4742 4815 4815 4814 4814 4742 4742 4743 4743 4815 4815 4743 4743 4816 4816 4815 4815 4743 4743 4744 4744 4816 4816 4744 4744 4817 4817 4816 4816 4745 4745 4746 4746 4818 4818 4746 4746 4819 4819 4818 4818 4746 4746 4747 4747 4819 4819 4747 4747 4820 4820 4819 4819 4747 4747 4748 4748 4820 4820 4748 4748 4821 4821 4820 4820 4748 4748 4749 4749 4821 4821 4749 4749 4822 4822 4821 4821 4749 4749 4750 4750 4822 4822 4750 4750 4823 4823 4822 4822 4750 4750 4751 4751 4823 4823 4751 4751 4824 4824 4823 4823 4751 4751 4752 4752 4824 4824 4752 4752 4825 4825 4824 4824 4752 4752 4753 4753 4825 4825 4753 4753 4826 4826 4825 4825 4753 4753 4754 4754 4826 4826 4754 4754 4827 4827 4826 4826 4754 4754 4755 4755 4827 4827 4755 4755 4828 4828 4827 4827 4755 4755 4756 4756 4828 4828 4756 4756 4829 4829 4828 4828 4756 4756 4757 4757 4829 4829 4757 4757 4830 4830 4829 4829 4757 4757 4758 4758 4830 4830 4758 4758 4831 4831 4830 4830 4758 4758 4759 4759 4831 4831 4759 4759 4832 4832 4831 4831 4759 4759 4760 4760 4832 4832 4760 4760 4833 4833 4832 4832 4760 4760 4761 4761 4833 4833 4761 4761 4834 4834 4833 4833 4761 4761 4762 4762 4834 4834 4762 4762 4835 4835 4834 4834 4762 4762 4763 4763 4835 4835 4763 4763 4836 4836 4835 4835 4763 4763 4764 4764 4836 4836 4764 4764 4837 4837 4836 4836 4764 4764 4765 4765 4837 4837 4765 4765 4838 4838 4837 4837 4765 4765 4766 4766 4838 4838 4766 4766 4839 4839 4838 4838 4766 4766 4767 4767 4839 4839 4767 4767 4840 4840 4839 4839 4767 4767 4768 4768 4840 4840 4768 4768 4841 4841 4840 4840 4768 4768 4769 4769 4841 4841 4769 4769 4842 4842 4841 4841 4769 4769 4770 4770 4842 4842 4770 4770 4843 4843 4842 4842 4770 4770 4771 4771 4843 4843 4771 4771 4844 4844 4843 4843 4771 4771 4772 4772 4844 4844 4772 4772 4845 4845 4844 4844 4772 4772 4773 4773 4845 4845 4773 4773 4846 4846 4845 4845 4773 4773 4774 4774 4846 4846 4774 4774 4847 4847 4846 4846 4774 4774 4775 4775 4847 4847 4775 4775 4848 4848 4847 4847 4775 4775 4776 4776 4848 4848 4776 4776 4849 4849 4848 4848 4776 4776 4777 4777 4849 4849 4777 4777 4850 4850 4849 4849 4777 4777 4778 4778 4850 4850 4778 4778 4851 4851 4850 4850 4778 4778 4779 4779 4851 4851 4779 4779 4852 4852 4851 4851 4779 4779 4780 4780 4852 4852 4780 4780 4853 4853 4852 4852 4780 4780 4781 4781 4853 4853 4781 4781 4854 4854 4853 4853 4781 4781 4782 4782 4854 4854 4782 4782 4855 4855 4854 4854 4782 4782 4783 4783 4855 4855 4783 4783 4856 4856 4855 4855 4783 4783 4784 4784 4856 4856 4784 4784 4857 4857 4856 4856 4784 4784 4785 4785 4857 4857 4785 4785 4858 4858 4857 4857 4785 4785 4786 4786 4858 4858 4786 4786 4859 4859 4858 4858 4786 4786 4787 4787 4859 4859 4787 4787 4860 4860 4859 4859 4787 4787 4788 4788 4860 4860 4788 4788 4861 4861 4860 4860 4788 4788 4789 4789 4861 4861 4789 4789 4862 4862 4861 4861 4789 4789 4790 4790 4862 4862 4790 4790 4863 4863 4862 4862 4790 4790 4791 4791 4863 4863 4791 4791 4864 4864 4863 4863 4791 4791 4792 4792 4864 4864 4792 4792 4865 4865 4864 4864 4792 4792 4793 4793 4865 4865 4793 4793 4866 4866 4865 4865 4793 4793 4794 4794 4866 4866 4794 4794 4867 4867 4866 4866 4794 4794 4795 4795 4867 4867 4795 4795 4868 4868 4867 4867 4795 4795 4796 4796 4868 4868 4796 4796 4869 4869 4868 4868 4796 4796 4797 4797 4869 4869 4797 4797 4870 4870 4869 4869 4797 4797 4798 4798 4870 4870 4798 4798 4871 4871 4870 4870 4798 4798 4799 4799 4871 4871 4799 4799 4872 4872 4871 4871 4799 4799 4800 4800 4872 4872 4800 4800 4873 4873 4872 4872 4800 4800 4801 4801 4873 4873 4801 4801 4874 4874 4873 4873 4801 4801 4802 4802 4874 4874 4802 4802 4875 4875 4874 4874 4802 4802 4803 4803 4875 4875 4803 4803 4876 4876 4875 4875 4803 4803 4804 4804 4876 4876 4804 4804 4877 4877 4876 4876 4804 4804 4805 4805 4877 4877 4805 4805 4878 4878 4877 4877 4805 4805 4806 4806 4878 4878 4806 4806 4879 4879 4878 4878 4806 4806 4807 4807 4879 4879 4807 4807 4880 4880 4879 4879 4807 4807 4808 4808 4880 4880 4808 4808 4881 4881 4880 4880 4808 4808 4809 4809 4881 4881 4809 4809 4882 4882 4881 4881 4809 4809 4810 4810 4882 4882 4810 4810 4883 4883 4882 4882 4810 4810 4811 4811 4883 4883 4811 4811 4884 4884 4883 4883 4811 4811 4812 4812 4884 4884 4812 4812 4885 4885 4884 4884 4812 4812 4813 4813 4885 4885 4813 4813 4886 4886 4885 4885 4813 4813 4814 4814 4886 4886 4814 4814 4887 4887 4886 4886 4814 4814 4815 4815 4887 4887 4815 4815 4888 4888 4887 4887 4815 4815 4816 4816 4888 4888 4816 4816 4889 4889 4888 4888 4816 4816 4817 4817 4889 4889 4817 4817 4890 4890 4889 4889 4818 4818 4819 4819 4891 4891 4819 4819 4892 4892 4891 4891 4819 4819 4820 4820 4892 4892 4820 4820 4893 4893 4892 4892 4820 4820 4821 4821 4893 4893 4821 4821 4894 4894 4893 4893 4821 4821 4822 4822 4894 4894 4822 4822 4895 4895 4894 4894 4822 4822 4823 4823 4895 4895 4823 4823 4896 4896 4895 4895 4823 4823 4824 4824 4896 4896 4824 4824 4897 4897 4896 4896 4824 4824 4825 4825 4897 4897 4825 4825 4898 4898 4897 4897 4825 4825 4826 4826 4898 4898 4826 4826 4899 4899 4898 4898 4826 4826 4827 4827 4899 4899 4827 4827 4900 4900 4899 4899 4827 4827 4828 4828 4900 4900 4828 4828 4901 4901 4900 4900 4828 4828 4829 4829 4901 4901 4829 4829 4902 4902 4901 4901 4829 4829 4830 4830 4902 4902 4830 4830 4903 4903 4902 4902 4830 4830 4831 4831 4903 4903 4831 4831 4904 4904 4903 4903 4831 4831 4832 4832 4904 4904 4832 4832 4905 4905 4904 4904 4832 4832 4833 4833 4905 4905 4833 4833 4906 4906 4905 4905 4833 4833 4834 4834 4906 4906 4834 4834 4907 4907 4906 4906 4834 4834 4835 4835 4907 4907 4835 4835 4908 4908 4907 4907 4835 4835 4836 4836 4908 4908 4836 4836 4909 4909 4908 4908 4836 4836 4837 4837 4909 4909 4837 4837 4910 4910 4909 4909 4837 4837 4838 4838 4910 4910 4838 4838 4911 4911 4910 4910 4838 4838 4839 4839 4911 4911 4839 4839 4912 4912 4911 4911 4839 4839 4840 4840 4912 4912 4840 4840 4913 4913 4912 4912 4840 4840 4841 4841 4913 4913 4841 4841 4914 4914 4913 4913 4841 4841 4842 4842 4914 4914 4842 4842 4915 4915 4914 4914 4842 4842 4843 4843 4915 4915 4843 4843 4916 4916 4915 4915 4843 4843 4844 4844 4916 4916 4844 4844 4917 4917 4916 4916 4844 4844 4845 4845 4917 4917 4845 4845 4918 4918 4917 4917 4845 4845 4846 4846 4918 4918 4846 4846 4919 4919 4918 4918 4846 4846 4847 4847 4919 4919 4847 4847 4920 4920 4919 4919 4847 4847 4848 4848 4920 4920 4848 4848 4921 4921 4920 4920 4848 4848 4849 4849 4921 4921 4849 4849 4922 4922 4921 4921 4849 4849 4850 4850 4922 4922 4850 4850 4923 4923 4922 4922 4850 4850 4851 4851 4923 4923 4851 4851 4924 4924 4923 4923 4851 4851 4852 4852 4924 4924 4852 4852 4925 4925 4924 4924 4852 4852 4853 4853 4925 4925 4853 4853 4926 4926 4925 4925 4853 4853 4854 4854 4926 4926 4854 4854 4927 4927 4926 4926 4854 4854 4855 4855 4927 4927 4855 4855 4928 4928 4927 4927 4855 4855 4856 4856 4928 4928 4856 4856 4929 4929 4928 4928 4856 4856 4857 4857 4929 4929 4857 4857 4930 4930 4929 4929 4857 4857 4858 4858 4930 4930 4858 4858 4931 4931 4930 4930 4858 4858 4859 4859 4931 4931 4859 4859 4932 4932 4931 4931 4859 4859 4860 4860 4932 4932 4860 4860 4933 4933 4932 4932 4860 4860 4861 4861 4933 4933 4861 4861 4934 4934 4933 4933 4861 4861 4862 4862 4934 4934 4862 4862 4935 4935 4934 4934 4862 4862 4863 4863 4935 4935 4863 4863 4936 4936 4935 4935 4863 4863 4864 4864 4936 4936 4864 4864 4937 4937 4936 4936 4864 4864 4865 4865 4937 4937 4865 4865 4938 4938 4937 4937 4865 4865 4866 4866 4938 4938 4866 4866 4939 4939 4938 4938 4866 4866 4867 4867 4939 4939 4867 4867 4940 4940 4939 4939 4867 4867 4868 4868 4940 4940 4868 4868 4941 4941 4940 4940 4868 4868 4869 4869 4941 4941 4869 4869 4942 4942 4941 4941 4869 4869 4870 4870 4942 4942 4870 4870 4943 4943 4942 4942 4870 4870 4871 4871 4943 4943 4871 4871 4944 4944 4943 4943 4871 4871 4872 4872 4944 4944 4872 4872 4945 4945 4944 4944 4872 4872 4873 4873 4945 4945 4873 4873 4946 4946 4945 4945 4873 4873 4874 4874 4946 4946 4874 4874 4947 4947 4946 4946 4874 4874 4875 4875 4947 4947 4875 4875 4948 4948 4947 4947 4875 4875 4876 4876 4948 4948 4876 4876 4949 4949 4948 4948 4876 4876 4877 4877 4949 4949 4877 4877 4950 4950 4949 4949 4877 4877 4878 4878 4950 4950 4878 4878 4951 4951 4950 4950 4878 4878 4879 4879 4951 4951 4879 4879 4952 4952 4951 4951 4879 4879 4880 4880 4952 4952 4880 4880 4953 4953 4952 4952 4880 4880 4881 4881 4953 4953 4881 4881 4954 4954 4953 4953 4881 4881 4882 4882 4954 4954 4882 4882 4955 4955 4954 4954 4882 4882 4883 4883 4955 4955 4883 4883 4956 4956 4955 4955 4883 4883 4884 4884 4956 4956 4884 4884 4957 4957 4956 4956 4884 4884 4885 4885 4957 4957 4885 4885 4958 4958 4957 4957 4885 4885 4886 4886 4958 4958 4886 4886 4959 4959 4958 4958 4886 4886 4887 4887 4959 4959 4887 4887 4960 4960 4959 4959 4887 4887 4888 4888 4960 4960 4888 4888 4961 4961 4960 4960 4888 4888 4889 4889 4961 4961 4889 4889 4962 4962 4961 4961 4889 4889 4890 4890 4962 4962 4890 4890 4963 4963 4962 4962 4891 4891 4892 4892 4964 4964 4892 4892 4965 4965 4964 4964 4892 4892 4893 4893 4965 4965 4893 4893 4966 4966 4965 4965 4893 4893 4894 4894 4966 4966 4894 4894 4967 4967 4966 4966 4894 4894 4895 4895 4967 4967 4895 4895 4968 4968 4967 4967 4895 4895 4896 4896 4968 4968 4896 4896 4969 4969 4968 4968 4896 4896 4897 4897 4969 4969 4897 4897 4970 4970 4969 4969 4897 4897 4898 4898 4970 4970 4898 4898 4971 4971 4970 4970 4898 4898 4899 4899 4971 4971 4899 4899 4972 4972 4971 4971 4899 4899 4900 4900 4972 4972 4900 4900 4973 4973 4972 4972 4900 4900 4901 4901 4973 4973 4901 4901 4974 4974 4973 4973 4901 4901 4902 4902 4974 4974 4902 4902 4975 4975 4974 4974 4902 4902 4903 4903 4975 4975 4903 4903 4976 4976 4975 4975 4903 4903 4904 4904 4976 4976 4904 4904 4977 4977 4976 4976 4904 4904 4905 4905 4977 4977 4905 4905 4978 4978 4977 4977 4905 4905 4906 4906 4978 4978 4906 4906 4979 4979 4978 4978 4906 4906 4907 4907 4979 4979 4907 4907 4980 4980 4979 4979 4907 4907 4908 4908 4980 4980 4908 4908 4981 4981 4980 4980 4908 4908 4909 4909 4981 4981 4909 4909 4982 4982 4981 4981 4909 4909 4910 4910 4982 4982 4910 4910 4983 4983 4982 4982 4910 4910 4911 4911 4983 4983 4911 4911 4984 4984 4983 4983 4911 4911 4912 4912 4984 4984 4912 4912 4985 4985 4984 4984 4912 4912 4913 4913 4985 4985 4913 4913 4986 4986 4985 4985 4913 4913 4914 4914 4986 4986 4914 4914 4987 4987 4986 4986 4914 4914 4915 4915 4987 4987 4915 4915 4988 4988 4987 4987 4915 4915 4916 4916 4988 4988 4916 4916 4989 4989 4988 4988 4916 4916 4917 4917 4989 4989 4917 4917 4990 4990 4989 4989 4917 4917 4918 4918 4990 4990 4918 4918 4991 4991 4990 4990 4918 4918 4919 4919 4991 4991 4919 4919 4992 4992 4991 4991 4919 4919 4920 4920 4992 4992 4920 4920 4993 4993 4992 4992 4920 4920 4921 4921 4993 4993 4921 4921 4994 4994 4993 4993 4921 4921 4922 4922 4994 4994 4922 4922 4995 4995 4994 4994 4922 4922 4923 4923 4995 4995 4923 4923 4996 4996 4995 4995 4923 4923 4924 4924 4996 4996 4924 4924 4997 4997 4996 4996 4924 4924 4925 4925 4997 4997 4925 4925 4998 4998 4997 4997 4925 4925 4926 4926 4998 4998 4926 4926 4999 4999 4998 4998 4926 4926 4927 4927 4999 4999 4927 4927 5000 5000 4999 4999 4927 4927 4928 4928 5000 5000 4928 4928 5001 5001 5000 5000 4928 4928 4929 4929 5001 5001 4929 4929 5002 5002 5001 5001 4929 4929 4930 4930 5002 5002 4930 4930 5003 5003 5002 5002 4930 4930 4931 4931 5003 5003 4931 4931 5004 5004 5003 5003 4931 4931 4932 4932 5004 5004 4932 4932 5005 5005 5004 5004 4932 4932 4933 4933 5005 5005 4933 4933 5006 5006 5005 5005 4933 4933 4934 4934 5006 5006 4934 4934 5007 5007 5006 5006 4934 4934 4935 4935 5007 5007 4935 4935 5008 5008 5007 5007 4935 4935 4936 4936 5008 5008 4936 4936 5009 5009 5008 5008 4936 4936 4937 4937 5009 5009 4937 4937 5010 5010 5009 5009 4937 4937 4938 4938 5010 5010 4938 4938 5011 5011 5010 5010 4938 4938 4939 4939 5011 5011 4939 4939 5012 5012 5011 5011 4939 4939 4940 4940 5012 5012 4940 4940 5013 5013 5012 5012 4940 4940 4941 4941 5013 5013 4941 4941 5014 5014 5013 5013 4941 4941 4942 4942 5014 5014 4942 4942 5015 5015 5014 5014 4942 4942 4943 4943 5015 5015 4943 4943 5016 5016 5015 5015 4943 4943 4944 4944 5016 5016 4944 4944 5017 5017 5016 5016 4944 4944 4945 4945 5017 5017 4945 4945 5018 5018 5017 5017 4945 4945 4946 4946 5018 5018 4946 4946 5019 5019 5018 5018 4946 4946 4947 4947 5019 5019 4947 4947 5020 5020 5019 5019 4947 4947 4948 4948 5020 5020 4948 4948 5021 5021 5020 5020 4948 4948 4949 4949 5021 5021 4949 4949 5022 5022 5021 5021 4949 4949 4950 4950 5022 5022 4950 4950 5023 5023 5022 5022 4950 4950 4951 4951 5023 5023 4951 4951 5024 5024 5023 5023 4951 4951 4952 4952 5024 5024 4952 4952 5025 5025 5024 5024 4952 4952 4953 4953 5025 5025 4953 4953 5026 5026 5025 5025 4953 4953 4954 4954 5026 5026 4954 4954 5027 5027 5026 5026 4954 4954 4955 4955 5027 5027 4955 4955 5028 5028 5027 5027 4955 4955 4956 4956 5028 5028 4956 4956 5029 5029 5028 5028 4956 4956 4957 4957 5029 5029 4957 4957 5030 5030 5029 5029 4957 4957 4958 4958 5030 5030 4958 4958 5031 5031 5030 5030 4958 4958 4959 4959 5031 5031 4959 4959 5032 5032 5031 5031 4959 4959 4960 4960 5032 5032 4960 4960 5033 5033 5032 5032 4960 4960 4961 4961 5033 5033 4961 4961 5034 5034 5033 5033 4961 4961 4962 4962 5034 5034 4962 4962 5035 5035 5034 5034 4962 4962 4963 4963 5035 5035 4963 4963 5036 5036 5035 5035 4964 4964 4965 4965 5037 5037 4965 4965 5038 5038 5037 5037 4965 4965 4966 4966 5038 5038 4966 4966 5039 5039 5038 5038 4966 4966 4967 4967 5039 5039 4967 4967 5040 5040 5039 5039 4967 4967 4968 4968 5040 5040 4968 4968 5041 5041 5040 5040 4968 4968 4969 4969 5041 5041 4969 4969 5042 5042 5041 5041 4969 4969 4970 4970 5042 5042 4970 4970 5043 5043 5042 5042 4970 4970 4971 4971 5043 5043 4971 4971 5044 5044 5043 5043 4971 4971 4972 4972 5044 5044 4972 4972 5045 5045 5044 5044 4972 4972 4973 4973 5045 5045 4973 4973 5046 5046 5045 5045 4973 4973 4974 4974 5046 5046 4974 4974 5047 5047 5046 5046 4974 4974 4975 4975 5047 5047 4975 4975 5048 5048 5047 5047 4975 4975 4976 4976 5048 5048 4976 4976 5049 5049 5048 5048 4976 4976 4977 4977 5049 5049 4977 4977 5050 5050 5049 5049 4977 4977 4978 4978 5050 5050 4978 4978 5051 5051 5050 5050 4978 4978 4979 4979 5051 5051 4979 4979 5052 5052 5051 5051 4979 4979 4980 4980 5052 5052 4980 4980 5053 5053 5052 5052 4980 4980 4981 4981 5053 5053 4981 4981 5054 5054 5053 5053 4981 4981 4982 4982 5054 5054 4982 4982 5055 5055 5054 5054 4982 4982 4983 4983 5055 5055 4983 4983 5056 5056 5055 5055 4983 4983 4984 4984 5056 5056 4984 4984 5057 5057 5056 5056 4984 4984 4985 4985 5057 5057 4985 4985 5058 5058 5057 5057 4985 4985 4986 4986 5058 5058 4986 4986 5059 5059 5058 5058 4986 4986 4987 4987 5059 5059 4987 4987 5060 5060 5059 5059 4987 4987 4988 4988 5060 5060 4988 4988 5061 5061 5060 5060 4988 4988 4989 4989 5061 5061 4989 4989 5062 5062 5061 5061 4989 4989 4990 4990 5062 5062 4990 4990 5063 5063 5062 5062 4990 4990 4991 4991 5063 5063 4991 4991 5064 5064 5063 5063 4991 4991 4992 4992 5064 5064 4992 4992 5065 5065 5064 5064 4992 4992 4993 4993 5065 5065 4993 4993 5066 5066 5065 5065 4993 4993 4994 4994 5066 5066 4994 4994 5067 5067 5066 5066 4994 4994 4995 4995 5067 5067 4995 4995 5068 5068 5067 5067 4995 4995 4996 4996 5068 5068 4996 4996 5069 5069 5068 5068 4996 4996 4997 4997 5069 5069 4997 4997 5070 5070 5069 5069 4997 4997 4998 4998 5070 5070 4998 4998 5071 5071 5070 5070 4998 4998 4999 4999 5071 5071 4999 4999 5072 5072 5071 5071 4999 4999 5000 5000 5072 5072 5000 5000 5073 5073 5072 5072 5000 5000 5001 5001 5073 5073 5001 5001 5074 5074 5073 5073 5001 5001 5002 5002 5074 5074 5002 5002 5075 5075 5074 5074 5002 5002 5003 5003 5075 5075 5003 5003 5076 5076 5075 5075 5003 5003 5004 5004 5076 5076 5004 5004 5077 5077 5076 5076 5004 5004 5005 5005 5077 5077 5005 5005 5078 5078 5077 5077 5005 5005 5006 5006 5078 5078 5006 5006 5079 5079 5078 5078 5006 5006 5007 5007 5079 5079 5007 5007 5080 5080 5079 5079 5007 5007 5008 5008 5080 5080 5008 5008 5081 5081 5080 5080 5008 5008 5009 5009 5081 5081 5009 5009 5082 5082 5081 5081 5009 5009 5010 5010 5082 5082 5010 5010 5083 5083 5082 5082 5010 5010 5011 5011 5083 5083 5011 5011 5084 5084 5083 5083 5011 5011 5012 5012 5084 5084 5012 5012 5085 5085 5084 5084 5012 5012 5013 5013 5085 5085 5013 5013 5086 5086 5085 5085 5013 5013 5014 5014 5086 5086 5014 5014 5087 5087 5086 5086 5014 5014 5015 5015 5087 5087 5015 5015 5088 5088 5087 5087 5015 5015 5016 5016 5088 5088 5016 5016 5089 5089 5088 5088 5016 5016 5017 5017 5089 5089 5017 5017 5090 5090 5089 5089 5017 5017 5018 5018 5090 5090 5018 5018 5091 5091 5090 5090 5018 5018 5019 5019 5091 5091 5019 5019 5092 5092 5091 5091 5019 5019 5020 5020 5092 5092 5020 5020 5093 5093 5092 5092 5020 5020 5021 5021 5093 5093 5021 5021 5094 5094 5093 5093 5021 5021 5022 5022 5094 5094 5022 5022 5095 5095 5094 5094 5022 5022 5023 5023 5095 5095 5023 5023 5096 5096 5095 5095 5023 5023 5024 5024 5096 5096 5024 5024 5097 5097 5096 5096 5024 5024 5025 5025 5097 5097 5025 5025 5098 5098 5097 5097 5025 5025 5026 5026 5098 5098 5026 5026 5099 5099 5098 5098 5026 5026 5027 5027 5099 5099 5027 5027 5100 5100 5099 5099 5027 5027 5028 5028 5100 5100 5028 5028 5101 5101 5100 5100 5028 5028 5029 5029 5101 5101 5029 5029 5102 5102 5101 5101 5029 5029 5030 5030 5102 5102 5030 5030 5103 5103 5102 5102 5030 5030 5031 5031 5103 5103 5031 5031 5104 5104 5103 5103 5031 5031 5032 5032 5104 5104 5032 5032 5105 5105 5104 5104 5032 5032 5033 5033 5105 5105 5033 5033 5106 5106 5105 5105 5033 5033 5034 5034 5106 5106 5034 5034 5107 5107 5106 5106 5034 5034 5035 5035 5107 5107 5035 5035 5108 5108 5107 5107 5035 5035 5036 5036 5108 5108 5036 5036 5109 5109 5108 5108 5037 5037 5038 5038 5110 5110 5038 5038 5111 5111 5110 5110 5038 5038 5039 5039 5111 5111 5039 5039 5112 5112 5111 5111 5039 5039 5040 5040 5112 5112 5040 5040 5113 5113 5112 5112 5040 5040 5041 5041 5113 5113 5041 5041 5114 5114 5113 5113 5041 5041 5042 5042 5114 5114 5042 5042 5115 5115 5114 5114 5042 5042 5043 5043 5115 5115 5043 5043 5116 5116 5115 5115 5043 5043 5044 5044 5116 5116 5044 5044 5117 5117 5116 5116 5044 5044 5045 5045 5117 5117 5045 5045 5118 5118 5117 5117 5045 5045 5046 5046 5118 5118 5046 5046 5119 5119 5118 5118 5046 5046 5047 5047 5119 5119 5047 5047 5120 5120 5119 5119 5047 5047 5048 5048 5120 5120 5048 5048 5121 5121 5120 5120 5048 5048 5049 5049 5121 5121 5049 5049 5122 5122 5121 5121 5049 5049 5050 5050 5122 5122 5050 5050 5123 5123 5122 5122 5050 5050 5051 5051 5123 5123 5051 5051 5124 5124 5123 5123 5051 5051 5052 5052 5124 5124 5052 5052 5125 5125 5124 5124 5052 5052 5053 5053 5125 5125 5053 5053 5126 5126 5125 5125 5053 5053 5054 5054 5126 5126 5054 5054 5127 5127 5126 5126 5054 5054 5055 5055 5127 5127 5055 5055 5128 5128 5127 5127 5055 5055 5056 5056 5128 5128 5056 5056 5129 5129 5128 5128 5056 5056 5057 5057 5129 5129 5057 5057 5130 5130 5129 5129 5057 5057 5058 5058 5130 5130 5058 5058 5131 5131 5130 5130 5058 5058 5059 5059 5131 5131 5059 5059 5132 5132 5131 5131 5059 5059 5060 5060 5132 5132 5060 5060 5133 5133 5132 5132 5060 5060 5061 5061 5133 5133 5061 5061 5134 5134 5133 5133 5061 5061 5062 5062 5134 5134 5062 5062 5135 5135 5134 5134 5062 5062 5063 5063 5135 5135 5063 5063 5136 5136 5135 5135 5063 5063 5064 5064 5136 5136 5064 5064 5137 5137 5136 5136 5064 5064 5065 5065 5137 5137 5065 5065 5138 5138 5137 5137 5065 5065 5066 5066 5138 5138 5066 5066 5139 5139 5138 5138 5066 5066 5067 5067 5139 5139 5067 5067 5140 5140 5139 5139 5067 5067 5068 5068 5140 5140 5068 5068 5141 5141 5140 5140 5068 5068 5069 5069 5141 5141 5069 5069 5142 5142 5141 5141 5069 5069 5070 5070 5142 5142 5070 5070 5143 5143 5142 5142 5070 5070 5071 5071 5143 5143 5071 5071 5144 5144 5143 5143 5071 5071 5072 5072 5144 5144 5072 5072 5145 5145 5144 5144 5072 5072 5073 5073 5145 5145 5073 5073 5146 5146 5145 5145 5073 5073 5074 5074 5146 5146 5074 5074 5147 5147 5146 5146 5074 5074 5075 5075 5147 5147 5075 5075 5148 5148 5147 5147 5075 5075 5076 5076 5148 5148 5076 5076 5149 5149 5148 5148 5076 5076 5077 5077 5149 5149 5077 5077 5150 5150 5149 5149 5077 5077 5078 5078 5150 5150 5078 5078 5151 5151 5150 5150 5078 5078 5079 5079 5151 5151 5079 5079 5152 5152 5151 5151 5079 5079 5080 5080 5152 5152 5080 5080 5153 5153 5152 5152 5080 5080 5081 5081 5153 5153 5081 5081 5154 5154 5153 5153 5081 5081 5082 5082 5154 5154 5082 5082 5155 5155 5154 5154 5082 5082 5083 5083 5155 5155 5083 5083 5156 5156 5155 5155 5083 5083 5084 5084 5156 5156 5084 5084 5157 5157 5156 5156 5084 5084 5085 5085 5157 5157 5085 5085 5158 5158 5157 5157 5085 5085 5086 5086 5158 5158 5086 5086 5159 5159 5158 5158 5086 5086 5087 5087 5159 5159 5087 5087 5160 5160 5159 5159 5087 5087 5088 5088 5160 5160 5088 5088 5161 5161 5160 5160 5088 5088 5089 5089 5161 5161 5089 5089 5162 5162 5161 5161 5089 5089 5090 5090 5162 5162 5090 5090 5163 5163 5162 5162 5090 5090 5091 5091 5163 5163 5091 5091 5164 5164 5163 5163 5091 5091 5092 5092 5164 5164 5092 5092 5165 5165 5164 5164 5092 5092 5093 5093 5165 5165 5093 5093 5166 5166 5165 5165 5093 5093 5094 5094 5166 5166 5094 5094 5167 5167 5166 5166 5094 5094 5095 5095 5167 5167 5095 5095 5168 5168 5167 5167 5095 5095 5096 5096 5168 5168 5096 5096 5169 5169 5168 5168 5096 5096 5097 5097 5169 5169 5097 5097 5170 5170 5169 5169 5097 5097 5098 5098 5170 5170 5098 5098 5171 5171 5170 5170 5098 5098 5099 5099 5171 5171 5099 5099 5172 5172 5171 5171 5099 5099 5100 5100 5172 5172 5100 5100 5173 5173 5172 5172 5100 5100 5101 5101 5173 5173 5101 5101 5174 5174 5173 5173 5101 5101 5102 5102 5174 5174 5102 5102 5175 5175 5174 5174 5102 5102 5103 5103 5175 5175 5103 5103 5176 5176 5175 5175 5103 5103 5104 5104 5176 5176 5104 5104 5177 5177 5176 5176 5104 5104 5105 5105 5177 5177 5105 5105 5178 5178 5177 5177 5105 5105 5106 5106 5178 5178 5106 5106 5179 5179 5178 5178 5106 5106 5107 5107 5179 5179 5107 5107 5180 5180 5179 5179 5107 5107 5108 5108 5180 5180 5108 5108 5181 5181 5180 5180 5108 5108 5109 5109 5181 5181 5109 5109 5182 5182 5181 5181 5110 5110 5111 5111 5183 5183 5111 5111 5184 5184 5183 5183 5111 5111 5112 5112 5184 5184 5112 5112 5185 5185 5184 5184 5112 5112 5113 5113 5185 5185 5113 5113 5186 5186 5185 5185 5113 5113 5114 5114 5186 5186 5114 5114 5187 5187 5186 5186 5114 5114 5115 5115 5187 5187 5115 5115 5188 5188 5187 5187 5115 5115 5116 5116 5188 5188 5116 5116 5189 5189 5188 5188 5116 5116 5117 5117 5189 5189 5117 5117 5190 5190 5189 5189 5117 5117 5118 5118 5190 5190 5118 5118 5191 5191 5190 5190 5118 5118 5119 5119 5191 5191 5119 5119 5192 5192 5191 5191 5119 5119 5120 5120 5192 5192 5120 5120 5193 5193 5192 5192 5120 5120 5121 5121 5193 5193 5121 5121 5194 5194 5193 5193 5121 5121 5122 5122 5194 5194 5122 5122 5195 5195 5194 5194 5122 5122 5123 5123 5195 5195 5123 5123 5196 5196 5195 5195 5123 5123 5124 5124 5196 5196 5124 5124 5197 5197 5196 5196 5124 5124 5125 5125 5197 5197 5125 5125 5198 5198 5197 5197 5125 5125 5126 5126 5198 5198 5126 5126 5199 5199 5198 5198 5126 5126 5127 5127 5199 5199 5127 5127 5200 5200 5199 5199 5127 5127 5128 5128 5200 5200 5128 5128 5201 5201 5200 5200 5128 5128 5129 5129 5201 5201 5129 5129 5202 5202 5201 5201 5129 5129 5130 5130 5202 5202 5130 5130 5203 5203 5202 5202 5130 5130 5131 5131 5203 5203 5131 5131 5204 5204 5203 5203 5131 5131 5132 5132 5204 5204 5132 5132 5205 5205 5204 5204 5132 5132 5133 5133 5205 5205 5133 5133 5206 5206 5205 5205 5133 5133 5134 5134 5206 5206 5134 5134 5207 5207 5206 5206 5134 5134 5135 5135 5207 5207 5135 5135 5208 5208 5207 5207 5135 5135 5136 5136 5208 5208 5136 5136 5209 5209 5208 5208 5136 5136 5137 5137 5209 5209 5137 5137 5210 5210 5209 5209 5137 5137 5138 5138 5210 5210 5138 5138 5211 5211 5210 5210 5138 5138 5139 5139 5211 5211 5139 5139 5212 5212 5211 5211 5139 5139 5140 5140 5212 5212 5140 5140 5213 5213 5212 5212 5140 5140 5141 5141 5213 5213 5141 5141 5214 5214 5213 5213 5141 5141 5142 5142 5214 5214 5142 5142 5215 5215 5214 5214 5142 5142 5143 5143 5215 5215 5143 5143 5216 5216 5215 5215 5143 5143 5144 5144 5216 5216 5144 5144 5217 5217 5216 5216 5144 5144 5145 5145 5217 5217 5145 5145 5218 5218 5217 5217 5145 5145 5146 5146 5218 5218 5146 5146 5219 5219 5218 5218 5146 5146 5147 5147 5219 5219 5147 5147 5220 5220 5219 5219 5147 5147 5148 5148 5220 5220 5148 5148 5221 5221 5220 5220 5148 5148 5149 5149 5221 5221 5149 5149 5222 5222 5221 5221 5149 5149 5150 5150 5222 5222 5150 5150 5223 5223 5222 5222 5150 5150 5151 5151 5223 5223 5151 5151 5224 5224 5223 5223 5151 5151 5152 5152 5224 5224 5152 5152 5225 5225 5224 5224 5152 5152 5153 5153 5225 5225 5153 5153 5226 5226 5225 5225 5153 5153 5154 5154 5226 5226 5154 5154 5227 5227 5226 5226 5154 5154 5155 5155 5227 5227 5155 5155 5228 5228 5227 5227 5155 5155 5156 5156 5228 5228 5156 5156 5229 5229 5228 5228 5156 5156 5157 5157 5229 5229 5157 5157 5230 5230 5229 5229 5157 5157 5158 5158 5230 5230 5158 5158 5231 5231 5230 5230 5158 5158 5159 5159 5231 5231 5159 5159 5232 5232 5231 5231 5159 5159 5160 5160 5232 5232 5160 5160 5233 5233 5232 5232 5160 5160 5161 5161 5233 5233 5161 5161 5234 5234 5233 5233 5161 5161 5162 5162 5234 5234 5162 5162 5235 5235 5234 5234 5162 5162 5163 5163 5235 5235 5163 5163 5236 5236 5235 5235 5163 5163 5164 5164 5236 5236 5164 5164 5237 5237 5236 5236 5164 5164 5165 5165 5237 5237 5165 5165 5238 5238 5237 5237 5165 5165 5166 5166 5238 5238 5166 5166 5239 5239 5238 5238 5166 5166 5167 5167 5239 5239 5167 5167 5240 5240 5239 5239 5167 5167 5168 5168 5240 5240 5168 5168 5241 5241 5240 5240 5168 5168 5169 5169 5241 5241 5169 5169 5242 5242 5241 5241 5169 5169 5170 5170 5242 5242 5170 5170 5243 5243 5242 5242 5170 5170 5171 5171 5243 5243 5171 5171 5244 5244 5243 5243 5171 5171 5172 5172 5244 5244 5172 5172 5245 5245 5244 5244 5172 5172 5173 5173 5245 5245 5173 5173 5246 5246 5245 5245 5173 5173 5174 5174 5246 5246 5174 5174 5247 5247 5246 5246 5174 5174 5175 5175 5247 5247 5175 5175 5248 5248 5247 5247 5175 5175 5176 5176 5248 5248 5176 5176 5249 5249 5248 5248 5176 5176 5177 5177 5249 5249 5177 5177 5250 5250 5249 5249 5177 5177 5178 5178 5250 5250 5178 5178 5251 5251 5250 5250 5178 5178 5179 5179 5251 5251 5179 5179 5252 5252 5251 5251 5179 5179 5180 5180 5252 5252 5180 5180 5253 5253 5252 5252 5180 5180 5181 5181 5253 5253 5181 5181 5254 5254 5253 5253 5181 5181 5182 5182 5254 5254 5182 5182 5255 5255 5254 5254 5183 5183 5184 5184 5256 5256 5184 5184 5257 5257 5256 5256 5184 5184 5185 5185 5257 5257 5185 5185 5258 5258 5257 5257 5185 5185 5186 5186 5258 5258 5186 5186 5259 5259 5258 5258 5186 5186 5187 5187 5259 5259 5187 5187 5260 5260 5259 5259 5187 5187 5188 5188 5260 5260 5188 5188 5261 5261 5260 5260 5188 5188 5189 5189 5261 5261 5189 5189 5262 5262 5261 5261 5189 5189 5190 5190 5262 5262 5190 5190 5263 5263 5262 5262 5190 5190 5191 5191 5263 5263 5191 5191 5264 5264 5263 5263 5191 5191 5192 5192 5264 5264 5192 5192 5265 5265 5264 5264 5192 5192 5193 5193 5265 5265 5193 5193 5266 5266 5265 5265 5193 5193 5194 5194 5266 5266 5194 5194 5267 5267 5266 5266 5194 5194 5195 5195 5267 5267 5195 5195 5268 5268 5267 5267 5195 5195 5196 5196 5268 5268 5196 5196 5269 5269 5268 5268 5196 5196 5197 5197 5269 5269 5197 5197 5270 5270 5269 5269 5197 5197 5198 5198 5270 5270 5198 5198 5271 5271 5270 5270 5198 5198 5199 5199 5271 5271 5199 5199 5272 5272 5271 5271 5199 5199 5200 5200 5272 5272 5200 5200 5273 5273 5272 5272 5200 5200 5201 5201 5273 5273 5201 5201 5274 5274 5273 5273 5201 5201 5202 5202 5274 5274 5202 5202 5275 5275 5274 5274 5202 5202 5203 5203 5275 5275 5203 5203 5276 5276 5275 5275 5203 5203 5204 5204 5276 5276 5204 5204 5277 5277 5276 5276 5204 5204 5205 5205 5277 5277 5205 5205 5278 5278 5277 5277 5205 5205 5206 5206 5278 5278 5206 5206 5279 5279 5278 5278 5206 5206 5207 5207 5279 5279 5207 5207 5280 5280 5279 5279 5207 5207 5208 5208 5280 5280 5208 5208 5281 5281 5280 5280 5208 5208 5209 5209 5281 5281 5209 5209 5282 5282 5281 5281 5209 5209 5210 5210 5282 5282 5210 5210 5283 5283 5282 5282 5210 5210 5211 5211 5283 5283 5211 5211 5284 5284 5283 5283 5211 5211 5212 5212 5284 5284 5212 5212 5285 5285 5284 5284 5212 5212 5213 5213 5285 5285 5213 5213 5286 5286 5285 5285 5213 5213 5214 5214 5286 5286 5214 5214 5287 5287 5286 5286 5214 5214 5215 5215 5287 5287 5215 5215 5288 5288 5287 5287 5215 5215 5216 5216 5288 5288 5216 5216 5289 5289 5288 5288 5216 5216 5217 5217 5289 5289 5217 5217 5290 5290 5289 5289 5217 5217 5218 5218 5290 5290 5218 5218 5291 5291 5290 5290 5218 5218 5219 5219 5291 5291 5219 5219 5292 5292 5291 5291 5219 5219 5220 5220 5292 5292 5220 5220 5293 5293 5292 5292 5220 5220 5221 5221 5293 5293 5221 5221 5294 5294 5293 5293 5221 5221 5222 5222 5294 5294 5222 5222 5295 5295 5294 5294 5222 5222 5223 5223 5295 5295 5223 5223 5296 5296 5295 5295 5223 5223 5224 5224 5296 5296 5224 5224 5297 5297 5296 5296 5224 5224 5225 5225 5297 5297 5225 5225 5298 5298 5297 5297 5225 5225 5226 5226 5298 5298 5226 5226 5299 5299 5298 5298 5226 5226 5227 5227 5299 5299 5227 5227 5300 5300 5299 5299 5227 5227 5228 5228 5300 5300 5228 5228 5301 5301 5300 5300 5228 5228 5229 5229 5301 5301 5229 5229 5302 5302 5301 5301 5229 5229 5230 5230 5302 5302 5230 5230 5303 5303 5302 5302 5230 5230 5231 5231 5303 5303 5231 5231 5304 5304 5303 5303 5231 5231 5232 5232 5304 5304 5232 5232 5305 5305 5304 5304 5232 5232 5233 5233 5305 5305 5233 5233 5306 5306 5305 5305 5233 5233 5234 5234 5306 5306 5234 5234 5307 5307 5306 5306 5234 5234 5235 5235 5307 5307 5235 5235 5308 5308 5307 5307 5235 5235 5236 5236 5308 5308 5236 5236 5309 5309 5308 5308 5236 5236 5237 5237 5309 5309 5237 5237 5310 5310 5309 5309 5237 5237 5238 5238 5310 5310 5238 5238 5311 5311 5310 5310 5238 5238 5239 5239 5311 5311 5239 5239 5312 5312 5311 5311 5239 5239 5240 5240 5312 5312 5240 5240 5313 5313 5312 5312 5240 5240 5241 5241 5313 5313 5241 5241 5314 5314 5313 5313 5241 5241 5242 5242 5314 5314 5242 5242 5315 5315 5314 5314 5242 5242 5243 5243 5315 5315 5243 5243 5316 5316 5315 5315 5243 5243 5244 5244 5316 5316 5244 5244 5317 5317 5316 5316 5244 5244 5245 5245 5317 5317 5245 5245 5318 5318 5317 5317 5245 5245 5246 5246 5318 5318 5246 5246 5319 5319 5318 5318 5246 5246 5247 5247 5319 5319 5247 5247 5320 5320 5319 5319 5247 5247 5248 5248 5320 5320 5248 5248 5321 5321 5320 5320 5248 5248 5249 5249 5321 5321 5249 5249 5322 5322 5321 5321 5249 5249 5250 5250 5322 5322 5250 5250 5323 5323 5322 5322 5250 5250 5251 5251 5323 5323 5251 5251 5324 5324 5323 5323 5251 5251 5252 5252 5324 5324 5252 5252 5325 5325 5324 5324 5252 5252 5253 5253 5325 5325 5253 5253 5326 5326 5325 5325 5253 5253 5254 5254 5326 5326 5254 5254 5327 5327 5326 5326 5254 5254 5255 5255 5327 5327 5255 5255 5328 5328 5327 5327</p>
        </triangles>
      </mesh>
    </geometry>
  </library_geometries>
  <library_visual_scenes>
    <visual_scene id="Scene" name="Scene">
      <node id="mountain_terrain_node" name="mountain_terrain">
        <instance_geometry url="#mountain_terrain"/>
      </node>
    </visual_scene>
  </library_visual_scenes>
  <scene>
    <instance_visual_scene url="#Scene"/>
  </scene>
</COLLADA>
