<?xml version="1.0" encoding="utf-8"?>
<COLLADA xmlns="http://www.collada.org/2005/11/COLLADASchema" version="1.4.1">
  <asset>
    <contributor><authoring_tool>hiking_lora_sim procedural generator</authoring_tool></contributor>
    <unit name="meter" meter="1"/>
    <up_axis>Z_UP</up_axis>
  </asset>
  <library_geometries>
    <geometry id="trail_surface" name="trail_surface">
      <mesh>
        <source id="trail_surface_positions">
          <float_array id="trail_surface_positions_array" count="7794">-104.8823 -93.3431 0.435 -103.1177 -94.6569 0.435 -104.6799 -93.0713 0.435 -102.9114 -94.3798 0.435 -104.4578 -92.7693 0.435 -102.6831 -94.0695 0.435 -104.2147 -92.4362 0.435 -102.4355 -93.7302 0.4377 -103.9519 -92.0738 0.435 -102.1694 -93.3633 0.4619 -103.6703 -91.6838 0.4526 -101.8857 -92.9702 0.4869 -103.3711 -91.268 0.4902 -101.5849 -92.5524 0.5125 -103.0551 -90.8282 0.529 -101.2681 -92.1115 0.5383 -102.7233 -90.366 0.5685 -100.936 -91.6488 0.5638 -102.3768 -89.8831 0.6084 -100.5896 -91.1661 0.5888 -102.0163 -89.3811 0.6483 -100.2296 -90.6648 0.6128 -101.6428 -88.8616 0.6875 -99.8571 -90.1466 0.6354 -101.2573 -88.3264 0.7257 -99.4728 -89.6131 0.6561 -100.8607 -87.7769 0.7622 -99.0778 -89.0659 0.6745 -100.4538 -87.2149 0.7967 -98.6728 -88.5065 0.6902 -100.0376 -86.642 0.8286 -98.2588 -87.9365 0.7026 -99.613 -86.0596 0.8573 -97.8367 -87.3577 0.7115 -99.1808 -85.4696 0.8825 -97.4075 -86.7715 0.7164 -98.7421 -84.8734 0.9036 -96.9719 -86.1797 0.7169 -98.2977 -84.2727 0.9203 -96.531 -85.5838 0.7128 -97.8484 -83.6691 0.9322 -96.0856 -84.9854 0.7039 -97.3952 -83.0642 0.939 -95.6367 -84.3863 0.6898 -96.9389 -82.4595 0.9404 -95.1853 -83.7879 0.6705 -96.4806 -81.8567 0.9363 -94.7321 -83.1919 0.6459 -96.0209 -81.2573 0.9264 -94.2782 -82.6001 0.6159 -95.5609 -80.663 0.9108 -93.8245 -82.0139 0.5807 -95.1013 -80.0753 0.8894 -93.3719 -81.4351 0.5403 -94.6431 -79.4958 0.8624 -92.9213 -80.8653 0.495 -94.1871 -78.926 0.8297 -92.4739 -80.3062 0.4449 -93.7341 -78.3675 0.7917 -92.0304 -79.7593 0.435 -93.285 -77.8218 0.7485 -91.5919 -79.2265 0.435 -92.8417 -77.2918 0.7006 -91.1583 -78.7082 0.435 -92.439 -76.8163 0.6528 -90.7626 -78.2409 0.435 -92.0332 -76.3404 0.6007 -90.3617 -77.7708 0.435 -91.6234 -75.8631 0.5442 -89.9567 -77.2992 0.435 -91.2097 -75.3847 0.4834 -89.5478 -76.8262 0.435 -90.7924 -74.9051 0.435 -89.1352 -76.3521 0.435 -90.3716 -74.4247 0.435 -88.719 -75.877 0.435 -89.9473 -73.9435 0.435 -88.2994 -75.401 0.435 -89.5199 -73.4617 0.435 -87.8764 -74.9242 0.435 -89.0893 -72.9794 0.435 -87.4504 -74.447 0.435 -88.6558 -72.4968 0.435 -87.0213 -73.9693 0.435 -88.2196 -72.014 0.435 -86.5895 -73.4914 0.435 -87.7807 -71.5312 0.435 -86.155 -73.0135 0.435 -87.3393 -71.0486 0.435 -85.718 -72.5356 0.435 -86.8956 -70.5662 0.435 -85.2786 -72.0579 0.435 -86.4498 -70.0842 0.435 -84.837 -71.5806 0.435 -86.0019 -69.6029 0.435 -84.3934 -71.1038 0.435 -85.5521 -69.1223 0.435 -83.9479 -70.6277 0.435 -85.1006 -68.6425 0.435 -83.5007 -70.1525 0.435 -84.6475 -68.1638 0.435 -83.0518 -69.6783 0.435 -84.193 -67.6863 0.435 -82.6016 -69.2052 0.435 -83.7373 -67.2101 0.435 -82.1501 -68.7335 0.435 -83.2804 -66.7354 0.435 -81.6974 -68.2632 0.435 -82.8225 -66.2623 0.435 -81.2438 -67.7945 0.435 -82.3638 -65.791 0.435 -80.7894 -67.3276 0.435 -81.9045 -65.3217 0.435 -80.3344 -66.8627 0.435 -81.4446 -64.8544 0.435 -79.8788 -66.3998 0.435 -80.9844 -64.3894 0.435 -79.4229 -65.9392 0.435 -80.5239 -63.9268 0.435 -78.9668 -65.4809 0.435 -80.0634 -63.4667 0.435 -78.5107 -65.0252 0.435 -79.6029 -63.0093 0.435 -78.0547 -64.5723 0.435 -79.1427 -62.5547 0.435 -77.599 -64.1221 0.435 -78.6829 -62.1031 0.435 -77.1437 -63.675 0.435 -78.2236 -61.6547 0.435 -76.689 -63.2311 0.435 -77.764 -61.2086 0.435 -76.236 -62.7914 0.435 -77.2874 -60.751 0.435 -75.7696 -62.3436 0.435 -76.8067 -60.2962 0.435 -75.3005 -61.8998 0.435 -76.3231 -59.8452 0.435 -74.8279 -61.459 0.435 -75.8369 -59.3978 0.435 -74.3521 -61.0211 0.435 -75.3484 -58.9537 0.435 -73.8732 -60.5857 0.435 -74.8579 -58.5128 0.435 -73.3916 -60.1529 0.435 -74.3654 -58.0749 0.435 -72.9075 -59.7224 0.435 -73.8715 -57.6398 0.435 -72.4211 -59.294 0.435 -73.3761 -57.2075 0.435 -71.9326 -58.8677 0.435 -72.8798 -56.7776 0.435 -71.4425 -58.4432 0.435 -72.3826 -56.3501 0.435 -70.9507 -58.0203 0.435 -71.8849 -55.9247 0.435 -70.4577 -57.599 0.435 -71.3868 -55.5013 0.435 -69.9637 -57.179 0.435 -70.8887 -55.0797 0.435 -69.4689 -56.7602 0.435 -70.3908 -54.6598 0.435 -68.9736 -56.3425 0.435 -69.8934 -54.2414 0.435 -68.4779 -55.9255 0.435 -69.3967 -53.8242 0.435 -67.9823 -55.5093 0.435 -68.9009 -53.4083 0.435 -67.4868 -55.0936 0.435 -68.4063 -52.9933 0.435 -66.9918 -54.6782 0.435 -67.9132 -52.5791 0.435 -66.4975 -54.2631 0.435 -67.4218 -52.1656 0.435 -66.0041 -53.8479 0.435 -66.9324 -51.7526 0.435 -65.512 -53.4326 0.435 -66.4452 -51.3399 0.435 -65.0213 -53.0169 0.435 -65.9605 -50.9274 0.435 -64.5323 -52.6008 0.435 -65.4785 -50.5149 0.435 -64.0453 -52.184 0.435 -64.9995 -50.1022 0.435 -63.5605 -51.7663 0.435 -64.5237 -49.6892 0.435 -63.0781 -51.3476 0.435 -64.0514 -49.2757 0.435 -62.5984 -50.9277 0.435 -63.5828 -48.8617 0.435 -62.1217 -50.5065 0.435 -63.1181 -48.4468 0.435 -61.6482 -50.0836 0.435 -62.6577 -48.031 0.435 -61.1781 -49.6591 0.435 -62.2018 -47.6141 0.435 -60.7118 -49.2326 0.435 -61.7492 -47.1945 0.435 -60.2508 -48.8055 0.435 -61.2677 -46.7452 0.435 -59.7666 -48.3536 0.435 -60.7871 -46.2966 0.435 -59.2857 -47.9047 0.435 -60.3088 -45.8499 0.435 -58.8067 -47.4573 0.435 -59.8327 -45.4048 0.435 -58.3296 -47.0113 0.435 -59.3589 -44.9612 0.435 -57.8544 -46.5663 0.435 -58.8874 -44.5188 0.435 -57.3811 -46.1223 0.435 -58.4181 -44.0774 0.4749 -56.9097 -45.6789 0.435 -57.9511 -43.6369 0.7663 -56.4402 -45.2361 0.435 -57.4863 -43.1971 1.0695 -55.9726 -44.7935 0.5359 -57.0239 -42.7577 1.3845 -55.5068 -44.351 0.8325 -56.5637 -42.3186 1.7113 -55.043 -43.9084 1.14 -56.1057 -41.8795 2.05 -54.581 -43.4655 1.4587 -55.6501 -41.4403 2.4005 -54.121 -43.022 1.7886 -55.1967 -41.0007 2.7628 -53.6628 -42.5778 2.1298 -54.7455 -40.5606 3.137 -53.2066 -42.1327 2.4822 -54.2966 -40.1197 3.523 -52.7523 -41.6865 2.8461 -53.85 -39.6779 3.9208 -52.2998 -41.2389 3.2214 -53.4056 -39.2349 4.3303 -51.8493 -40.7898 3.6081 -52.9635 -38.7906 4.7514 -51.4007 -40.339 4.0064 -52.5236 -38.3447 5.1841 -50.954 -39.8862 4.4162 -52.086 -37.897 5.6283 -50.5092 -39.4313 4.8374 -51.6506 -37.4474 6.0838 -50.0664 -38.974 5.2701 -51.2174 -36.9957 6.5504 -49.6255 -38.5142 5.7142 -50.7864 -36.5416 7.0279 -49.1865 -38.0517 6.1695 -50.3576 -36.0849 7.5162 -48.7495 -37.5862 6.636 -49.9311 -35.6254 8.0148 -48.3145 -37.1176 7.1135 -49.5068 -35.163 8.5236 -47.8814 -36.6456 7.6018 -49.0846 -34.6974 9.0422 -47.4502 -36.1701 8.1006 -48.6647 -34.2285 9.57 -47.0211 -35.6909 8.6096 -48.2469 -33.7559 10.1068 -46.5939 -35.2077 9.1285 -47.8342 -33.283 10.648 -46.1658 -34.717 9.6605 -47.4324 -32.8085 11.1928 -45.738 -34.2116 10.2112 -47.0407 -32.3248 11.7481 -45.3175 -33.6925 10.7783 -46.6551 -31.8291 12.3168 -44.9067 -33.1644 11.3561 -46.2752 -31.3224 12.8975 -44.5047 -32.6283 11.9434 -45.9004 -30.8058 13.4882 -44.1108 -32.0853 12.5382 -45.5301 -30.2801 14.0872 -43.724 -31.5364 13.1389 -45.1636 -29.7464 14.6923 -43.3437 -30.9826 13.7434 -44.8003 -29.2058 15.3013 -42.9691 -30.425 14.3496 -44.4396 -28.6591 15.9118 -42.5993 -29.8645 14.9551 -44.0809 -28.1074 16.5213 -42.2336 -29.3022 15.5577 -43.7234 -27.5517 17.1273 -41.8713 -28.739 16.1549 -43.3664 -26.993 17.7269 -41.5116 -28.176 16.7443 -43.0094 -26.4323 18.3176 -41.1539 -27.6142 17.3234 -42.6516 -25.8707 18.8968 -40.7973 -27.0546 17.8897 -42.2922 -25.309 19.4616 -40.4413 -26.4981 18.4408 -41.9306 -24.7484 20.0097 -40.0851 -25.9459 18.9746 -41.566 -24.1899 20.5385 -39.7281 -25.3989 19.4887 -41.1977 -23.6343 21.0458 -39.3695 -24.8582 19.9813 -40.8248 -23.0828 21.5293 -39.0089 -24.3247 20.4504 -40.4467 -22.5362 21.9872 -38.6455 -23.7995 20.8945 -40.0624 -21.9958 22.4178 -38.2787 -23.2836 21.3121 -39.6713 -21.4623 22.8196 -37.9079 -22.7779 21.7021 -39.2724 -20.9369 23.1913 -37.5326 -22.2835 22.0636 -38.8649 -20.4206 23.5321 -37.1522 -21.8014 22.3959 -38.4481 -19.9145 23.8411 -36.766 -21.3325 22.6986 -38.021 -19.4196 24.1179 -36.3736 -20.8777 22.9714 -37.5827 -18.9369 24.3623 -35.9744 -20.438 23.2144 -37.1325 -18.4677 24.5744 -35.5679 -20.0144 23.4279 -36.6694 -18.0131 24.7542 -35.1535 -19.6075 23.6122 -36.1925 -17.5742 24.9024 -34.7307 -19.2184 23.768 -35.7027 -17.1537 25.0189 -34.2973 -18.8463 23.8962 -35.1738 -16.7281 25.1107 -33.818 -18.4607 24.0068 -34.6382 -16.3206 25.1735 -33.3292 -18.0888 24.0918 -34.0952 -15.9296 25.2098 -32.8321 -17.7309 24.1524 -33.5451 -15.5541 25.2218 -32.327 -17.3861 24.1902 -32.9882 -15.1936 25.2115 -31.8139 -17.0539 24.2066 -32.425 -14.8471 25.1809 -31.293 -16.7335 24.2033 -31.8558 -14.514 25.1319 -30.7645 -16.4242 24.1815 -31.2809 -14.1934 25.0662 -30.2284 -16.1253 24.1428 -30.7006 -13.8846 24.9856 -29.685 -15.8362 24.0883 -30.1153 -13.5868 24.8917 -29.1344 -15.556 24.0194 -29.5251 -13.2991 24.786 -28.5769 -15.2843 23.9375 -28.9306 -13.0208 24.67 -28.0126 -15.0202 23.8436 -28.3318 -12.7512 24.5451 -27.4417 -14.763 23.7392 -27.7291 -12.4893 24.4126 -26.8645 -14.5122 23.6252 -27.1228 -12.2344 24.2738 -26.2812 -14.2671 23.5031 -26.5131 -11.9858 24.13 -25.692 -14.0268 23.3738 -25.9002 -11.7426 23.9824 -25.0972 -13.7908 23.2387 -25.2845 -11.504 23.8321 -24.497 -13.5582 23.0988 -24.6661 -11.2694 23.6804 -23.8916 -13.3286 22.9553 -24.0454 -11.0379 23.5284 -23.2813 -13.101 22.8094 -23.4224 -10.8088 23.377 -22.6664 -12.8748 22.6622 -22.7976 -10.5813 23.2276 -22.0471 -12.6493 22.5148 -22.171 -10.3547 23.081 -21.4236 -12.4238 22.3685 -21.5431 -10.1281 22.9384 -20.7963 -12.1975 22.2242 -20.9139 -9.901 22.8009 -20.1653 -11.9697 22.0832 -20.2837 -9.6724 22.6694 -19.531 -11.7397 21.9466 -19.6527 -9.4418 22.545 -18.8936 -11.5067 21.8156 -19.0213 -9.2083 22.4287 -18.2533 -11.2699 21.6912 -18.3833 -8.9689 22.3205 -17.6167 -11.0311 21.5757 -17.8073 -8.7571 22.2296 -17.0661 -10.8285 21.4811 -17.2212 -8.5532 22.142 -16.515 -10.6368 21.3896 -16.6314 -8.3586 22.0592 -15.9576 -10.4528 21.3009 -16.0384 -8.1725 21.9817 -15.394 -10.2761 21.2156 -15.4422 -7.9943 21.91 -14.8245 -10.1058 21.1343 -14.8432 -7.8229 21.8445 -14.2493 -9.9412 21.0575 -14.2415 -7.6576 21.7855 -13.6686 -9.7817 20.9858 -13.6376 -7.4977 21.7335 -13.0828 -9.6266 20.9198 -13.0316 -7.3423 21.6888 -12.4921 -9.4751 20.86 -12.4237 -7.1906 21.6517 -11.8967 -9.3266 20.8069 -11.8142 -7.0419 21.6226 -11.2969 -9.1803 20.7609 -11.2033 -6.8954 21.6018 -10.693 -9.0354 20.7226 -10.5913 -6.7503 21.5896 -10.0852 -8.8914 20.6924 -9.9784 -6.6059 21.5864 -9.4738 -8.7473 20.6707 -9.3648 -6.4614 21.5923 -8.8591 -8.6025 20.6578 -8.7508 -6.316 21.6077 -8.2413 -8.4562 20.6543 -8.1366 -6.169 21.6329 -7.6207 -8.3077 20.6605 -7.5224 -6.0197 21.668 -6.9975 -8.1561 20.6767 -6.9086 -5.8673 21.7134 -6.372 -8.0008 20.7032 -6.2952 -5.7111 21.7693 -5.7445 -7.841 20.7404 -5.6827 -5.5503 21.836 -5.1152 -7.6759 20.7887 -5.0711 -5.3843 21.9136 -4.4845 -7.5046 20.8482 -4.4607 -5.2123 22.0025 -3.8525 -7.3265 20.9193 -3.8518 -5.0335 22.1028 -3.2196 -7.1408 21.0023 -3.2445 -4.8474 22.2148 -2.586 -6.9466 21.0975 -2.6392 -4.6532 22.3387 -1.952 -6.7431 21.2052 -2.0359 -4.4501 22.4749 -1.318 -6.5296 21.3257 -1.435 -4.2375 22.6235 -0.6841 -6.3053 21.4593 -0.8366 -4.0146 22.7849 -0.0506 -6.0694 21.6063 -0.2409 -3.7808 22.9595 0.582 -5.821 21.7672 0.3518 -3.5353 23.1474 1.2136 -5.5595 21.9424 0.9415 -3.2774 23.3492 1.8437 -5.2839 22.1322 1.5319 -3.0046 23.5667 2.4681 -4.9954 22.3357 2.0625 -2.7502 23.7732 3.0207 -4.7305 22.5268 2.599 -2.4882 23.9896 3.5714 -4.4616 22.7247 3.1375 -2.2205 24.2142 4.1239 -4.1869 22.9305 3.6777 -1.9471 24.4467 4.6779 -3.9066 23.144 4.2194 -1.6682 24.6867 5.2333 -3.6206 23.3649 4.7626 -1.3837 24.9339 5.79 -3.3291 23.5927 5.3068 -1.0938 25.188 6.3478 -3.032 23.8274 5.8521 -0.7985 25.4486 6.9064 -2.7295 24.0683 6.3982 -0.4979 25.7154 7.4658 -2.4215 24.3154 6.9449 -0.192 25.9879 8.0258 -2.1082 24.5681 7.4921 0.1191 26.2659 8.5861 -1.7896 24.8262 8.0396 0.4353 26.5488 9.1466 -1.4658 25.0892 8.5871 0.7567 26.8363 9.7072 -1.1368 25.3569 9.1345 1.0831 27.1281 10.2676 -0.8027 25.6289 9.6816 1.4144 27.4237 10.8277 -0.4635 25.9048 10.2283 1.7506 27.7229 11.3874 -0.1193 26.1843 10.7744 2.0917 28.0252 11.9464 0.2299 26.4671 11.3196 2.4375 28.3304 12.5045 0.5839 26.7529 11.8638 2.7881 28.6381 13.0616 0.9428 27.0414 12.4068 3.1433 28.948 13.6176 1.3065 27.3323 12.9484 3.5031 29.2599 14.1722 1.6749 27.6255 13.4885 3.8674 29.5735 14.7253 2.048 27.9207 14.0268 4.2362 29.8887 15.2767 2.4257 28.2176 14.5633 4.6094 30.2051 15.8262 2.808 28.5162 15.0976 4.9869 30.5227 16.3736 3.1948 28.8163 15.6297 5.3687 30.8413 16.9189 3.586 29.1178 16.1593 5.7547 31.1608 17.4617 3.9816 29.4206 16.6862 6.1448 31.4811 18.002 4.3816 29.7247 17.2104 6.539 31.8023 18.5395 4.7859 30.0301 17.7315 6.9373 32.1242 19.074 5.1944 30.3368 18.2495 7.3395 32.4469 19.6055 5.6071 30.6448 18.7641 7.7455 32.7704 20.1337 6.0239 30.9542 19.2752 8.1554 33.0948 20.6585 6.4448 31.2652 19.7825 8.5691 33.4202 21.1797 6.8697 31.5779 20.2859 8.9865 33.7467 21.697 7.2986 31.8923 20.7853 9.4074 34.0745 22.2104 7.7314 32.2088 21.2798 9.8314 34.4032 22.7202 8.1686 32.5279 21.7315 10.2271 34.7094 23.191 8.581 32.829 22.1806 10.6302 35.0212 23.6596 9.0015 33.1368 22.6278 11.041 35.3391 24.1251 9.4291 33.4507 23.0733 11.4594 35.663 24.5877 9.8636 33.7708 23.5169 11.8848 35.9926 25.0476 10.3046 34.0968 23.9587 12.3171 36.328 25.5046 10.7518 34.4288 24.3988 12.7558 36.6688 25.959 11.2048 34.7666 24.8372 13.2007 37.015 26.4108 11.6633 35.1102 25.2739 13.6514 37.3665 26.86 12.1269 35.4594 25.7089 14.1077 37.7231 27.3068 12.5955 35.8143 26.1422 14.569 38.0846 27.7511 13.0685 36.1747 26.5739 15.0352 38.4509 28.1931 13.5458 36.5405 27.0041 15.5059 38.8219 28.6327 14.0269 36.9116 27.4327 15.9808 39.1973 29.0701 14.5115 37.2878 27.8598 16.4596 39.577 29.5054 14.9994 37.6691 28.2855 16.9418 39.9609 29.9385 15.4902 38.0553 28.7097 17.4273 40.3486 30.3696 15.9835 38.4463 29.1325 17.9156 40.7401 30.7987 16.479 38.8419 29.5539 18.4065 41.1351 31.2258 16.9765 39.2418 29.974 18.8995 41.5335 31.651 17.4755 39.646 30.3929 19.3944 41.9348 32.0743 17.9758 40.0541 30.8105 19.8909 42.3391 32.4959 18.477 40.466 31.2269 20.3886 42.7459 32.9158 18.9788 40.8814 31.6421 20.8872 43.155 33.3339 19.4808 41.3 32.0562 21.3863 43.5661 33.7504 19.9828 41.7215 32.4693 21.8857 43.979 34.1653 20.4844 42.1456 32.8814 22.385 44.3933 34.5787 20.9853 42.5719 33.2925 22.8839 44.8086 34.9905 21.4851 43.0001 33.7026 23.382 45.2247 35.401 21.9836 43.4297 34.1119 23.8791 45.6411 35.81 22.4803 43.8604 34.5204 24.3747 46.0575 36.2176 22.975 44.2917 34.928 24.8687 46.4735 36.624 23.4673 44.7231 35.335 25.3606 46.8887 37.029 23.9569 45.1542 35.7413 25.8501 47.303 37.4328 24.4435 45.5848 36.147 26.337 47.7161 37.8355 24.9267 46.0146 36.5521 26.8208 48.1283 38.2369 25.4062 46.4437 36.9567 27.3013 48.5403 38.6373 25.8816 46.8727 37.3608 27.7782 48.9534 39.0365 26.3527 47.303 37.7646 28.2511 49.3699 39.4347 26.8191 47.7366 38.1665 28.7178 49.7918 39.8335 27.2822 48.1788 38.5953 29.2158 50.26 40.2652 27.7835 48.6768 39.0186 29.7114 50.7528 40.6942 28.2857 49.205 39.4382 30.2064 51.2811 41.1191 28.787 49.7714 39.8543 30.701 51.8549 41.5401 29.2874 50.3863 40.2672 31.195 52.4834 41.9574 29.7868 51.0589 40.677 31.6885 53.1727 42.3714 30.2852 51.7951 41.0841 32.1814 53.9233 42.7823 30.7828 52.5947 41.4886 32.6739 54.7285 43.1902 31.2794 53.4492 41.8909 33.1658 55.5721 43.5954 31.775 54.3403 42.2911 33.6573 56.4286 43.9982 32.2696 55.2398 42.6895 34.1483 57.2645 44.3988 32.7633 56.1117 43.0863 34.6388 58.0413 44.7975 33.2561 56.9155 43.4817 35.1287 58.7203 45.1943 33.7478 57.6114 43.8761 35.6183 59.2676 45.5897 34.2386 58.1659 44.2696 36.1073 59.6592 45.9838 34.7284 58.5568 44.6624 36.5958 59.8843 46.3769 35.2172 58.7767 45.0549 37.0839 59.9474 46.7692 35.705 58.8337 45.4472 37.5715 59.8671 47.1609 36.1918 58.7505 45.8396 38.0586 59.6731 47.5523 36.6777 58.5604 46.2324 38.5452 59.4022 47.9436 37.1626 58.3024 46.6257 39.0314 59.0931 48.335 37.6465 58.0162 47.0198 39.5171 58.7816 48.7269 38.1294 57.7373 47.4149 40.0023 58.4974 49.1193 38.6113 57.4939 47.8113 40.487 58.2619 49.5127 39.0923 57.3053 48.2092 40.9712 58.0882 49.9071 39.5722 57.1821 48.6089 41.455 57.9814 50.3028 40.0512 57.1272 49.0105 41.9382 57.9411 50.7001 40.5293 57.1383 49.4144 42.421 57.9628 51.0993 41.0064 57.2094 49.8207 42.9032 58.04 51.5004 41.4825 57.3335 50.2297 43.3849 58.1661 51.9039 41.9576 57.5033 50.6417 43.8662 58.3349 52.3098 42.4319 57.7128 51.0568 44.3469 58.5415 52.7186 42.9051 57.9572 51.4753 44.827 58.7824 53.1303 43.3775 58.2331 51.8975 45.3067 59.0552 53.5452 43.8489 58.5383 52.3236 45.7858 59.3585 53.9636 44.3194 58.8715 52.7537 46.2643 59.6918 54.3857 44.789 59.2327 53.1877 46.7417 60.0546 54.8123 45.2583 59.6232 53.6233 47.2167 60.4457 55.2423 45.7271 60.0417 54.0592 47.689 60.8651 55.6736 46.1945 60.4872 54.4959 48.1593 61.3144 56.1058 46.6599 60.9606 54.9335 48.6277 61.7963 56.5389 47.1235 61.4639 55.372 49.0944 62.3147 56.973 47.5855 62.001 55.8115 49.5594 62.8747 57.4082 48.0459 62.5769 56.2521 50.0229 63.4828 57.8445 48.5049 63.1981 56.6938 50.4849 64.1459 58.282 48.9626 63.8719 57.1366 50.9457 64.8696 58.7208 49.4191 64.6049 57.5806 51.4053 65.657 59.1608 49.8745 65.4015 58.026 51.8638 66.5057 59.6022 50.329 66.2613 58.4726 52.3214 67.406 60.045 50.7827 67.1769 58.9207 52.7781 68.3389 60.4894 51.2356 68.1319 59.3702 53.2341 69.2764 60.9352 51.6879 69.1 59.8213 53.6896 70.1818 61.3827 52.1398 70.046 60.2738 54.1446 71.0136 61.8319 52.5913 70.9283 60.7281 54.5992 71.73 62.2827 53.0426 71.7038 61.184 55.0536 72.2942 62.7354 53.4937 72.3332 61.6416 55.5078 72.6808 63.1899 53.9449 72.7872 62.1011 55.9621 72.8788 63.6464 54.3962 73.0509 62.5624 56.4164 72.8944 64.1048 54.8477 73.1262 63.0256 56.8711 72.7494 64.5652 55.2996 73.032 63.4908 57.326 72.4781 65.0277 55.7519 72.8004 63.958 57.7815 72.1213 65.4924 56.2048 72.4721 64.4274 58.2375 71.721 65.9593 56.6585 72.0901 64.8988 58.6942 71.3143 66.4284 57.113 71.6934 65.3725 59.1518 70.9296 66.8999 57.5684 71.3133 65.8485 59.6103 70.5849 67.3738 58.0249 70.9702 66.3268 60.0699 70.2877 67.8501 58.4826 70.6741 66.8075 60.5306 70.0368 68.3289 58.9416 70.4255 67.2906 60.9927 69.825 68.8103 59.402 70.218 67.7762 61.4562 69.6419 69.2944 59.8639 70.0416 68.2644 61.9212 69.4759 69.7811 60.3275 69.8847 68.7552 62.3879 69.3164 70.2705 60.7929 69.7363 69.2488 62.8564 69.1546 70.7628 61.2602 69.5871 69.745 63.3267 68.9837 71.2579 61.7295 69.4298 70.2445 63.7995 68.7989 71.7555 62.2005 69.2595 70.6941 64.2235 68.6196 72.2013 62.6209 69.0943 71.1578 64.6583 68.4212 72.6606 63.0516 68.9105 71.6341 65.1028 68.2024 73.133 63.4924 68.7066 72.1222 65.556 67.9623 73.6175 63.9423 68.4815 72.6212 66.0174 67.7005 74.1132 64.4006 68.2346 73.1301 66.4862 67.4166 74.6191 64.8666 67.9659 73.6481 66.9615 67.1107 75.1343 65.3394 67.6751 74.1742 67.4427 66.783 75.6578 65.8183 67.3626 74.7074 67.929 66.4339 76.1887 66.3024 67.0288 75.247 68.4196 66.064 76.726 66.791 66.6741 75.7919 68.9138 65.6739 77.2689 67.2834 66.2994 76.3412 69.4108 65.2644 77.8163 67.7787 65.9053 76.894 69.9099 64.8367 78.3673 68.2761 65.493 77.4493 70.4102 64.3917 78.9211 68.775 65.0635 78.0063 70.911 63.9308 79.4766 69.2745 64.6181 78.564 71.4116 63.4553 80.0329 69.7738 64.1581 79.1215 71.9112 62.9667 80.5891 70.2722 63.685 79.6779 72.409 62.4666 81.1442 70.7689 63.2004 80.2322 72.9042 61.9567 81.6974 71.2631 62.706 80.7835 73.3961 61.4388 82.2477 71.7541 62.2033 81.3309 73.8839 60.9145 82.7941 72.2411 61.6943 81.8734 74.3669 60.3857 83.3358 72.7233 61.1806 82.4101 74.8442 59.8544 83.8717 73.2 60.6641 82.9401 75.3151 59.3223 84.4011 73.6703 60.1466 83.4624 75.7789 58.7913 84.9228 74.1335 59.63 83.9761 76.2347 58.2633 85.436 74.5889 59.1161 84.4804 76.6819 57.74 85.9398 75.0357 58.6066 84.9741 77.1195 57.2234 86.4333 75.473 58.1033 85.4565 77.547 56.715 86.9154 75.9002 57.6078 85.9266 77.9634 56.2167 87.3853 76.3165 57.1218 86.3834 78.368 55.7299 87.8421 76.7211 56.6469 86.8261 78.76 55.2563 88.2848 77.1132 56.1846 87.2536 79.1387 54.7974 88.7125 77.4921 55.7363 87.665 79.5033 54.3545 89.1243 77.857 55.3035 88.0595 79.853 53.929 89.5192 78.2071 54.8873 88.4359 80.1871 53.5223 89.8964 78.5418 54.4891 88.7935 80.5047 53.1354 90.2549 78.8602 54.11 89.1312 80.805 52.7697 90.5938 79.1616 53.7512 89.4482 81.0873 52.4263 90.9123 79.4452 53.4137 89.7433 81.3507 52.1061 91.2093 79.7103 53.0984 90.0156 81.5944 51.8104 91.4841 79.9563 52.8064 90.265 81.8184 51.5391 91.735 80.1816 52.5393 -104.96 -93.72 0.435 -103.04 -94.28 0.435 -104.8673 -93.4022 0.435 -102.9452 -93.9551 0.435 -104.7697 -93.0586 0.435 -102.8442 -93.5992 0.435 -104.6663 -92.6863 0.435 -102.7381 -93.2173 0.4373 -104.5572 -92.2868 0.435 -102.6269 -92.8101 0.4574 -104.4426 -91.8613 0.435 -102.5107 -92.3785 0.4795 -104.3227 -91.4109 0.435 -102.3895 -91.9234 0.5037 -104.1976 -90.9369 0.4668 -102.2634 -91.4458 0.5299 -104.0674 -90.4404 0.5055 -102.1325 -90.9465 0.5584 -103.9323 -89.9225 0.5471 -101.9968 -90.4267 0.5891 -103.7923 -89.3844 0.5918 -101.8566 -89.8872 0.6222 -103.6476 -88.827 0.6396 -101.7117 -89.3293 0.6576 -103.4984 -88.2515 0.6905 -101.5625 -88.7537 0.6954 -103.3447 -87.659 0.7445 -101.4089 -88.1617 0.7356 -103.1866 -87.0506 0.8016 -101.251 -87.5542 0.7782 -103.0242 -86.4273 0.8618 -101.089 -86.9323 0.8232 -102.8577 -85.7902 0.9249 -100.9229 -86.2969 0.8704 -102.6871 -85.1404 0.9908 -100.753 -85.6493 0.9198 -102.5126 -84.4788 1.0596 -100.5791 -84.9904 0.9714 -102.3343 -83.8067 1.1309 -100.4016 -84.3212 1.025 -102.1522 -83.125 1.2048 -100.2204 -83.6428 1.0805 -101.9665 -82.4348 1.2809 -100.0357 -82.9564 1.1377 -101.7773 -81.7372 1.3592 -99.8477 -82.2628 1.1965 -101.5847 -81.0331 1.4394 -99.6563 -81.5633 1.2568 -101.3888 -80.3238 1.5213 -99.4617 -80.8588 1.3183 -101.1897 -79.6101 1.6046 -99.264 -80.1504 1.381 -100.9874 -78.8932 1.6892 -99.0634 -79.4392 1.4444 -100.7822 -78.1741 1.7749 -98.8599 -78.7263 1.5086 -100.574 -77.4539 1.8612 -98.6536 -78.0126 1.5732 -100.363 -76.7336 1.9481 -98.4447 -77.2994 1.6381 -100.1494 -76.0142 2.0352 -98.2333 -76.5876 1.7031 -99.9331 -75.2968 2.1223 -98.0195 -75.8783 1.7679 -99.7143 -74.5824 2.2092 -97.8034 -75.1726 1.8324 -99.4931 -73.8721 2.2955 -97.585 -74.4716 1.8963 -99.2695 -73.1669 2.381 -97.3647 -73.7764 1.9594 -99.0438 -72.4678 2.4655 -97.1423 -73.088 2.0214 -98.8158 -71.7759 2.5487 -96.9182 -72.4075 2.0823 -98.5859 -71.0921 2.6303 -96.6924 -71.736 2.1417 -98.3539 -70.4175 2.71 -96.4649 -71.0746 2.1994 -98.12 -69.7531 2.7876 -96.2361 -70.4245 2.2553 -97.8844 -69.0999 2.8628 -96.0059 -69.7866 2.309 -97.6469 -68.459 2.9353 -95.7746 -69.1622 2.3603 -97.4078 -67.8312 3.0048 -95.5423 -68.5524 2.409 -97.167 -67.2176 3.071 -95.3092 -67.9582 2.4548 -96.925 -66.62 3.1336 -95.075 -67.38 2.4975 -96.6694 -66.0062 3.196 -94.8261 -66.7823 2.5399 -96.4097 -65.3961 3.2563 -94.5725 -66.1864 2.5807 -96.1458 -64.7889 3.3147 -94.3145 -65.593 2.6198 -95.8777 -64.1845 3.3712 -94.0524 -65.002 2.6573 -95.6055 -63.5828 3.4258 -93.7861 -64.4133 2.6932 -95.3296 -62.9837 3.4785 -93.5159 -63.8268 2.7277 -95.0498 -62.3872 3.5294 -93.2419 -63.2424 2.7606 -94.7664 -61.7932 3.5786 -92.9641 -62.6601 2.7923 -94.4795 -61.2016 3.6261 -92.6826 -62.0798 2.8226 -94.1892 -60.6123 3.672 -92.3977 -61.5013 2.8518 -93.8957 -60.0252 3.7164 -92.1094 -60.9247 2.8799 -93.5991 -59.4403 3.7594 -91.8179 -60.3498 2.9071 -93.2994 -58.8574 3.8011 -91.5231 -59.7766 2.9334 -92.9968 -58.2765 3.8417 -91.2254 -59.2049 2.9592 -92.6915 -57.6976 3.8812 -90.9247 -58.6348 2.9844 -92.3836 -57.1205 3.9199 -90.6213 -58.066 3.0093 -92.0732 -56.5451 3.9579 -90.3151 -57.4986 3.034 -91.7603 -55.9713 3.9953 -90.0064 -56.9324 3.0587 -91.4453 -55.3992 4.0324 -89.6953 -56.3675 3.0837 -91.1281 -54.8286 4.0693 -89.3818 -55.8036 3.1092 -90.8088 -54.2593 4.1062 -89.0662 -55.2407 3.1353 -90.4877 -53.6914 4.1434 -88.7484 -54.6787 3.1623 -90.1649 -53.1248 4.1811 -88.4287 -54.1176 3.1905 -89.8404 -52.5593 4.2195 -88.1071 -53.5573 3.22 -89.5144 -51.995 4.2588 -87.7839 -52.9976 3.2513 -89.187 -51.4316 4.2994 -87.459 -52.4386 3.2844 -88.8583 -50.8692 4.3414 -87.1326 -51.8801 3.3198 -88.5285 -50.3076 4.3853 -86.8049 -51.3221 3.3578 -88.1976 -49.7467 4.4311 -86.4759 -50.7644 3.3986 -87.8659 -49.1866 4.4794 -86.1458 -50.207 3.4426 -87.5334 -48.627 4.5302 -85.8147 -49.6498 3.49 -87.2002 -48.068 4.5841 -85.4827 -49.0928 3.5413 -86.8665 -47.5094 4.6413 -85.1499 -48.5358 3.5968 -86.5323 -46.9511 4.7021 -84.8165 -47.9788 3.6569 -86.1979 -46.3932 4.767 -84.4826 -47.4216 3.7218 -85.8633 -45.8354 4.8362 -84.1483 -46.8643 3.7921 -85.5287 -45.2777 4.9101 -83.8137 -46.3067 3.8681 -85.1942 -44.7201 4.989 -83.479 -45.7488 3.9501 -84.8598 -44.1624 5.0735 -83.1442 -45.1904 4.0387 -84.5258 -43.6046 5.1638 -82.8095 -44.6315 4.1341 -84.1922 -43.0466 5.2602 -82.475 -44.072 4.2369 -83.8589 -42.4878 5.3634 -82.1411 -43.5122 4.3472 -83.5328 -41.941 5.4708 -81.8154 -42.966 4.4623 -83.206 -41.3938 5.5847 -81.4894 -42.4202 4.5847 -82.8784 -40.8466 5.7053 -81.1629 -41.8746 4.7146 -82.5502 -40.2995 5.833 -80.8357 -41.3292 4.8525 -82.2212 -39.7524 5.968 -80.5078 -40.784 4.9985 -81.8915 -39.2055 6.1106 -80.1793 -40.2391 5.153 -81.561 -38.6587 6.2612 -79.8501 -39.6945 5.3163 -81.2296 -38.1121 6.4199 -79.5201 -39.1502 5.4885 -80.8973 -37.5657 6.5871 -79.1893 -38.6062 5.67 -80.5641 -37.0197 6.763 -78.8576 -38.0627 5.8611 -80.2299 -36.4739 6.9479 -78.5251 -37.5196 6.0618 -79.8948 -35.9285 7.142 -78.1917 -36.977 6.2726 -79.5586 -35.3834 7.3454 -77.8573 -36.4349 6.4935 -79.2213 -34.8388 7.5585 -77.5219 -35.8934 6.7246 -78.8829 -34.2946 7.7813 -77.1855 -35.3525 6.9663 -78.5433 -33.751 8.014 -76.8481 -34.8122 7.2185 -78.2026 -33.2079 8.2566 -76.5095 -34.2725 7.4813 -77.8606 -32.6653 8.5092 -76.1699 -33.7336 7.7548 -77.5174 -32.1234 8.7718 -75.829 -33.1954 8.0389 -77.1729 -31.5821 9.0443 -75.4869 -32.658 8.3336 -76.827 -31.0415 9.3267 -75.1436 -32.1215 8.6388 -76.4797 -30.5017 9.6187 -74.799 -31.5858 8.9543 -76.131 -29.9626 9.9201 -74.4531 -31.0509 9.2798 -75.7809 -29.4243 10.2308 -74.1058 -30.517 9.6152 -75.4292 -28.8868 10.5502 -73.7571 -29.9841 9.9601 -75.0761 -28.3502 10.8781 -73.407 -29.4522 10.3141 -74.7213 -27.8146 11.2139 -73.0555 -28.9213 10.6767 -74.365 -27.2799 11.5572 -72.7024 -28.3916 11.0474 -74.0069 -26.7462 11.9072 -72.3477 -27.8629 11.4255 -73.6472 -26.2135 12.2633 -71.9915 -27.3354 11.8105 -73.2858 -25.6819 12.6248 -71.6337 -26.8091 12.2016 -72.9226 -25.1514 12.9908 -71.2742 -26.284 12.598 -72.5576 -24.6221 13.3605 -70.913 -25.7602 12.9988 -72.1908 -24.0939 13.7329 -70.5501 -25.2377 13.4032 -71.8221 -23.5669 14.107 -70.1854 -24.7165 13.8101 -71.4514 -23.0413 14.4817 -69.819 -24.1967 14.2186 -71.0788 -22.5169 14.8561 -69.4507 -23.6783 14.6276 -70.7042 -21.9938 15.2288 -69.0805 -23.1614 15.036 -70.3276 -21.4722 15.5989 -68.7083 -22.646 15.4426 -69.9489 -20.9519 15.9649 -68.3343 -22.1321 15.8463 -69.5681 -20.4331 16.3258 -67.9582 -21.6198 16.2458 -69.1851 -19.9158 16.6803 -67.5801 -21.1091 16.6399 -68.8003 -19.4005 17.0269 -67.1997 -20.5995 17.0278 -68.4146 -18.8871 17.3639 -66.8169 -20.0902 17.4087 -68.028 -18.3748 17.6906 -66.4327 -19.581 17.7809 -67.6402 -17.863 18.0059 -66.0474 -19.0725 18.1428 -67.2512 -17.3518 18.3086 -65.661 -18.5647 18.493 -66.8608 -16.8412 18.5973 -65.2733 -18.0576 18.8302 -66.4692 -16.3313 18.8709 -64.8845 -17.5514 19.1533 -66.0762 -15.8221 19.1283 -64.4944 -17.046 19.4609 -65.6818 -15.3136 19.3684 -64.103 -16.5414 19.752 -65.2859 -14.8059 19.5901 -63.7103 -16.0378 20.0255 -64.8886 -14.2991 19.7925 -63.3162 -15.535 20.2803 -64.4898 -13.7931 19.9748 -62.9208 -15.0333 20.5156 -64.0894 -13.288 20.1362 -62.5238 -14.5326 20.7305 -63.6874 -12.7838 20.2761 -62.1254 -14.0329 20.9242 -63.2838 -12.2806 20.3939 -61.7255 -13.5343 21.0962 -62.8785 -11.7784 20.4892 -61.3241 -13.0369 21.2459 -62.4715 -11.2773 20.5617 -60.921 -12.5406 21.3728 -62.0628 -10.7772 20.6112 -60.5163 -12.0455 21.4766 -61.6523 -10.2783 20.6377 -60.11 -11.5516 21.5572 -61.2399 -9.7806 20.641 -59.7019 -11.0591 21.6145 -60.8257 -9.284 20.6215 -59.2921 -10.5678 21.6485 -60.4096 -8.7887 20.5794 -58.8806 -10.0779 21.6593 -59.9916 -8.2947 20.5151 -58.4672 -9.5894 21.6472 -59.5716 -7.802 20.4291 -58.052 -9.1023 21.6127 -59.1496 -7.3106 20.3221 -57.6349 -8.6166 21.5561 -58.7255 -6.8207 20.1947 -57.2158 -8.1325 21.4781 -58.2994 -6.3322 20.0477 -56.7949 -7.6499 21.3794 -57.8711 -5.8451 19.8822 -56.3719 -7.1688 21.2608 -57.4407 -5.3596 19.6991 -55.9468 -6.6894 21.1231 -57.008 -4.8756 19.4995 -55.5197 -6.2116 20.9673 -56.5731 -4.3932 19.2845 -55.0905 -5.7355 20.7945 -56.136 -3.9124 19.0552 -54.6592 -5.2611 20.6057 -55.6965 -3.4333 18.8131 -54.2256 -4.7885 20.4021 -55.2546 -2.9559 18.5593 -53.7899 -4.3177 20.1849 -54.8104 -2.4802 18.2952 -53.3518 -3.8487 19.9553 -54.3637 -2.0063 18.0222 -52.9115 -3.3815 19.7147 -53.9146 -1.5342 17.7415 -52.4689 -2.9163 19.4643 -53.4629 -1.064 17.4546 -52.0239 -2.453 19.2054 -53.0087 -0.5957 17.1628 -51.5764 -1.9917 18.9393 -52.5519 -0.1293 16.8674 -51.1266 -1.5324 18.6674 -52.0925 0.3351 16.5699 -50.6742 -1.0751 18.3909 -51.6304 0.7974 16.2714 -50.2194 -0.6199 18.1112 -51.1656 1.2578 15.9732 -49.7619 -0.1669 17.8295 -50.6983 1.7158 15.6767 -49.3017 0.2842 17.5468 -50.2389 2.1619 15.389 -48.8484 0.7244 17.2699 -49.7762 2.6077 15.1034 -48.3914 1.1647 16.9926 -49.3102 3.0533 14.8209 -47.931 1.6049 16.7161 -48.8408 3.4985 14.5423 -47.4672 2.0447 16.4414 -48.3682 3.9432 14.2688 -47.0003 2.4842 16.1696 -47.8926 4.3874 14.0011 -46.5303 2.9231 15.9016 -47.4139 4.831 13.7401 -46.0573 3.3615 15.6383 -46.9324 5.2738 13.4866 -45.5815 3.7991 15.3806 -46.4482 5.7158 13.2414 -45.1028 4.2358 15.1294 -45.9612 6.1567 13.005 -44.6215 4.6717 14.8853 -45.4717 6.5966 12.7782 -44.1377 5.1065 14.6491 -44.9797 7.0354 12.5614 -43.6514 5.5401 14.4215 -44.4853 7.4728 12.3552 -43.1628 5.9725 14.203 -43.9887 7.9089 12.1598 -42.672 6.4035 13.9941 -43.49 8.3435 11.9758 -42.179 6.8331 13.7954 -42.9892 8.7765 11.8033 -41.684 7.2611 13.6072 -42.4864 9.2078 11.6426 -41.1871 7.6873 13.4299 -41.9818 9.6373 11.4938 -40.6884 8.1118 13.2637 -41.4755 10.0649 11.3572 -40.1881 8.5344 13.1089 -40.9676 10.4905 11.2326 -39.6861 8.955 12.9656 -40.4581 10.914 11.1201 -39.1827 9.3735 12.8341 -39.9471 11.3353 11.0198 -38.6779 9.7897 12.7143 -39.4349 11.7543 10.9315 -38.1718 10.2036 12.6063 -38.9214 12.1708 10.8552 -37.6646 10.6151 12.5102 -38.4069 12.5848 10.7906 -37.1563 11.024 12.4258 -37.8913 12.9962 10.7376 -36.6471 11.4303 12.3531 -37.3748 13.4048 10.6961 -36.1371 11.8338 12.292 -36.8575 13.8106 10.6659 -35.6264 12.2344 12.2424 -36.3395 14.2135 10.6466 -35.115 12.6321 12.2041 -35.8209 14.6133 10.6381 -34.6032 13.0267 12.177 -35.3018 15.0099 10.6402 -34.0909 13.4181 12.1608 -34.7823 15.4033 10.6525 -33.5784 13.8063 12.1555 -34.2625 15.7934 10.6749 -33.0657 14.191 12.1608 -33.7425 16.1799 10.707 -32.5529 14.5722 12.1764 -33.2224 16.5629 10.7487 -32.0401 14.9498 12.2022 -32.7024 16.9423 10.7996 -31.5275 15.3237 12.238 -32.1824 17.3178 10.8596 -31.0152 15.6937 12.2835 -31.6627 17.6895 10.9284 -30.5032 16.0599 12.3386 -31.1433 18.0571 11.0057 -29.9917 16.4219 12.403 -30.6243 18.4207 11.0914 -29.4808 16.7799 12.4765 -30.1059 18.7801 11.1853 -28.9706 17.1335 12.5589 -29.5881 19.1352 11.2871 -28.4612 17.4828 12.6501 -29.071 19.4859 11.3966 -27.9528 17.8277 12.7498 -28.5538 19.8326 11.514 -27.4462 18.1674 12.8576 -27.9845 20.2085 11.6525 -26.8899 18.5347 12.9863 -27.4138 20.5782 11.8014 -26.3337 18.8949 13.1259 -26.8426 20.9413 11.9602 -25.7767 19.249 13.2765 -26.271 21.298 12.1287 -25.219 19.597 13.4377 -25.6989 21.6486 12.3066 -24.6605 19.9393 13.6094 -25.1263 21.9933 12.4939 -24.1012 20.276 13.7914 -24.5533 22.3324 12.6903 -23.5411 20.6075 13.9836 -23.9799 22.6661 12.8957 -22.9801 20.9339 14.1857 -23.406 22.9946 13.11 -22.4183 21.2555 14.3976 -22.8318 23.3181 13.3332 -21.8557 21.5725 14.6194 -22.2571 23.637 13.5651 -21.2923 21.8851 14.8507 -21.6821 23.9514 13.8057 -20.7279 22.1936 15.0916 -21.1066 24.2615 14.055 -20.1627 22.4983 15.342 -20.5308 24.5677 14.3128 -19.5967 22.7992 15.6017 -19.9546 24.87 14.5791 -19.0297 23.0968 15.8708 -19.3781 25.1689 14.8539 -18.4619 23.3911 16.1491 -18.8012 25.4645 15.1372 -17.8932 23.6825 16.4365 -18.2239 25.757 15.4288 -17.3236 23.9711 16.733 -17.6463 26.0467 15.7287 -16.7531 24.2573 17.0385 -17.0684 26.3338 16.0369 -16.1816 24.5412 17.3529 -16.4901 26.6186 16.3533 -15.6093 24.823 17.676 -15.9114 26.9013 16.6777 -15.0361 25.1031 18.0078 -15.3325 27.1821 17.0102 -14.4619 25.3815 18.3481 -14.7532 27.4613 17.3505 -13.8868 25.6587 18.6968 -14.1735 27.7391 17.6987 -13.3108 25.9347 19.0537 -13.5936 28.0157 18.0545 -12.7339 26.2099 19.4187 -13.0133 28.2914 18.4177 -12.1561 26.4844 19.7915 -12.4327 28.5664 18.7883 -11.5773 26.7586 20.1721 -11.8517 28.841 19.1661 -10.9976 27.0325 20.5601 -11.2705 29.1153 19.5508 -10.417 27.3066 20.9553 -10.6889 29.3897 19.9422 -9.8355 27.5809 21.3576 -10.107 29.6643 20.3402 -9.253 27.8557 21.7665 -9.5247 29.9394 20.7444 -8.6697 28.1314 22.1819 -8.9421 30.2152 21.1546 -8.0854 28.408 22.6034 -8.3592 30.4919 21.5706 -7.5001 28.6858 23.0307 -7.776 30.7699 21.992 -6.914 28.9651 23.4635 -7.1924 31.0492 22.4186 -6.327 29.2462 23.9015 -6.6085 31.3302 22.85 -5.739 29.5291 24.3442 -6.0242 31.6132 23.2859 -5.1502 29.8143 24.7913 -5.4387 31.8986 23.7266 -4.5613 30.1014 25.2418 -4.865 32.1791 24.1624 -3.9874 30.3819 25.6842 -4.2894 32.4599 24.6038 -3.4133 30.662 26.1304 -3.7126 32.7406 25.0499 -2.8381 30.9419 26.5807 -3.1347 33.0212 25.5005 -2.2619 31.2217 27.0348 -2.5557 33.3017 25.9552 -1.6846 31.5014 27.4925 -1.9758 33.582 26.4137 -1.1065 31.7808 27.9533 -1.3949 33.862 26.8758 -0.5274 32.0599 28.417 -0.8131 34.1417 27.3411 0.0525 32.3387 28.8832 -0.2304 34.421 27.8092 0.6333 32.6172 29.3516 0.3531 34.7 28.2798 1.2148 32.8952 29.8218 0.9374 34.9786 28.7527 1.7971 33.1728 30.2935 1.5224 35.2567 29.2275 2.38 33.4499 30.7664 2.1081 35.5343 29.7038 2.9635 33.7265 31.2402 2.6944 35.8113 30.1813 3.5477 34.0025 31.7144 3.2814 36.0878 30.6597 4.1324 34.2779 32.1888 3.869 36.3636 31.1387 4.7176 34.5526 32.6631 4.457 36.6387 31.6179 5.3033 34.8266 33.137 5.0456 36.9131 32.0971 5.8894 35.0998 33.6101 5.6346 37.1867 32.5759 6.4759 35.3723 34.0823 6.2239 37.4595 33.0541 7.0627 35.6439 34.5532 6.8136 37.7315 33.5313 7.6498 35.9147 35.0225 7.4037 38.0025 34.0074 8.2372 36.1845 35.4901 7.994 38.2726 34.482 8.8247 36.4533 35.9556 8.5845 38.5417 34.955 9.4124 36.7211 36.4189 9.1752 38.8098 35.4261 10.0003 36.9879 36.8798 9.766 39.0768 35.895 10.5881 37.2536 37.3382 10.3569 39.3427 36.3617 11.176 37.5181 37.7937 10.9479 39.6074 36.8259 11.7639 37.7814 38.2464 11.5389 39.8709 37.2875 12.3518 38.0435 38.6961 12.1298 40.1331 37.7463 12.9395 38.3044 39.1426 12.7207 40.3941 38.2023 13.527 38.5639 39.5859 13.3114 40.6537 38.6553 14.1144 38.822 40.026 13.902 40.912 39.1052 14.7015 39.0788 40.4627 14.4923 41.1688 39.552 15.2884 39.3341 40.8961 15.0824 41.4242 39.9956 15.8749 39.5879 41.3261 15.6722 41.678 40.4361 16.461 39.8401 41.7527 16.2617 41.9303 40.8733 17.0468 40.0908 42.176 16.8508 42.181 41.3073 17.632 40.3399 42.596 17.4395 42.4301 41.7382 18.2168 40.5873 43.0126 18.0277 42.6774 42.1659 18.801 40.833 43.4261 18.6164 42.9235 42.5912 19.3836 41.0765 43.8358 19.2211 43.1731 43.0258 19.9783 41.322 44.2518 19.826 43.4183 43.4587 20.5716 41.5625 44.6651 20.4301 43.6589 43.8892 21.1647 41.7987 45.0766 21.0333 43.8951 44.3173 21.7577 42.0309 45.4863 21.6359 44.1273 44.7431 22.3505 42.2594 45.8942 22.2377 44.3558 45.1667 22.9432 42.4844 46.3004 22.8388 44.5809 45.588 23.5359 42.7063 46.705 23.4393 44.8027 46.0072 24.1287 42.9253 47.108 24.0392 45.0217 46.4243 24.7216 43.1417 47.5095 24.6385 45.238 46.8394 25.3146 43.3557 47.9094 25.2373 45.452 47.2526 25.9078 43.5678 48.3079 25.8357 45.664 47.6638 26.5013 43.778 48.705 26.4336 45.8742 48.0732 27.0951 43.9868 49.1009 27.0312 46.0829 48.4809 27.6892 44.1943 49.4956 27.6284 46.2905 48.887 28.2837 44.4009 49.8896 28.2253 46.4971 49.2919 28.8787 44.6069 50.2835 28.8219 46.7031 49.6961 29.4742 44.8125 50.6783 29.4184 46.9088 50.1005 30.0703 45.018 51.0756 30.0147 47.1143 50.5064 30.6669 45.2237 51.478 30.6108 47.3201 50.9159 31.2642 45.4299 51.8891 31.207 47.5264 51.3319 31.8621 45.6368 52.3137 31.8031 47.7335 51.7581 32.4608 45.8447 52.7579 32.3992 47.9416 52.1995 33.0603 46.054 53.2291 32.9954 48.1511 52.6617 33.6606 46.2649 53.7349 33.5918 48.3622 53.151 34.2617 46.4777 54.283 34.1884 48.5751 53.6734 34.8637 46.6926 54.8793 34.7852 48.7903 54.2342 35.4667 46.91 55.5267 35.3823 49.0079 54.8366 36.0707 47.1301 56.2236 35.9797 49.2282 55.4811 36.6757 47.3532 56.9626 36.5776 49.4516 56.1641 37.2818 47.5797 57.7298 37.1759 49.6782 56.8779 37.889 47.8097 58.5056 37.7747 49.9084 57.6108 38.4973 48.0436 59.2657 38.3741 50.1425 58.3475 39.1068 48.2816 59.984 38.9741 50.3807 59.0706 39.7176 48.524 60.6353 39.5747 50.6233 59.7625 40.3295 48.7712 61.1986 40.1762 50.8706 60.4071 40.9428 49.0234 61.66 40.7784 51.1229 60.9918 41.5575 49.2808 62.0144 41.3814 51.3804 61.5087 42.1734 49.5439 62.2657 41.9854 51.6434 61.9555 42.7908 49.8127 62.4262 42.5919 51.9129 62.3362 43.4081 50.0871 62.5143 43.1467 52.1626 62.6318 43.969 50.3395 62.5503 43.7048 52.415 62.8873 44.5304 50.5933 62.5615 44.2648 52.6694 63.1114 45.0938 50.8492 62.5639 44.8265 52.9258 63.3142 45.6589 51.1073 62.572 45.3897 53.1843 63.5064 46.2257 51.3674 62.5983 45.9545 53.4448 63.6979 46.7941 51.6296 62.6528 46.5206 53.7074 63.8977 47.364 51.8939 62.7433 47.088 53.972 64.1136 47.9353 52.1603 62.8751 47.6566 54.2386 64.3518 48.5078 52.4288 63.0521 48.2263 54.5073 64.6169 49.0815 52.6993 63.2766 48.7969 54.778 64.9122 49.6562 52.972 63.55 49.3683 55.0507 65.2393 50.232 53.2468 63.8729 49.9405 55.3255 65.5983 50.8085 53.5237 64.2454 50.5134 55.6023 65.9877 51.3858 53.8026 64.6667 51.0868 55.8812 66.4046 51.9638 54.0837 65.1359 51.6606 56.1621 66.8443 52.5423 54.3669 65.6507 52.2347 56.445 67.3001 53.1212 54.6521 66.2076 52.8091 56.7299 67.7636 53.7004 54.9395 66.8011 53.3835 57.0169 68.2245 54.2799 55.229 67.4234 53.958 57.3059 68.671 54.8594 55.5206 68.0636 54.5324 57.5969 69.0897 55.439 55.8142 68.7076 55.1065 57.89 69.4673 56.0185 56.11 69.338 55.6804 58.1851 69.7904 56.5977 56.4079 69.935 56.2538 58.4822 70.0476 57.1767 56.7079 70.4772 56.8267 58.7813 70.2303 57.7553 57.01 70.9433 57.3989 59.0825 70.3339 58.3333 57.3142 71.3148 57.9705 59.3857 70.3585 58.9107 57.6205 71.5776 58.5411 59.6909 70.3095 59.4874 57.9289 71.7246 59.1109 59.9981 70.1969 60.0633 58.2395 71.7568 59.6795 60.3074 70.0345 60.6382 58.5521 71.6834 60.247 60.6187 69.8385 61.2121 58.8669 71.5211 60.8133 60.9319 69.6255 61.7848 59.1838 71.2923 61.3781 61.2472 69.4109 62.3563 59.5028 71.0219 61.9415 61.5645 69.2074 62.9264 59.8239 70.7341 62.5032 61.8839 69.0237 63.4951 60.1471 70.4504 63.0633 62.2052 68.8645 64.0622 60.4725 70.1869 63.6216 62.5285 68.7306 64.6276 60.8 69.9533 64.1779 62.8539 68.6193 65.1912 61.1296 69.7537 64.7323 63.1812 68.5259 65.753 61.4613 69.5864 65.2845 63.5106 68.4444 66.3128 61.7952 69.4465 65.8345 63.8419 68.3684 66.8705 62.1312 69.3266 66.3821 64.1753 68.292 67.426 62.4693 69.2187 66.9273 64.5106 68.2101 67.9792 62.8096 69.1151 67.4692 64.8475 68.1189 68.5308 63.1525 69.0091 68.0009 65.1829 68.0162 69.0749 63.4958 68.8962 68.541 65.5298 67.8957 69.628 63.851 68.7685 69.0896 65.888 67.7553 70.1886 64.2169 68.6231 69.6461 66.2566 67.5938 70.756 64.5928 68.4579 70.2095 66.6351 67.4101 71.3296 64.9781 68.2713 70.7793 67.0226 67.2038 71.9087 65.372 68.0626 71.3547 67.4186 66.9748 72.4927 65.774 67.8315 71.9349 67.8223 66.7231 73.081 66.1832 67.578 72.5192 68.2329 66.449 73.6728 66.5991 67.3024 73.107 68.6498 66.1528 74.2675 67.0209 67.0051 73.6975 69.0723 65.8353 74.8644 67.4481 66.6868 74.29 69.4997 65.4971 75.4629 67.8798 66.3482 74.8837 69.9313 65.139 76.0623 68.3155 65.9901 75.4781 70.3664 64.7619 76.6619 68.7544 65.6136 76.0723 70.8042 64.367 77.261 69.1958 65.2197 76.6657 71.2441 63.9554 77.859 69.6391 64.8096 77.2576 71.6854 63.5284 78.4551 70.0836 64.3847 77.8473 72.1274 63.0874 79.0487 70.5286 63.9461 78.434 72.5694 62.6337 79.6392 70.9733 63.4955 79.0171 73.0108 62.1689 80.2257 71.4172 63.0343 79.5959 73.4507 61.6946 80.8076 71.8595 62.564 80.1697 73.8885 61.2124 81.3843 72.2996 62.0862 80.7378 74.3236 60.7239 81.9551 72.7367 61.6026 81.2995 74.7552 60.2309 82.5192 73.1702 61.1148 81.8541 75.1826 59.7349 83.076 73.5993 60.6245 82.4009 75.6052 59.2376 83.6248 74.0234 60.1333 82.9392 76.0222 58.7408 84.1648 74.4418 59.6429 83.4683 76.433 58.2461 84.6955 74.8538 59.1548 83.9876 76.8369 57.7551 85.2161 75.2586 58.6707 84.4964 77.2332 57.2693 85.7258 75.6557 58.192 84.9939 77.6212 56.7904 86.2241 76.0443 57.7204 85.4795 78.0002 56.3197 86.7102 76.4237 57.2572 85.9526 78.3695 55.8587 87.1834 76.7931 56.8038 86.4123 78.7285 55.4087 87.6431 77.152 56.3616 86.8581 79.0765 54.9711 88.0884 77.4996 55.9319 87.2893 79.4128 54.547 88.5187 77.8352 55.5159 87.7052 79.7366 54.1377 88.9333 78.1581 55.1148 88.1051 80.0475 53.7442 89.3315 78.4676 54.7298 88.4885 80.3446 53.3676 89.7124 78.7629 54.3618 88.8545 80.6274 53.0088 90.0755 79.0434 54.0119 89.2028 80.8952 52.6687 90.4199 79.3082 53.6812 89.5326 81.1474 52.3482 90.7448 79.5566 53.3706 89.8433 81.3833 52.048 91.0494 79.7879 53.0811 90.1345 81.6024 51.7688 91.3329 80.0013 52.8136 90.403 81.8023 51.5137 91.597 80.1977 52.5667 -104.3368 -93.0584 0.435 -103.6632 -94.9416 0.435 -104.02 -92.9451 0.435 -103.3551 -94.8314 0.435 -103.6708 -92.8237 0.435 -103.0204 -94.715 0.435 -103.295 -92.6958 0.435 -102.6557 -94.5909 0.435 -102.8934 -92.5614 0.4533 -102.2627 -94.4594 0.435 -102.4668 -92.4206 0.4799 -101.8426 -94.3207 0.4542 -102.0163 -92.2733 0.5053 -101.3969 -94.175 0.4782 -101.543 -92.1197 0.5289 -100.927 -94.0224 0.5004 -101.0479 -91.9598 0.55 -100.434 -93.8632 0.5203 -100.5321 -91.7937 0.5681 -99.9194 -93.6975 0.5371 -99.9967 -91.6215 0.5824 -99.3843 -93.5254 0.5502 -99.4429 -91.4433 0.5924 -98.8299 -93.347 0.5589 -98.8719 -91.2592 0.5973 -98.2575 -93.1625 0.5627 -98.2847 -91.0694 0.5967 -97.6683 -92.972 0.5608 -97.6825 -90.8739 0.5899 -97.0634 -92.7757 0.5527 -97.0666 -90.6729 0.5763 -96.4442 -92.5736 0.5379 -96.438 -90.4664 0.5555 -95.8118 -92.3659 0.5159 -95.798 -90.2547 0.5272 -95.1674 -92.1526 0.4862 -95.1478 -90.0377 0.4908 -94.5121 -91.934 0.4487 -94.4885 -89.8157 0.4463 -93.8472 -91.7101 0.435 -93.8212 -89.5887 0.435 -93.1739 -91.481 0.435 -93.1473 -89.3569 0.435 -92.4933 -91.2469 0.435 -92.4679 -89.1204 0.435 -91.8066 -91.0079 0.435 -91.7841 -88.8793 0.435 -91.1149 -90.764 0.435 -91.0972 -88.6337 0.435 -90.4196 -90.5155 0.435 -90.4084 -88.3839 0.435 -89.7216 -90.2623 0.435 -89.7188 -88.1298 0.435 -89.0223 -90.0046 0.435 -89.0297 -87.8717 0.435 -88.3227 -89.7426 0.435 -88.3423 -87.6097 0.435 -87.6241 -89.4762 0.435 -87.6578 -87.3438 0.435 -86.9275 -89.2057 0.435 -86.9773 -87.0743 0.435 -86.2342 -88.9311 0.435 -86.3022 -86.8013 0.435 -85.5453 -88.6525 0.435 -85.6336 -86.5249 0.435 -84.862 -88.3701 0.435 -84.9728 -86.2453 0.435 -84.1853 -88.0838 0.435 -84.3209 -85.9627 0.435 -83.5165 -87.7938 0.435 -83.6793 -85.6771 0.435 -82.8567 -87.5001 0.435 -83.049 -85.3888 0.435 -82.2069 -87.2029 0.435 -82.429 -85.0967 0.435 -81.571 -86.9033 0.435 -81.8961 -84.8412 0.435 -81.0298 -86.6439 0.435 -81.3568 -84.5814 0.435 -80.4869 -86.3823 0.435 -80.8137 -84.3184 0.435 -79.9401 -86.1175 0.435 -80.2671 -84.0522 0.435 -79.3894 -85.8493 0.435 -79.7172 -83.7829 0.435 -78.8352 -85.5779 0.435 -79.1642 -83.5103 0.435 -78.2777 -85.3031 0.435 -78.6083 -83.2346 0.435 -77.7172 -85.025 0.435 -78.0499 -82.9556 0.435 -77.1537 -84.7437 0.435 -77.489 -82.6735 0.435 -76.5877 -84.459 0.435 -76.9259 -82.3883 0.435 -76.0192 -84.171 0.435 -76.3609 -82.0998 0.435 -75.4486 -83.8796 0.435 -75.7941 -81.8082 0.435 -74.876 -83.585 0.435 -75.2259 -81.5134 0.435 -74.3017 -83.2871 0.435 -74.6563 -81.2154 0.435 -73.726 -82.9858 0.435 -74.0858 -80.9142 0.435 -73.1489 -82.6812 0.435 -73.5144 -80.6099 0.435 -72.5708 -82.3733 0.435 -72.9424 -80.3024 0.435 -71.9919 -82.0621 0.435 -72.3701 -79.9918 0.435 -71.4124 -81.7475 0.435 -71.7976 -79.678 0.435 -70.8325 -81.4297 0.435 -71.2253 -79.361 0.435 -70.2524 -81.1085 0.435 -70.6532 -79.0409 0.435 -69.6725 -80.7839 0.435 -70.0817 -78.7176 0.435 -69.0929 -80.456 0.435 -69.511 -78.3912 0.435 -68.5138 -80.1248 0.435 -68.9413 -78.0616 0.435 -67.9354 -79.7902 0.435 -68.3728 -77.7289 0.435 -67.358 -79.4523 0.435 -67.8057 -77.393 0.435 -66.7819 -79.111 0.435 -67.2404 -77.054 0.435 -66.2071 -78.7664 0.435 -66.677 -76.7119 0.435 -65.634 -78.4184 0.435 -66.1157 -76.3667 0.435 -65.0628 -78.0671 0.435 -65.5568 -76.0183 0.435 -64.4937 -77.7124 0.435 -65.0005 -75.6668 0.435 -63.9269 -77.3543 0.435 -64.4471 -75.3123 0.435 -63.3627 -76.9928 0.435 -63.8967 -74.9546 0.435 -62.8013 -76.6279 0.435 -63.3496 -74.5938 0.435 -62.2428 -76.2596 0.435 -62.806 -74.2299 0.435 -61.6876 -75.888 0.435 -62.2661 -73.863 0.435 -61.1358 -75.5129 0.435 -61.7303 -73.493 0.435 -60.5876 -75.1344 0.435 -61.1986 -73.1199 0.435 -60.0434 -74.7525 0.435 -60.6714 -72.7437 0.435 -59.5033 -74.3671 0.435 -60.1489 -72.3645 0.435 -58.9675 -73.9784 0.435 -59.6312 -71.9823 0.435 -58.4363 -73.5861 0.435 -59.1187 -71.597 0.435 -57.9099 -73.1904 0.435 -58.6122 -71.2093 0.435 -57.3878 -72.7907 0.435 -58.1243 -70.8271 0.435 -56.8808 -72.3936 0.435 -57.6416 -70.4389 0.435 -56.3785 -71.9895 0.435 -57.1632 -70.0442 0.435 -55.8814 -71.5794 0.435 -56.6888 -69.6433 0.435 -55.3893 -71.1636 0.435 -56.2183 -69.2365 0.435 -54.902 -70.7423 0.435 -55.7514 -68.8239 0.435 -54.4194 -70.3158 0.435 -55.2879 -68.4058 0.435 -53.941 -69.8843 0.435 -54.8276 -67.9824 0.435 -53.4669 -69.4481 0.435 -54.3704 -67.554 0.435 -52.9966 -69.0075 0.435 -53.916 -67.1208 0.435 -52.5301 -68.5627 0.435 -53.4643 -66.683 0.435 -52.067 -68.1139 0.435 -53.0149 -66.2408 0.435 -51.6072 -67.6615 0.435 -52.5678 -65.7946 0.435 -51.1504 -67.2056 0.435 -52.1227 -65.3446 0.435 -50.6964 -66.7466 0.435 -51.6794 -64.8909 0.435 -50.2451 -66.2847 0.435 -51.2377 -64.4339 0.435 -49.7961 -65.8201 0.435 -50.7975 -63.9737 0.435 -49.3493 -65.3531 0.435 -50.3584 -63.5106 0.435 -48.9044 -64.8839 0.435 -49.9203 -63.045 0.435 -48.4612 -64.4128 0.435 -49.4831 -62.5769 0.435 -48.0196 -63.94 0.435 -49.0464 -62.1067 0.435 -47.5792 -63.4658 0.435 -48.6101 -61.6345 0.435 -47.1399 -62.9905 0.435 -48.174 -61.1607 0.435 -46.7015 -62.5142 0.435 -47.7378 -60.6855 0.435 -46.2637 -62.0372 0.435 -47.3014 -60.2092 0.435 -45.8264 -61.5598 0.435 -46.8645 -59.7319 0.435 -45.3892 -61.0823 0.5056 -46.427 -59.2539 0.435 -44.9521 -60.6048 0.6232 -45.9886 -58.7755 0.435 -44.5148 -60.1276 0.7417 -45.5491 -58.297 0.497 -44.0771 -59.6509 0.8613 -45.1083 -57.8185 0.6316 -43.6387 -59.175 0.9821 -44.666 -57.3403 0.7686 -43.1995 -58.7002 1.1043 -44.222 -56.8627 0.9082 -42.7593 -58.2267 1.2281 -43.776 -56.3859 1.0506 -42.3178 -57.7547 1.3537 -43.3279 -55.9102 1.196 -41.8748 -57.2845 1.4812 -42.8774 -55.4358 1.3446 -41.4302 -56.8163 1.6108 -42.4243 -54.963 1.4967 -40.9837 -56.3503 1.7428 -41.9684 -54.492 1.6524 -40.5351 -55.8869 1.8773 -41.5095 -54.023 1.8118 -40.0843 -55.4262 2.0145 -41.0473 -53.5564 1.9752 -39.6309 -54.9684 2.1546 -40.5817 -53.0924 2.1428 -39.1749 -54.5139 2.2978 -40.1124 -52.6312 2.3146 -38.7159 -54.0629 2.4442 -39.6393 -52.1731 2.4909 -38.2539 -53.6155 2.594 -39.162 -51.7183 2.6717 -37.7885 -53.1721 2.7473 -38.6824 -51.269 2.8563 -37.3176 -52.731 2.9049 -38.2149 -50.8342 3.0399 -36.8517 -52.2977 3.064 -37.7492 -50.3997 3.2273 -36.384 -51.8613 3.2278 -37.2831 -49.9639 3.4198 -35.9163 -51.424 3.3959 -36.8167 -49.5268 3.6174 -35.4485 -50.9856 3.5686 -36.3499 -49.0886 3.8204 -34.9807 -50.5465 3.7463 -35.8826 -48.6495 4.0291 -34.5127 -50.1067 3.9292 -35.4147 -48.2095 4.2436 -34.0444 -49.6663 4.1176 -34.9462 -47.7688 4.4641 -33.5759 -49.2256 4.3117 -34.477 -47.3275 4.6908 -33.107 -48.7845 4.5116 -34.0071 -46.8857 4.9238 -32.6376 -48.3433 4.7176 -33.5363 -46.4437 5.1631 -32.1678 -47.9021 4.9298 -33.0647 -46.0015 5.4087 -31.6974 -47.4611 5.1484 -32.5921 -45.5592 5.6607 -31.2263 -47.0202 5.3733 -32.1185 -45.117 5.9189 -30.7546 -46.5798 5.6045 -31.6438 -44.675 6.1833 -30.2821 -46.1398 5.8422 -31.168 -44.2334 6.4538 -29.8088 -45.7005 6.0862 -30.691 -43.7922 6.73 -29.3346 -45.262 6.3364 -30.2126 -43.3517 7.0118 -28.8594 -44.8243 6.5926 -29.733 -42.9119 7.2988 -28.3832 -44.3877 6.8547 -29.2519 -42.473 7.5908 -27.9059 -43.9523 7.1223 -28.7693 -42.0351 7.8872 -27.4274 -43.5181 7.3952 -28.2852 -41.5983 8.1876 -26.9478 -43.0854 7.6731 -27.7994 -41.1628 8.4916 -26.4668 -42.6542 7.9554 -27.312 -40.7288 8.7985 -25.9846 -42.2247 8.2419 -26.8229 -40.2962 9.1079 -25.5009 -41.797 8.5319 -26.3319 -39.8654 9.419 -25.0157 -41.3713 8.825 -25.839 -39.4364 9.7313 -24.529 -40.9476 9.1207 -25.3441 -39.0093 10.0441 -24.0407 -40.5262 9.4183 -24.8473 -38.5842 10.3566 -23.5508 -40.1071 9.7173 -24.3483 -38.1614 10.6683 -23.0591 -39.6904 10.017 -23.8472 -37.741 10.9783 -22.5656 -39.2764 10.3167 -23.3439 -37.323 11.286 -22.0703 -38.865 10.616 -22.8383 -36.9076 11.5906 -21.573 -38.4565 10.914 -22.3303 -36.495 11.8915 -21.0738 -38.051 11.2101 -21.8198 -36.0852 12.188 -20.5725 -37.6486 11.5038 -21.3069 -35.6785 12.4794 -20.0691 -37.2495 11.7943 -20.7914 -35.2749 12.765 -19.5636 -36.8537 12.081 -20.2732 -34.8746 13.0444 -19.0558 -36.4614 12.3634 -19.7524 -34.4778 13.3168 -18.5457 -36.0728 12.6409 -19.2287 -34.0844 13.5819 -18.0333 -35.6878 12.913 -18.7023 -33.6948 13.8391 -17.5184 -35.3068 13.1791 -18.1729 -33.309 14.0881 -17.0011 -34.9298 13.4389 -17.6405 -32.9272 14.3284 -16.4812 -34.5569 13.6919 -17.105 -32.5494 14.5599 -15.9587 -34.1883 13.9378 -16.5652 -32.175 14.7828 -15.4348 -33.825 14.1756 -16.0295 -31.8127 14.9923 -14.921 -33.4774 14.3992 -15.4869 -31.4571 15.192 -14.4023 -33.1375 14.6142 -14.9393 -31.109 15.3817 -13.8775 -32.8038 14.8215 -14.3869 -30.7679 15.5616 -13.3468 -32.4763 15.0212 -13.83 -30.4336 15.7321 -12.8106 -32.1543 15.2133 -13.2688 -30.1056 15.8936 -12.2691 -31.8378 15.3981 -12.7038 -29.7836 16.0464 -11.7225 -31.5264 15.5756 -12.1351 -29.4673 16.191 -11.1712 -31.2197 15.7461 -11.5631 -29.1562 16.3278 -10.6154 -30.9174 15.9097 -10.988 -28.85 16.4571 -10.0553 -30.6192 16.0667 -10.4101 -28.5484 16.5793 -9.4913 -30.3248 16.2171 -9.8297 -28.2509 16.6949 -8.9236 -30.0339 16.3612 -9.2471 -27.9574 16.8041 -8.3526 -29.7462 16.4991 -8.6625 -27.6673 16.9074 -7.7783 -29.4612 16.631 -8.0763 -27.3803 17.005 -7.2013 -29.1787 16.757 -7.4886 -27.0961 17.0972 -6.6217 -28.8984 16.8773 -6.8999 -26.8144 17.1845 -6.0397 -28.62 16.992 -6.3103 -26.5348 17.2669 -5.4558 -28.343 17.1012 -5.7202 -26.2569 17.3448 -4.8701 -28.0672 17.205 -5.1298 -25.9804 17.4184 -4.2829 -27.7923 17.3035 -4.5393 -25.705 17.4879 -3.6946 -27.5178 17.3968 -3.9492 -25.4303 17.5535 -3.1053 -27.2435 17.4849 -3.3596 -25.1559 17.6153 -2.5154 -26.9691 17.5679 -2.7708 -24.8816 17.6735 -1.9252 -26.6941 17.6459 -2.1831 -24.6071 17.7283 -1.3349 -26.4183 17.7189 -1.5968 -24.3318 17.7798 -0.7447 -26.1412 17.7869 -1.0122 -24.0557 17.8282 -0.1551 -25.8627 17.8501 -0.4295 -23.7782 17.8735 0.4338 -25.5822 17.9084 0.151 -23.499 17.916 1.0217 -25.2996 17.9621 0.7289 -23.218 17.9557 1.6082 -25.0143 18.0111 1.3041 -22.9346 17.9928 2.1932 -24.7261 18.0556 1.8763 -22.6486 18.0275 2.7763 -24.4347 18.0956 2.4451 -22.3597 18.0599 3.3572 -24.1396 18.1314 3.0104 -22.0675 18.0902 3.9358 -23.8405 18.1632 3.5718 -21.7717 18.1188 4.5116 -23.5371 18.191 4.129 -21.472 18.1457 5.0845 -23.229 18.2153 4.6818 -21.168 18.1712 5.6541 -22.9158 18.2361 5.2299 -20.8595 18.1957 6.2201 -22.5972 18.254 5.773 -20.5462 18.2194 6.7823 -22.2728 18.2691 6.3109 -20.2276 18.2428 7.3404 -21.9423 18.2819 6.8434 -19.9036 18.2661 7.8941 -21.6053 18.2929 7.37 -19.5737 18.2897 8.4431 -21.2615 18.3025 7.8906 -19.2377 18.3142 8.9871 -20.9104 18.3112 8.405 -18.8953 18.3399 9.5258 -20.5517 18.3197 8.9128 -18.5461 18.3674 10.059 -20.1851 18.3284 9.4156 -18.1885 18.3974 10.5844 -19.8115 18.3381 9.9292 -17.8141 18.4311 11.1133 -19.4259 18.3496 10.4426 -17.4341 18.4683 11.6383 -19.0373 18.3631 10.9541 -17.0497 18.5093 12.1611 -18.6445 18.3793 11.4637 -16.6613 18.5545 12.6818 -18.2475 18.3987 11.9712 -16.2687 18.6043 13.2002 -17.8465 18.4217 12.4768 -15.8722 18.659 13.7164 -17.4416 18.4488 12.9802 -15.4717 18.719 14.2303 -17.0329 18.4805 13.4816 -15.0675 18.7845 14.7419 -16.6204 18.5172 13.9808 -14.6596 18.8559 15.2512 -16.2044 18.5593 14.4779 -14.2482 18.9334 15.7581 -15.7847 18.6071 14.9727 -13.8332 19.0173 16.2626 -15.3617 18.661 15.4653 -13.4149 19.1076 16.7646 -14.9353 18.7212 15.9556 -12.9933 19.2046 17.2642 -14.5057 18.788 16.4436 -12.5684 19.3084 17.7613 -14.073 18.8616 16.9293 -12.1405 19.419 18.2559 -13.6372 18.9421 17.4126 -11.7096 19.5365 18.7479 -13.1985 19.0298 17.8934 -11.2758 19.661 19.2374 -12.757 19.1247 18.3718 -10.8393 19.7925 19.7242 -12.3127 19.2269 18.8477 -10.4 19.9308 20.2084 -11.8658 19.3363 19.3211 -9.9581 20.076 20.6899 -11.4164 19.4531 19.7919 -9.5137 20.228 21.1687 -10.9645 19.5771 20.2602 -9.067 20.3867 21.6447 -10.5102 19.7084 20.7258 -8.6179 20.5519 22.118 -10.0538 19.8467 21.1887 -8.1666 20.7235 22.5885 -9.5951 19.9921 21.6489 -7.7133 20.9014 23.0562 -9.1345 20.1444 22.1064 -7.2579 21.0853 23.5209 -8.6718 20.3034 22.5611 -6.8007 21.2752 23.9829 -8.2073 20.469 23.0131 -6.3416 21.4708 24.4418 -7.7411 20.6409 23.4622 -5.8808 21.672 24.8979 -7.2732 20.8191 23.9084 -5.4185 21.8786 25.3509 -6.8038 21.0034 24.3517 -4.9546 22.0903 25.8009 -6.3329 21.1934 24.792 -4.4893 22.307 26.2479 -5.8606 21.3891 25.2294 -4.0227 22.5285 26.6918 -5.3871 21.5903 25.6638 -3.5549 22.7547 27.1326 -4.9124 21.7967 26.0951 -3.086 22.9853 27.5702 -4.4366 22.0081 26.5233 -2.6161 23.2203 28.0047 -3.9599 22.2245 26.9485 -2.1453 23.4594 28.4359 -3.4823 22.4456 27.3705 -1.6737 23.7026 28.8639 -3.0039 22.6712 27.7892 -1.2014 23.9496 29.2887 -2.5249 22.9012 28.2048 -0.7284 24.2004 29.7101 -2.0453 23.1355 28.6172 -0.255 24.4549 30.1282 -1.5652 23.3739 29.0262 0.2189 24.713 30.543 -1.0847 23.6163 29.4319 0.6931 24.9747 30.9544 -0.6039 23.8626 29.8343 1.1675 25.2397 31.3623 -0.123 24.1128 30.2327 1.6413 25.5078 31.7673 0.3587 24.367 30.6458 2.1384 25.7928 32.1887 0.8658 24.6388 31.0558 2.6391 26.0841 32.6077 1.3777 24.9177 31.4631 3.1439 26.382 33.0239 1.8933 25.2032 31.8677 3.6525 26.6865 33.437 2.4127 25.4955 32.2696 4.1648 26.9978 33.8472 2.9355 25.7946 32.6688 4.6806 27.3158 34.2544 3.4616 26.1004 33.0651 5.1996 27.6407 34.6585 3.9908 26.4131 33.4586 5.7217 27.9724 35.0596 4.523 26.7326 33.8492 6.2468 28.3112 35.4575 5.0579 27.0592 34.2369 6.7745 28.6569 35.8522 5.5953 27.3927 34.6215 7.3048 29.0098 36.2438 6.1351 27.7334 35.0032 7.8373 29.3699 36.6322 6.677 28.0812 35.3818 8.3721 29.7372 37.0173 7.221 28.4363 35.7573 8.9088 30.1119 37.3991 7.7667 28.7988 36.1296 9.4472 30.494 37.7776 8.3141 29.1687 36.4988 9.9872 30.8836 38.1528 8.8628 29.5462 36.8647 10.5286 31.2808 38.5246 9.4129 29.9312 37.2273 11.0711 31.6855 38.8929 9.9639 30.3239 37.5867 11.6147 32.0978 39.2578 10.5159 30.7243 37.9427 12.1591 32.5177 39.6192 11.0685 31.1325 38.2953 12.704 32.9452 39.9771 11.6216 31.5485 38.6445 13.2494 33.3803 40.3314 12.175 31.9722 38.9902 13.7951 33.8229 40.6821 12.7286 32.4038 39.3324 14.3407 34.273 41.0292 13.2821 32.8431 39.671 14.8863 34.7304 41.3726 13.8353 33.2901 40.0061 15.4315 35.1949 41.7123 14.3881 33.7447 40.3375 15.9761 35.6665 42.0483 14.9402 34.2068 40.6652 16.5201 36.1449 42.3805 15.4915 34.6762 40.9892 17.0631 36.6299 42.7089 16.0419 35.1528 41.3095 17.605 37.1211 43.0334 16.591 35.6362 41.626 18.1457 37.6183 43.3541 17.1388 36.1263 41.9387 18.6848 38.121 43.6708 17.685 36.6228 42.2475 19.2223 38.6289 43.9836 18.2295 37.1252 42.5523 19.7579 39.1415 44.2924 18.772 37.6332 42.8533 20.2915 39.6585 44.5972 19.3124 38.1464 43.1502 20.8228 40.1794 44.8979 19.8505 38.6645 43.4431 21.3517 40.704 45.1945 20.3861 39.1872 43.732 21.878 41.2322 45.487 20.919 39.7144 44.0167 22.4014 41.7643 45.7754 21.449 40.2461 44.2973 22.9219 42.301 46.0595 21.976 40.783 44.5737 23.4391 42.8437 46.3393 22.4997 41.3262 44.8459 23.953 43.3948 46.6149 23.02 41.8776 45.115 24.4655 43.9598 46.885 23.5345 42.4375 45.4474 25.0966 44.6833 47.2143 24.1597 43.1432 45.7846 25.7283 45.4486 47.5468 24.7825 43.8828 46.1244 26.3581 46.2667 47.8829 25.4054 44.6712 46.4659 26.9858 47.1505 48.2217 26.0282 45.5213 46.8081 27.6116 48.1091 48.5622 26.6508 46.4439 47.1501 28.2352 49.1437 48.9036 27.2733 47.4439 47.4911 28.8566 50.2432 49.2449 27.8954 48.5171 47.83 29.4758 51.3824 49.5853 28.5172 49.6466 48.1661 30.0926 52.5221 49.9239 29.1385 50.8017 48.4984 30.7071 53.6127 50.2596 29.7594 51.9401 48.8259 31.3189 54.6011 50.5917 30.3798 53.0117 49.1478 31.9282 55.4396 50.9192 30.9997 53.967 49.4632 32.5347 56.0941 51.2412 31.6189 54.7643 49.7712 33.1384 56.5496 51.5568 32.2376 55.3773 50.0708 33.7391 56.8132 51.8651 32.8557 55.7995 50.3611 34.3367 56.911 52.1651 33.4731 56.0448 50.6414 34.931 56.8831 52.4559 34.0899 56.1439 50.9106 35.522 56.7761 52.7366 34.7061 56.1386 51.1679 36.1094 56.6355 53.0063 35.3216 56.075 51.4125 36.6931 56.5001 53.2639 35.9366 55.9958 51.6434 37.273 56.3987 53.5086 36.551 55.9365 51.8599 37.8488 56.3491 53.7393 37.1649 55.9221 52.061 38.4204 56.3589 53.9551 37.7782 55.9669 52.2461 38.9877 56.4279 54.155 38.3911 56.0756 52.4142 39.5503 56.5506 54.338 39.0036 56.2462 52.5646 40.1082 56.7187 54.503 39.6157 56.4718 52.6965 40.6613 56.9228 54.6489 40.2274 56.7432 52.8093 41.2092 57.1539 54.7747 40.8388 57.0508 52.9022 41.752 57.4043 54.8792 41.4498 57.3851 52.9745 42.2895 57.6671 54.9613 42.0604 57.7382 53.0256 42.8216 57.9371 55.0199 42.6705 58.1031 53.0549 43.3485 58.21 55.0537 43.2799 58.4739 53.0617 43.87 58.4824 55.0616 43.8886 58.8458 53.0453 44.3863 58.7516 55.0423 44.4961 59.2147 53.0069 44.8828 59.0081 54.9931 45.1172 59.5858 52.9314 45.3684 59.2523 54.8892 45.7769 59.965 52.8061 45.8479 59.482 54.7168 46.4391 60.3212 52.6303 46.338 59.7041 54.4848 47.0869 60.6434 52.4053 46.8381 59.9174 54.2 47.7208 60.9332 52.1333 47.347 60.1225 53.8683 48.3418 61.195 51.8169 47.8633 60.322 53.4951 48.9513 61.4363 51.4596 48.3854 60.5214 53.0851 49.5505 61.6677 51.0648 48.912 60.7298 52.6429 50.1407 61.9029 50.6365 49.442 60.96 52.1726 50.7228 62.158 50.1787 49.9745 61.2269 51.6784 51.2977 62.4491 49.6954 50.5086 61.5448 51.1643 51.8658 62.7885 49.1906 51.0438 61.9224 50.6343 52.4279 63.1791 48.6686 51.5794 62.3556 50.0924 52.984 63.6085 48.1335 52.1153 62.8219 49.5425 53.5346 64.0454 47.5892 52.651 63.2774 48.9887 54.0798 64.4397 47.0399 53.1863 63.6598 48.4349 54.6195 64.7298 46.4896 53.7213 63.8989 47.8854 55.1537 64.8545 45.9424 54.2557 63.9322 47.344 55.6824 64.7678 45.4021 54.7898 63.7205 46.815 56.2052 64.4506 44.8726 55.3237 63.2588 46.3026 56.7219 63.9158 44.358 55.8576 62.5775 45.8109 57.232 63.205 43.8621 56.392 61.734 45.3441 57.735 62.378 43.3886 56.9277 60.7995 44.9066 58.2299 61.5002 42.9416 57.4653 59.8434 44.5024 58.7159 60.6304 42.5249 58.0061 58.9228 44.1357 59.1915 59.8138 42.1426 58.5516 58.0769 43.8105 59.6552 59.0797 41.7993 59.1036 57.3273 43.5306 60.105 58.4428 41.4999 59.6644 56.6814 43.2988 60.5383 57.9068 41.2502 60.2365 56.1376 43.1176 60.9526 57.4679 41.0575 60.822 55.69 42.9877 61.3457 57.1182 40.9304 61.4218 55.3323 42.9086 61.7164 56.8476 40.8788 62.0343 55.0594 42.8786 62.0663 56.6447 40.9122 62.654 54.868 42.8961 62.4006 56.4991 41.0324 63.2523 54.758 42.9676 62.7477 56.3978 41.1975 63.7601 54.7132 43.0716 63.0617 56.3409 41.3985 64.2415 54.702 43.2147 63.4039 56.3044 41.6373 64.7149 54.718 43.3923 63.7557 56.2916 41.9114 65.1807 54.7576 43.6043 64.1159 56.3012 42.2185 65.6396 54.8178 43.8503 64.4832 56.3321 42.5569 66.0921 54.8962 44.1295 64.8564 56.383 42.9249 66.5389 54.9906 44.4409 65.2344 56.4523 43.3209 66.9804 55.0991 44.7834 65.6161 56.5385 43.7437 67.4169 55.2199 45.1557 66.0005 56.6402 44.1919 67.8488 55.3515 45.5565 66.3867 56.7556 44.6642 68.2762 55.4924 45.9845 66.7739 56.8833 45.1594 68.6992 55.6412 46.4382 67.1615 57.0218 45.6763 69.118 55.7964 46.9163 67.5487 57.1693 46.2137 69.5323 55.9566 47.4173 67.935 57.3245 46.7703 69.9423 56.1207 47.9398 68.3199 57.4856 47.3449 70.3478 56.2872 48.4824 68.7027 57.6514 47.9363 70.7486 56.4549 49.0437 69.0832 57.8201 48.5433 71.1447 56.6225 49.6224 69.4607 57.9903 49.1646 71.5357 56.7888 50.2169 69.8349 58.1605 49.799 71.9216 56.9524 50.826 70.2054 58.3293 50.4452 72.3021 57.1122 51.4483 70.5718 58.4952 51.102 72.677 57.267 52.0823 70.9337 58.6568 51.7681 73.046 57.4157 52.7267 71.2907 58.8128 52.4423 73.4089 57.5571 53.3802 71.6425 58.962 53.1233 73.7655 57.6903 54.0413 71.9887 59.1032 53.8097 74.1155 57.8144 54.7088 72.329 59.2352 54.5005 74.4586 57.9283 55.3812 72.6629 59.3571 55.1942 74.7945 58.0314 56.0572 72.9903 59.468 55.8896 75.1231 58.123 56.7355 73.3108 59.5673 56.5854 75.4439 58.2025 57.4146 73.6239 59.6541 57.2803 75.7568 58.2695 58.0934 73.9295 59.7282 57.9731 76.0614 58.3237 58.7703 74.2271 59.7892 58.6625 76.3574 58.3649 59.444 74.5165 59.8369 59.3471 76.6447 58.3931 60.1133 74.7973 59.8713 60.0258 76.9228 58.4084 60.7767 75.0692 59.8926 60.6972 77.1916 58.4111 61.4329 75.3318 59.901 61.3601 77.4507 58.4017 62.0806 75.585 59.8971 62.0132 77.6998 58.3807 62.7184 75.8282 59.8814 62.6586 77.9399 58.3486 63.3414 76.0601 59.8549 63.2455 78.1472 58.3139 63.8894 76.2537 59.8266 63.8546 78.3465 58.2762 64.4562 76.4392 59.796 64.4811 78.537 58.2342 65.044 76.6178 59.7617 65.1239 78.7189 58.1866 65.6514 76.7897 59.7224 65.7822 78.8927 58.1324 66.277 76.9549 59.6769 66.4546 79.0587 58.0703 66.9194 77.1135 59.624 67.1402 79.2172 57.9995 67.5773 77.2656 59.5628 67.8378 79.3685 57.919 68.2493 77.4113 59.4923 68.5463 79.5129 57.8282 68.9341 77.5509 59.4119 69.2645 79.6506 57.7266 69.6304 77.6843 59.3208 69.9912 79.7818 57.6136 70.3369 77.8119 59.2186 70.7254 79.9069 57.4891 71.0522 77.9338 59.1049 71.4658 80.0261 57.3529 71.7751 78.0502 58.9797 72.2112 80.1396 57.2052 72.5043 78.1612 58.8428 72.9605 80.2476 57.046 73.2386 78.267 58.6944 73.7124 80.3504 56.8759 73.9766 78.3679 58.5348 74.4658 80.4482 56.6953 74.717 78.464 58.3645 75.2195 80.5412 56.5049 75.4587 78.5555 58.184 75.9722 80.6297 56.3053 76.2003 78.6427 57.9939 76.7227 80.7138 56.0976 76.9407 78.7257 57.7951 77.4699 80.7938 55.8827 77.6785 78.8047 57.5885 78.2125 80.87 55.6615 78.4125 78.88 57.375 78.9493 80.9425 55.4352 79.1414 78.9517 57.1557 79.6791 81.0115 55.2049 79.8641 79.0201 56.9315 80.4006 81.0773 54.9717 80.5792 79.0853 56.7037 81.1126 81.14 54.7368 81.2856 79.1475 56.4732 81.8139 81.2 54.5012 81.9821 79.2071 56.2411 82.5033 81.2573 54.2661 82.6673 79.2641 56.0086 83.1794 81.3123 54.0325 83.34 79.3188 55.7766 83.8411 81.3651 53.8014 83.9991 79.3714 55.546 84.4871 81.416 53.5737 84.6434 79.4221 55.318 85.1161 81.465 53.3502 85.2716 79.4711 55.0932 85.7269 81.5126 53.1317 85.8825 79.5187 54.8724 86.3182 81.5588 52.9189 86.4749 79.565 54.6565 86.8887 81.6039 52.7125 87.0477 79.6102 54.4459 87.437 81.6481 52.513 87.5998 79.6547 54.2414 87.962 81.6915 52.3209 88.1299 79.6986 54.0433 88.4621 81.7344 52.1366 88.637 79.7421 53.8522 88.9361 81.777 51.9606 89.12 79.7855 53.6683 89.3823 81.8194 51.7931 89.5778 79.829 53.4919 89.7995 81.8618 51.6346 90.0097 79.8729 53.3232 90.1857 81.9043 51.4854 90.4146 79.9174 53.1624 90.5394 81.947 51.3458 90.7921 79.963 53.0092 90.8667 81.9911 51.2132 91.1333 80.0089 52.8671</float_array>
          <technique_common>
            <accessor source="#trail_surface_positions_array" count="2598" stride="3">
              <param name="X" type="float"/>
              <param name="Y" type="float"/>
              <param name="Z" type="float"/>
            </accessor>
          </technique_common>
        </source>
        <source id="trail_surface_normals">
          <float_array id="trail_surface_normals_array" count="7794">0 0 1 0 0 1 0 0 1 0 0 1 0 0 1 0 0 1 0 0 1 0 0 1 0 0 1 0 0 1 0 0 1 0 0 1 0 0 1 0 0 1 0 0 1 0 0 1 0 0 1 0 0 1 0 0 1 0 0 1 0 0 1 0 0 1 0 0 1 0 0 1 0 0 1 0 0 1 0 0 1 0 0 1 0 0 1 0 0 1 0 0 1 0 0 1 0 0 1 0 0 1 0 0 1 0 0 1 0 0 1 0 0 1 0 0 1 0 0 1 0 0 1 0 0 1 0 0 1 0 0 1 0 0 1 0 0 1 0 0 1 0 0 1 0 0 1 0 0 1 0 0 1 0 0 1 0 0 1 0 0 1 0 0 1 0 0 1 0 0 1 0 0 1 0 0 1 0 0 1 0 0 1 0 0 1 0 0 1 0 0 1 0 0 1 0 0 1 0 0 1 0 0 1 0 0 1 0 0 1 0 0 1 0 0 1 0 0 1 0 0 1 0 0 1 0 0 1 0 0 1 0 0 1 0 0 1 0 0 1 0 0 1 0 0 1 0 0 1 0 0 1 0 0 1 0 0 1 0 0 1 0 0 1 0 0 1 0 0 1 0 0 1 0 0 1 0 0 1 0 0 1 0 0 1 0 0 1 0 0 1 0 0 1 0 0 1 0 0 1 0 0 1 0 0 1 0 0 1 0 0 1 0 0 1 0 0 1 0 0 1 0 0 1 0 0 1 0 0 1 0 0 1 0 0 1 0 0 1 0 0 1 0 0 1 0 0 1 0 0 1 0 0 1 0 0 1 0 0 1 0 0 1 0 0 1 0 0 1 0 0 1 0 0 1 0 0 1 0 0 1 0 0 1 0 0 1 0 0 1 0 0 1 0 0 1 0 0 1 0 0 1 0 0 1 0 0 1 0 0 1 0 0 1 0 0 1 0 0 1 0 0 1 0 0 1 0 0 1 0 0 1 0 0 1 0 0 1 0 0 1 0 0 1 0 0 1 0 0 1 0 0 1 0 0 1 0 0 1 0 0 1 0 0 1 0 0 1 0 0 1 0 0 1 0 0 1 0 0 1 0 0 1 0 0 1 0 0 1 0 0 1 0 0 1 0 0 1 0 0 1 0 0 1 0 0 1 0 0 1 0 0 1 0 0 1 0 0 1 0 0 1 0 0 1 0 0 1 0 0 1 0 0 1 0 0 1 0 0 1 0 0 1 0 0 1 0 0 1 0 0 1 0 0 1 0 0 1 0 0 1 0 0 1 0 0 1 0 0 1 0 0 1 0 0 1 0 0 1 0 0 1 0 0 1 0 0 1 0 0 1 0 0 1 0 0 1 0 0 1 0 0 1 0 0 1 0 0 1 0 0 1 0 0 1 0 0 1 0 0 1 0 0 1 0 0 1 0 0 1 0 0 1 0 0 1 0 0 1 0 0 1 0 0 1 0 0 1 0 0 1 0 0 1 0 0 1 0 0 1 0 0 1 0 0 1 0 0 1 0 0 1 0 0 1 0 0 1 0 0 1 0 0 1 0 0 1 0 0 1 0 0 1 0 0 1 0 0 1 0 0 1 0 0 1 0 0 1 0 0 1 0 0 1 0 0 1 0 0 1 0 0 1 0 0 1 0 0 1 0 0 1 0 0 1 0 0 1 0 0 1 0 0 1 0 0 1 0 0 1 0 0 1 0 0 1 0 0 1 0 0 1 0 0 1 0 0 1 0 0 1 0 0 1 0 0 1 0 0 1 0 0 1 0 0 1 0 0 1 0 0 1 0 0 1 0 0 1 0 0 1 0 0 1 0 0 1 0 0 1 0 0 1 0 0 1 0 0 1 0 0 1 0 0 1 0 0 1 0 0 1 0 0 1 0 0 1 0 0 1 0 0 1 0 0 1 0 0 1 0 0 1 0 0 1 0 0 1 0 0 1 0 0 1 0 0 1 0 0 1 0 0 1 0 0 1 0 0 1 0 0 1 0 0 1 0 0 1 0 0 1 0 0 1 0 0 1 0 0 1 0 0 1 0 0 1 0 0 1 0 0 1 0 0 1 0 0 1 0 0 1 0 0 1 0 0 1 0 0 1 0 0 1 0 0 1 0 0 1 0 0 1 0 0 1 0 0 1 0 0 1 0 0 1 0 0 1 0 0 1 0 0 1 0 0 1 0 0 1 0 0 1 0 0 1 0 0 1 0 0 1 0 0 1 0 0 1 0 0 1 0 0 1 0 0 1 0 0 1 0 0 1 0 0 1 0 0 1 0 0 1 0 0 1 0 0 1 0 0 1 0 0 1 0 0 1 0 0 1 0 0 1 0 0 1 0 0 1 0 0 1 0 0 1 0 0 1 0 0 1 0 0 1 0 0 1 0 0 1 0 0 1 0 0 1 0 0 1 0 0 1 0 0 1 0 0 1 0 0 1 0 0 1 0 0 1 0 0 1 0 0 1 0 0 1 0 0 1 0 0 1 0 0 1 0 0 1 0 0 1 0 0 1 0 0 1 0 0 1 0 0 1 0 0 1 0 0 1 0 0 1 0 0 1 0 0 1 0 0 1 0 0 1 0 0 1 0 0 1 0 0 1 0 0 1 0 0 1 0 0 1 0 0 1 0 0 1 0 0 1 0 0 1 0 0 1 0 0 1 0 0 1 0 0 1 0 0 1 0 0 1 0 0 1 0 0 1 0 0 1 0 0 1 0 0 1 0 0 1 0 0 1 0 0 1 0 0 1 0 0 1 0 0 1 0 0 1 0 0 1 0 0 1 0 0 1 0 0 1 0 0 1 0 0 1 0 0 1 0 0 1 0 0 1 0 0 1 0 0 1 0 0 1 0 0 1 0 0 1 0 0 1 0 0 1 0 0 1 0 0 1 0 0 1 0 0 1 0 0 1 0 0 1 0 0 1 0 0 1 0 0 1 0 0 1 0 0 1 0 0 1 0 0 1 0 0 1 0 0 1 0 0 1 0 0 1 0 0 1 0 0 1 0 0 1 0 0 1 0 0 1 0 0 1 0 0 1 0 0 1 0 0 1 0 0 1 0 0 1 0 0 1 0 0 1 0 0 1 0 0 1 0 0 1 0 0 1 0 0 1 0 0 1 0 0 1 0 0 1 0 0 1 0 0 1 0 0 1 0 0 1 0 0 1 0 0 1 0 0 1 0 0 1 0 0 1 0 0 1 0 0 1 0 0 1 0 0 1 0 0 1 0 0 1 0 0 1 0 0 1 0 0 1 0 0 1 0 0 1 0 0 1 0 0 1 0 0 1 0 0 1 0 0 1 0 0 1 0 0 1 0 0 1 0 0 1 0 0 1 0 0 1 0 0 1 0 0 1 0 0 1 0 0 1 0 0 1 0 0 1 0 0 1 0 0 1 0 0 1 0 0 1 0 0 1 0 0 1 0 0 1 0 0 1 0 0 1 0 0 1 0 0 1 0 0 1 0 0 1 0 0 1 0 0 1 0 0 1 0 0 1 0 0 1 0 0 1 0 0 1 0 0 1 0 0 1 0 0 1 0 0 1 0 0 1 0 0 1 0 0 1 0 0 1 0 0 1 0 0 1 0 0 1 0 0 1 0 0 1 0 0 1 0 0 1 0 0 1 0 0 1 0 0 1 0 0 1 0 0 1 0 0 1 0 0 1 0 0 1 0 0 1 0 0 1 0 0 1 0 0 1 0 0 1 0 0 1 0 0 1 0 0 1 0 0 1 0 0 1 0 0 1 0 0 1 0 0 1 0 0 1 0 0 1 0 0 1 0 0 1 0 0 1 0 0 1 0 0 1 0 0 1 0 0 1 0 0 1 0 0 1 0 0 1 0 0 1 0 0 1 0 0 1 0 0 1 0 0 1 0 0 1 0 0 1 0 0 1 0 0 1 0 0 1 0 0 1 0 0 1 0 0 1 0 0 1 0 0 1 0 0 1 0 0 1 0 0 1 0 0 1 0 0 1 0 0 1 0 0 1 0 0 1 0 0 1 0 0 1 0 0 1 0 0 1 0 0 1 0 0 1 0 0 1 0 0 1 0 0 1 0 0 1 0 0 1 0 0 1 0 0 1 0 0 1 0 0 1 0 0 1 0 0 1 0 0 1 0 0 1 0 0 1 0 0 1 0 0 1 0 0 1 0 0 1 0 0 1 0 0 1 0 0 1 0 0 1 0 0 1 0 0 1 0 0 1 0 0 1 0 0 1 0 0 1 0 0 1 0 0 1 0 0 1 0 0 1 0 0 1 0 0 1 0 0 1 0 0 1 0 0 1 0 0 1 0 0 1 0 0 1 0 0 1 0 0 1 0 0 1 0 0 1 0 0 1 0 0 1 0 0 1 0 0 1 0 0 1 0 0 1 0 0 1 0 0 1 0 0 1 0 0 1 0 0 1 0 0 1 0 0 1 0 0 1 0 0 1 0 0 1 0 0 1 0 0 1 0 0 1 0 0 1 0 0 1 0 0 1 0 0 1 0 0 1 0 0 1 0 0 1 0 0 1 0 0 1 0 0 1 0 0 1 0 0 1 0 0 1 0 0 1 0 0 1 0 0 1 0 0 1 0 0 1 0 0 1 0 0 1 0 0 1 0 0 1 0 0 1 0 0 1 0 0 1 0 0 1 0 0 1 0 0 1 0 0 1 0 0 1 0 0 1 0 0 1 0 0 1 0 0 1 0 0 1 0 0 1 0 0 1 0 0 1 0 0 1 0 0 1 0 0 1 0 0 1 0 0 1 0 0 1 0 0 1 0 0 1 0 0 1 0 0 1 0 0 1 0 0 1 0 0 1 0 0 1 0 0 1 0 0 1 0 0 1 0 0 1 0 0 1 0 0 1 0 0 1 0 0 1 0 0 1 0 0 1 0 0 1 0 0 1 0 0 1 0 0 1 0 0 1 0 0 1 0 0 1 0 0 1 0 0 1 0 0 1 0 0 1 0 0 1 0 0 1 0 0 1 0 0 1 0 0 1 0 0 1 0 0 1 0 0 1 0 0 1 0 0 1 0 0 1 0 0 1 0 0 1 0 0 1 0 0 1 0 0 1 0 0 1 0 0 1 0 0 1 0 0 1 0 0 1 0 0 1 0 0 1 0 0 1 0 0 1 0 0 1 0 0 1 0 0 1 0 0 1 0 0 1 0 0 1 0 0 1 0 0 1 0 0 1 0 0 1 0 0 1 0 0 1 0 0 1 0 0 1 0 0 1 0 0 1 0 0 1 0 0 1 0 0 1 0 0 1 0 0 1 0 0 1 0 0 1 0 0 1 0 0 1 0 0 1 0 0 1 0 0 1 0 0 1 0 0 1 0 0 1 0 0 1 0 0 1 0 0 1 0 0 1 0 0 1 0 0 1 0 0 1 0 0 1 0 0 1 0 0 1 0 0 1 0 0 1 0 0 1 0 0 1 0 0 1 0 0 1 0 0 1 0 0 1 0 0 1 0 0 1 0 0 1 0 0 1 0 0 1 0 0 1 0 0 1 0 0 1 0 0 1 0 0 1 0 0 1 0 0 1 0 0 1 0 0 1 0 0 1 0 0 1 0 0 1 0 0 1 0 0 1 0 0 1 0 0 1 0 0 1 0 0 1 0 0 1 0 0 1 0 0 1 0 0 1 0 0 1 0 0 1 0 0 1 0 0 1 0 0 1 0 0 1 0 0 1 0 0 1 0 0 1 0 0 1 0 0 1 0 0 1 0 0 1 0 0 1 0 0 1 0 0 1 0 0 1 0 0 1 0 0 1 0 0 1 0 0 1 0 0 1 0 0 1 0 0 1 0 0 1 0 0 1 0 0 1 0 0 1 0 0 1 0 0 1 0 0 1 0 0 1 0 0 1 0 0 1 0 0 1 0 0 1 0 0 1 0 0 1 0 0 1 0 0 1 0 0 1 0 0 1 0 0 1 0 0 1 0 0 1 0 0 1 0 0 1 0 0 1 0 0 1 0 0 1 0 0 1 0 0 1 0 0 1 0 0 1 0 0 1 0 0 1 0 0 1 0 0 1 0 0 1 0 0 1 0 0 1 0 0 1 0 0 1 0 0 1 0 0 1 0 0 1 0 0 1 0 0 1 0 0 1 0 0 1 0 0 1 0 0 1 0 0 1 0 0 1 0 0 1 0 0 1 0 0 1 0 0 1 0 0 1 0 0 1 0 0 1 0 0 1 0 0 1 0 0 1 0 0 1 0 0 1 0 0 1 0 0 1 0 0 1 0 0 1 0 0 1 0 0 1 0 0 1 0 0 1 0 0 1 0 0 1 0 0 1 0 0 1 0 0 1 0 0 1 0 0 1 0 0 1 0 0 1 0 0 1 0 0 1 0 0 1 0 0 1 0 0 1 0 0 1 0 0 1 0 0 1 0 0 1 0 0 1 0 0 1 0 0 1 0 0 1 0 0 1 0 0 1 0 0 1 0 0 1 0 0 1 0 0 1 0 0 1 0 0 1 0 0 1 0 0 1 0 0 1 0 0 1 0 0 1 0 0 1 0 0 1 0 0 1 0 0 1 0 0 1 0 0 1 0 0 1 0 0 1 0 0 1 0 0 1 0 0 1 0 0 1 0 0 1 0 0 1 0 0 1 0 0 1 0 0 1 0 0 1 0 0 1 0 0 1 0 0 1 0 0 1 0 0 1 0 0 1 0 0 1 0 0 1 0 0 1 0 0 1 0 0 1 0 0 1 0 0 1 0 0 1 0 0 1 0 0 1 0 0 1 0 0 1 0 0 1 0 0 1 0 0 1 0 0 1 0 0 1 0 0 1 0 0 1 0 0 1 0 0 1 0 0 1 0 0 1 0 0 1 0 0 1 0 0 1 0 0 1 0 0 1 0 0 1 0 0 1 0 0 1 0 0 1 0 0 1 0 0 1 0 0 1 0 0 1 0 0 1 0 0 1 0 0 1 0 0 1 0 0 1 0 0 1 0 0 1 0 0 1 0 0 1 0 0 1 0 0 1 0 0 1 0 0 1 0 0 1 0 0 1 0 0 1 0 0 1 0 0 1 0 0 1 0 0 1 0 0 1 0 0 1 0 0 1 0 0 1 0 0 1 0 0 1 0 0 1 0 0 1 0 0 1 0 0 1 0 0 1 0 0 1 0 0 1 0 0 1 0 0 1 0 0 1 0 0 1 0 0 1 0 0 1 0 0 1 0 0 1 0 0 1 0 0 1 0 0 1 0 0 1 0 0 1 0 0 1 0 0 1 0 0 1 0 0 1 0 0 1 0 0 1 0 0 1 0 0 1 0 0 1 0 0 1 0 0 1 0 0 1 0 0 1 0 0 1 0 0 1 0 0 1 0 0 1 0 0 1 0 0 1 0 0 1 0 0 1 0 0 1 0 0 1 0 0 1 0 0 1 0 0 1 0 0 1 0 0 1 0 0 1 0 0 1 0 0 1 0 0 1 0 0 1 0 0 1 0 0 1 0 0 1 0 0 1 0 0 1 0 0 1 0 0 1 0 0 1 0 0 1 0 0 1 0 0 1 0 0 1 0 0 1 0 0 1 0 0 1 0 0 1 0 0 1 0 0 1 0 0 1 0 0 1 0 0 1 0 0 1 0 0 1 0 0 1 0 0 1 0 0 1 0 0 1 0 0 1 0 0 1 0 0 1 0 0 1 0 0 1 0 0 1 0 0 1 0 0 1 0 0 1 0 0 1 0 0 1 0 0 1 0 0 1 0 0 1 0 0 1 0 0 1 0 0 1 0 0 1 0 0 1 0 0 1 0 0 1 0 0 1 0 0 1 0 0 1 0 0 1 0 0 1 0 0 1 0 0 1 0 0 1 0 0 1 0 0 1 0 0 1 0 0 1 0 0 1 0 0 1 0 0 1 0 0 1 0 0 1 0 0 1 0 0 1 0 0 1 0 0 1 0 0 1 0 0 1 0 0 1 0 0 1 0 0 1 0 0 1 0 0 1 0 0 1 0 0 1 0 0 1 0 0 1 0 0 1 0 0 1 0 0 1 0 0 1 0 0 1 0 0 1 0 0 1 0 0 1 0 0 1 0 0 1 0 0 1 0 0 1 0 0 1 0 0 1 0 0 1 0 0 1 0 0 1 0 0 1 0 0 1 0 0 1 0 0 1 0 0 1 0 0 1 0 0 1 0 0 1 0 0 1 0 0 1 0 0 1 0 0 1 0 0 1 0 0 1 0 0 1 0 0 1 0 0 1 0 0 1 0 0 1 0 0 1 0 0 1 0 0 1 0 0 1 0 0 1 0 0 1 0 0 1 0 0 1 0 0 1 0 0 1 0 0 1 0 0 1 0 0 1 0 0 1 0 0 1 0 0 1 0 0 1 0 0 1 0 0 1 0 0 1 0 0 1 0 0 1 0 0 1 0 0 1 0 0 1 0 0 1 0 0 1 0 0 1 0 0 1 0 0 1 0 0 1 0 0 1 0 0 1 0 0 1 0 0 1 0 0 1 0 0 1 0 0 1 0 0 1 0 0 1 0 0 1 0 0 1 0 0 1 0 0 1 0 0 1 0 0 1 0 0 1 0 0 1 0 0 1 0 0 1 0 0 1 0 0 1 0 0 1 0 0 1 0 0 1 0 0 1 0 0 1 0 0 1 0 0 1 0 0 1 0 0 1 0 0 1 0 0 1 0 0 1 0 0 1 0 0 1 0 0 1 0 0 1 0 0 1 0 0 1 0 0 1 0 0 1 0 0 1 0 0 1 0 0 1 0 0 1 0 0 1 0 0 1 0 0 1 0 0 1 0 0 1 0 0 1 0 0 1 0 0 1 0 0 1 0 0 1 0 0 1 0 0 1 0 0 1 0 0 1 0 0 1 0 0 1 0 0 1 0 0 1 0 0 1 0 0 1 0 0 1 0 0 1 0 0 1 0 0 1 0 0 1 0 0 1 0 0 1 0 0 1 0 0 1 0 0 1 0 0 1 0 0 1 0 0 1 0 0 1 0 0 1 0 0 1 0 0 1 0 0 1 0 0 1 0 0 1 0 0 1 0 0 1 0 0 1 0 0 1 0 0 1 0 0 1 0 0 1 0 0 1 0 0 1 0 0 1 0 0 1 0 0 1 0 0 1 0 0 1 0 0 1 0 0 1 0 0 1 0 0 1 0 0 1 0 0 1 0 0 1 0 0 1 0 0 1 0 0 1 0 0 1 0 0 1 0 0 1 0 0 1 0 0 1 0 0 1 0 0 1 0 0 1 0 0 1 0 0 1 0 0 1 0 0 1 0 0 1 0 0 1 0 0 1 0 0 1 0 0 1 0 0 1 0 0 1 0 0 1 0 0 1 0 0 1 0 0 1 0 0 1 0 0 1 0 0 1 0 0 1 0 0 1 0 0 1 0 0 1 0 0 1 0 0 1 0 0 1 0 0 1 0 0 1 0 0 1 0 0 1 0 0 1 0 0 1 0 0 1 0 0 1 0 0 1 0 0 1 0 0 1 0 0 1 0 0 1 0 0 1 0 0 1 0 0 1 0 0 1 0 0 1 0 0 1 0 0 1 0 0 1 0 0 1 0 0 1 0 0 1 0 0 1 0 0 1 0 0 1 0 0 1 0 0 1 0 0 1 0 0 1 0 0 1 0 0 1 0 0 1 0 0 1 0 0 1 0 0 1 0 0 1 0 0 1 0 0 1 0 0 1 0 0 1 0 0 1 0 0 1 0 0 1 0 0 1 0 0 1 0 0 1 0 0 1 0 0 1 0 0 1 0 0 1 0 0 1 0 0 1 0 0 1 0 0 1 0 0 1 0 0 1 0 0 1 0 0 1 0 0 1 0 0 1 0 0 1 0 0 1 0 0 1 0 0 1 0 0 1 0 0 1 0 0 1 0 0 1 0 0 1 0 0 1 0 0 1 0 0 1 0 0 1 0 0 1 0 0 1 0 0 1 0 0 1 0 0 1 0 0 1 0 0 1 0 0 1 0 0 1 0 0 1 0 0 1 0 0 1 0 0 1 0 0 1 0 0 1 0 0 1 0 0 1 0 0 1 0 0 1 0 0 1 0 0 1 0 0 1 0 0 1 0 0 1 0 0 1 0 0 1 0 0 1 0 0 1 0 0 1 0 0 1 0 0 1 0 0 1 0 0 1 0 0 1 0 0 1 0 0 1 0 0 1 0 0 1 0 0 1 0 0 1 0 0 1 0 0 1 0 0 1 0 0 1 0 0 1 0 0 1 0 0 1 0 0 1 0 0 1 0 0 1 0 0 1 0 0 1 0 0 1 0 0 1 0 0 1 0 0 1 0 0 1 0 0 1 0 0 1 0 0 1 0 0 1 0 0 1 0 0 1 0 0 1 0 0 1 0 0 1 0 0 1 0 0 1 0 0 1 0 0 1 0 0 1 0 0 1 0 0 1 0 0 1 0 0 1 0 0 1 0 0 1 0 0 1 0 0 1 0 0 1 0 0 1 0 0 1 0 0 1 0 0 1 0 0 1 0 0 1 0 0 1 0 0 1 0 0 1 0 0 1 0 0 1 0 0 1 0 0 1 0 0 1 0 0 1 0 0 1 0 0 1 0 0 1 0 0 1 0 0 1 0 0 1 0 0 1 0 0 1 0 0 1 0 0 1 0 0 1 0 0 1 0 0 1 0 0 1 0 0 1 0 0 1 0 0 1 0 0 1 0 0 1 0 0 1 0 0 1 0 0 1 0 0 1 0 0 1 0 0 1 0 0 1 0 0 1 0 0 1 0 0 1 0 0 1 0 0 1 0 0 1 0 0 1 0 0 1 0 0 1 0 0 1 0 0 1 0 0 1 0 0 1 0 0 1 0 0 1 0 0 1 0 0 1 0 0 1 0 0 1 0 0 1 0 0 1 0 0 1 0 0 1 0 0 1 0 0 1 0 0 1 0 0 1 0 0 1 0 0 1 0 0 1 0 0 1 0 0 1 0 0 1 0 0 1 0 0 1 0 0 1 0 0 1 0 0 1 0 0 1 0 0 1 0 0 1 0 0 1 0 0 1 0 0 1 0 0 1 0 0 1 0 0 1 0 0 1 0 0 1 0 0 1 0 0 1 0 0 1 0 0 1 0 0 1 0 0 1 0 0 1 0 0 1 0 0 1 0 0 1 0 0 1 0 0 1 0 0 1 0 0 1 0 0 1 0 0 1 0 0 1 0 0 1 0 0 1 0 0 1 0 0 1 0 0 1 0 0 1 0 0 1 0 0 1 0 0 1 0 0 1 0 0 1 0 0 1 0 0 1 0 0 1 0 0 1 0 0 1 0 0 1 0 0 1 0 0 1 0 0 1 0 0 1 0 0 1 0 0 1 0 0 1 0 0 1 0 0 1 0 0 1 0 0 1 0 0 1 0 0 1 0 0 1 0 0 1 0 0 1 0 0 1 0 0 1 0 0 1 0 0 1 0 0 1 0 0 1 0 0 1 0 0 1 0 0 1 0 0 1 0 0 1 0 0 1 0 0 1 0 0 1 0 0 1 0 0 1 0 0 1 0 0 1 0 0 1 0 0 1 0 0 1 0 0 1 0 0 1 0 0 1 0 0 1 0 0 1 0 0 1 0 0 1 0 0 1 0 0 1 0 0 1 0 0 1 0 0 1 0 0 1 0 0 1 0 0 1 0 0 1 0 0 1 0 0 1 0 0 1 0 0 1 0 0 1 0 0 1 0 0 1 0 0 1 0 0 1 0 0 1 0 0 1 0 0 1 0 0 1 0 0 1 0 0 1 0 0 1 0 0 1 0 0 1 0 0 1 0 0 1 0 0 1 0 0 1 0 0 1 0 0 1 0 0 1 0 0 1 0 0 1 0 0 1 0 0 1 0 0 1 0 0 1 0 0 1 0 0 1 0 0 1 0 0 1 0 0 1 0 0 1 0 0 1 0 0 1 0 0 1 0 0 1 0 0 1 0 0 1 0 0 1 0 0 1 0 0 1 0 0 1 0 0 1 0 0 1 0 0 1 0 0 1 0 0 1 0 0 1 0 0 1 0 0 1 0 0 1 0 0 1 0 0 1 0 0 1 0 0 1 0 0 1 0 0 1 0 0 1 0 0 1 0 0 1 0 0 1 0 0 1 0 0 1 0 0 1 0 0 1 0 0 1 0 0 1 0 0 1 0 0 1 0 0 1 0 0 1 0 0 1 0 0 1 0 0 1 0 0 1 0 0 1 0 0 1 0 0 1 0 0 1 0 0 1 0 0 1 0 0 1 0 0 1 0 0 1 0 0 1 0 0 1 0 0 1 0 0 1 0 0 1 0 0 1 0 0 1 0 0 1 0 0 1 0 0 1 0 0 1 0 0 1 0 0 1 0 0 1 0 0 1 0 0 1 0 0 1 0 0 1 0 0 1 0 0 1 0 0 1 0 0 1 0 0 1 0 0 1 0 0 1 0 0 1 0 0 1 0 0 1 0 0 1 0 0 1 0 0 1 0 0 1 0 0 1 0 0 1 0 0 1 0 0 1 0 0 1 0 0 1 0 0 1 0 0 1 0 0 1 0 0 1 0 0 1 0 0 1 0 0 1 0 0 1 0 0 1 0 0 1 0 0 1 0 0 1 0 0 1 0 0 1 0 0 1 0 0 1 0 0 1 0 0 1 0 0 1 0 0 1 0 0 1 0 0 1 0 0 1 0 0 1 0 0 1 0 0 1 0 0 1 0 0 1 0 0 1 0 0 1 0 0 1 0 0 1 0 0 1 0 0 1 0 0 1 0 0 1 0 0 1 0 0 1 0 0 1 0 0 1 0 0 1 0 0 1 0 0 1 0 0 1 0 0 1 0 0 1 0 0 1 0 0 1 0 0 1 0 0 1 0 0 1 0 0 1 0 0 1 0 0 1 0 0 1 0 0 1 0 0 1 0 0 1 0 0 1 0 0 1 0 0 1 0 0 1 0 0 1 0 0 1 0 0 1 0 0 1 0 0 1 0 0 1 0 0 1 0 0 1 0 0 1 0 0 1 0 0 1 0 0 1 0 0 1 0 0 1 0 0 1 0 0 1 0 0 1 0 0 1 0 0 1 0 0 1 0 0 1 0 0 1 0 0 1 0 0 1 0 0 1 0 0 1 0 0 1 0 0 1 0 0 1 0 0 1 0 0 1 0 0 1 0 0 1 0 0 1 0 0 1 0 0 1 0 0 1 0 0 1 0 0 1 0 0 1 0 0 1 0 0 1 0 0 1 0 0 1 0 0 1 0 0 1 0 0 1 0 0 1 0 0 1 0 0 1 0 0 1 0 0 1 0 0 1 0 0 1 0 0 1 0 0 1 0 0 1 0 0 1 0 0 1 0 0 1 0 0 1 0 0 1 0 0 1 0 0 1 0 0 1 0 0 1 0 0 1 0 0 1 0 0 1 0 0 1 0 0 1 0 0 1 0 0 1 0 0 1 0 0 1 0 0 1 0 0 1 0 0 1 0 0 1 0 0 1 0 0 1 0 0 1 0 0 1 0 0 1 0 0 1 0 0 1 0 0 1 0 0 1 0 0 1 0 0 1 0 0 1 0 0 1 0 0 1 0 0 1 0 0 1 0 0 1 0 0 1 0 0 1 0 0 1 0 0 1 0 0 1 0 0 1 0 0 1 0 0 1 0 0 1 0 0 1 0 0 1 0 0 1 0 0 1 0 0 1 0 0 1 0 0 1 0 0 1 0 0 1 0 0 1 0 0 1 0 0 1 0 0 1 0 0 1 0 0 1 0 0 1 0 0 1 0 0 1 0 0 1 0 0 1 0 0 1 0 0 1 0 0 1 0 0 1 0 0 1 0 0 1 0 0 1 0 0 1 0 0 1 0 0 1 0 0 1 0 0 1 0 0 1 0 0 1 0 0 1 0 0 1 0 0 1 0 0 1 0 0 1 0 0 1 0 0 1 0 0 1 0 0 1 0 0 1 0 0 1 0 0 1 0 0 1 0 0 1 0 0 1 0 0 1 0 0 1 0 0 1 0 0 1 0 0 1 0 0 1 0 0 1 0 0 1 0 0 1 0 0 1 0 0 1 0 0 1 0 0 1 0 0 1 0 0 1 0 0 1 0 0 1 0 0 1 0 0 1 0 0 1 0 0 1 0 0 1 0 0 1 0 0 1 0 0 1 0 0 1 0 0 1 0 0 1 0 0 1 0 0 1 0 0 1 0 0 1 0 0 1 0 0 1 0 0 1 0 0 1 0 0 1 0 0 1 0 0 1 0 0 1 0 0 1 0 0 1 0 0 1 0 0 1 0 0 1 0 0 1 0 0 1 0 0 1 0 0 1 0 0 1 0 0 1 0 0 1 0 0 1 0 0 1 0 0 1 0 0 1 0 0 1 0 0 1 0 0 1 0 0 1 0 0 1 0 0 1 0 0 1 0 0 1 0 0 1 0 0 1 0 0 1 0 0 1 0 0 1 0 0 1 0 0 1 0 0 1 0 0 1 0 0 1 0 0 1 0 0 1 0 0 1 0 0 1 0 0 1 0 0 1 0 0 1 0 0 1 0 0 1 0 0 1 0 0 1 0 0 1 0 0 1 0 0 1 0 0 1 0 0 1 0 0 1 0 0 1 0 0 1 0 0 1 0 0 1 0 0 1 0 0 1 0 0 1 0 0 1 0 0 1 0 0 1 0 0 1 0 0 1 0 0 1 0 0 1 0 0 1 0 0 1 0 0 1 0 0 1 0 0 1 0 0 1 0 0 1 0 0 1 0 0 1 0 0 1 0 0 1 0 0 1 0 0 1 0 0 1 0 0 1 0 0 1 0 0 1 0 0 1 0 0 1 0 0 1 0 0 1 0 0 1 0 0 1 0 0 1 0 0 1 0 0 1 0 0 1 0 0 1 0 0 1 0 0 1 0 0 1 0 0 1 0 0 1 0 0 1 0 0 1 0 0 1 0 0 1 0 0 1 0 0 1 0 0 1 0 0 1 0 0 1 0 0 1 0 0 1 0 0 1 0 0 1 0 0 1 0 0 1 0 0 1 0 0 1 0 0 1 0 0 1 0 0 1 0 0 1 0 0 1 0 0 1 0 0 1 0 0 1 0 0 1 0 0 1 0 0 1 0 0 1 0 0 1 0 0 1 0 0 1 0 0 1 0 0 1 0 0 1 0 0 1 0 0 1 0 0 1 0 0 1 0 0 1 0 0 1 0 0 1 0 0 1 0 0 1 0 0 1 0 0 1 0 0 1 0 0 1 0 0 1 0 0 1 0 0 1 0 0 1 0 0 1 0 0 1 0 0 1 0 0 1 0 0 1 0 0 1 0 0 1 0 0 1 0 0 1 0 0 1 0 0 1 0 0 1 0 0 1 0 0 1 0 0 1 0 0 1 0 0 1 0 0 1 0 0 1 0 0 1 0 0 1 0 0 1 0 0 1 0 0 1 0 0 1 0 0 1 0 0 1 0 0 1 0 0 1 0 0 1 0 0 1 0 0 1 0 0 1 0 0 1 0 0 1 0 0 1 0 0 1 0 0 1 0 0 1 0 0 1 0 0 1 0 0 1 0 0 1 0 0 1 0 0 1 0 0 1 0 0 1 0 0 1 0 0 1 0 0 1 0 0 1 0 0 1 0 0 1 0 0 1 0 0 1 0 0 1 0 0 1 0 0 1 0 0 1 0 0 1 0 0 1 0 0 1 0 0 1 0 0 1 0 0 1 0 0 1 0 0 1 0 0 1 0 0 1 0 0 1 0 0 1 0 0 1 0 0 1 0 0 1 0 0 1 0 0 1 0 0 1 0 0 1 0 0 1 0 0 1 0 0 1 0 0 1 0 0 1 0 0 1 0 0 1 0 0 1 0 0 1 0 0 1 0 0 1 0 0 1 0 0 1 0 0 1 0 0 1 0 0 1 0 0 1 0 0 1 0 0 1 0 0 1 0 0 1 0 0 1 0 0 1 0 0 1 0 0 1 0 0 1 0 0 1 0 0 1 0 0 1 0 0 1 0 0 1 0 0 1 0 0 1 0 0 1 0 0 1 0 0 1 0 0 1 0 0 1 0 0 1 0 0 1 0 0 1 0 0 1 0 0 1 0 0 1 0 0 1 0 0 1 0 0 1 0 0 1 0 0 1 0 0 1 0 0 1 0 0 1 0 0 1 0 0 1 0 0 1 0 0 1 0 0 1 0 0 1 0 0 1 0 0 1 0 0 1 0 0 1 0 0 1 0 0 1 0 0 1 0 0 1 0 0 1 0 0 1 0 0 1 0 0 1 0 0 1 0 0 1 0 0 1 0 0 1 0 0 1 0 0 1 0 0 1 0 0 1 0 0 1 0 0 1 0 0 1 0 0 1 0 0 1 0 0 1 0 0 1 0 0 1 0 0 1 0 0 1 0 0 1 0 0 1 0 0 1 0 0 1 0 0 1 0 0 1 0 0 1 0 0 1 0 0 1 0 0 1 0 0 1 0 0 1 0 0 1 0 0 1 0 0 1 0 0 1 0 0 1 0 0 1 0 0 1 0 0 1 0 0 1 0 0 1 0 0 1 0 0 1 0 0 1 0 0 1 0 0 1 0 0 1 0 0 1 0 0 1 0 0 1 0 0 1 0 0 1 0 0 1 0 0 1 0 0 1 0 0 1 0 0 1 0 0 1 0 0 1 0 0 1 0 0 1 0 0 1 0 0 1 0 0 1 0 0 1 0 0 1 0 0 1 0 0 1 0 0 1 0 0 1 0 0 1 0 0 1 0 0 1 0 0 1 0 0 1 0 0 1 0 0 1 0 0 1 0 0 1 0 0 1 0 0 1 0 0 1 0 0 1 0 0 1 0 0 1 0 0 1 0 0 1 0 0 1 0 0 1 0 0 1 0 0 1 0 0 1 0 0 1 0 0 1 0 0 1 0 0 1 0 0 1 0 0 1 0 0 1 0 0 1 0 0 1 0 0 1 0 0 1 0 0 1 0 0 1 0 0 1 0 0 1 0 0 1 0 0 1 0 0 1 0 0 1 0 0 1 0 0 1 0 0 1 0 0 1 0 0 1 0 0 1 0 0 1 0 0 1 0 0 1 0 0 1 0 0 1 0 0 1 0 0 1 0 0 1 0 0 1 0 0 1 0 0 1 0 0 1 0 0 1 0 0 1 0 0 1 0 0 1 0 0 1 0 0 1 0 0 1 0 0 1 0 0 1 0 0 1 0 0 1 0 0 1 0 0 1 0 0 1 0 0 1 0 0 1 0 0 1 0 0 1 0 0 1 0 0 1 0 0 1 0 0 1 0 0 1 0 0 1 0 0 1 0 0 1 0 0 1 0 0 1 0 0 1 0 0 1 0 0 1 0 0 1 0 0 1 0 0 1 0 0 1 0 0 1 0 0 1 0 0 1 0 0 1 0 0 1 0 0 1 0 0 1 0 0 1 0 0 1 0 0 1 0 0 1 0 0 1 0 0 1 0 0 1 0 0 1 0 0 1 0 0 1 0 0 1 0 0 1 0 0 1 0 0 1 0 0 1 0 0 1 0 0 1 0 0 1 0 0 1 0 0 1 0 0 1 0 0 1 0 0 1 0 0 1</float_array>
          <technique_common>
            <accessor source="#trail_surface_normals_array" count="2598" stride="3">
              <param name="X" type="float"/>
              <param name="Y" type="float"/>
              <param name="Z" type="float"/>
            </accessor>
          </technique_common>
        </source>
        <vertices id="trail_surface_vertices">
          <input semantic="POSITION" source="#trail_surface_positions"/>
        </vertices>
        <triangles count="2592">
          <input semantic="VERTEX" source="#trail_surface_vertices" offset="0"/>
          <input semantic="NORMAL" source="#trail_surface_normals" offset="1"/>
          <p>0 0 1 1 2 2 1 1 3 3 2 2 2 2 3 3 4 4 3 3 5 5 4 4 4 4 5 5 6 6 5 5 7 7 6 6 6 6 7 7 8 8 7 7 9 9 8 8 8 8 9 9 10 10 9 9 11 11 10 10 10 10 11 11 12 12 11 11 13 13 12 12 12 12 13 13 14 14 13 13 15 15 14 14 14 14 15 15 16 16 15 15 17 17 16 16 16 16 17 17 18 18 17 17 19 19 18 18 18 18 19 19 20 20 19 19 21 21 20 20 20 20 21 21 22 22 21 21 23 23 22 22 22 22 23 23 24 24 23 23 25 25 24 24 24 24 25 25 26 26 25 25 27 27 26 26 26 26 27 27 28 28 27 27 29 29 28 28 28 28 29 29 30 30 29 29 31 31 30 30 30 30 31 31 32 32 31 31 33 33 32 32 32 32 33 33 34 34 33 33 35 35 34 34 34 34 35 35 36 36 35 35 37 37 36 36 36 36 37 37 38 38 37 37 39 39 38 38 38 38 39 39 40 40 39 39 41 41 40 40 40 40 41 41 42 42 41 41 43 43 42 42 42 42 43 43 44 44 43 43 45 45 44 44 44 44 45 45 46 46 45 45 47 47 46 46 46 46 47 47 48 48 47 47 49 49 48 48 48 48 49 49 50 50 49 49 51 51 50 50 50 50 51 51 52 52 51 51 53 53 52 52 52 52 53 53 54 54 53 53 55 55 54 54 54 54 55 55 56 56 55 55 57 57 56 56 56 56 57 57 58 58 57 57 59 59 58 58 58 58 59 59 60 60 59 59 61 61 60 60 60 60 61 61 62 62 61 61 63 63 62 62 62 62 63 63 64 64 63 63 65 65 64 64 64 64 65 65 66 66 65 65 67 67 66 66 66 66 67 67 68 68 67 67 69 69 68 68 68 68 69 69 70 70 69 69 71 71 70 70 70 70 71 71 72 72 71 71 73 73 72 72 72 72 73 73 74 74 73 73 75 75 74 74 74 74 75 75 76 76 75 75 77 77 76 76 76 76 77 77 78 78 77 77 79 79 78 78 78 78 79 79 80 80 79 79 81 81 80 80 80 80 81 81 82 82 81 81 83 83 82 82 82 82 83 83 84 84 83 83 85 85 84 84 84 84 85 85 86 86 85 85 87 87 86 86 86 86 87 87 88 88 87 87 89 89 88 88 88 88 89 89 90 90 89 89 91 91 90 90 90 90 91 91 92 92 91 91 93 93 92 92 92 92 93 93 94 94 93 93 95 95 94 94 94 94 95 95 96 96 95 95 97 97 96 96 96 96 97 97 98 98 97 97 99 99 98 98 98 98 99 99 100 100 99 99 101 101 100 100 100 100 101 101 102 102 101 101 103 103 102 102 102 102 103 103 104 104 103 103 105 105 104 104 104 104 105 105 106 106 105 105 107 107 106 106 106 106 107 107 108 108 107 107 109 109 108 108 108 108 109 109 110 110 109 109 111 111 110 110 110 110 111 111 112 112 111 111 113 113 112 112 112 112 113 113 114 114 113 113 115 115 114 114 114 114 115 115 116 116 115 115 117 117 116 116 116 116 117 117 118 118 117 117 119 119 118 118 118 118 119 119 120 120 119 119 121 121 120 120 120 120 121 121 122 122 121 121 123 123 122 122 122 122 123 123 124 124 123 123 125 125 124 124 124 124 125 125 126 126 125 125 127 127 126 126 126 126 127 127 128 128 127 127 129 129 128 128 128 128 129 129 130 130 129 129 131 131 130 130 130 130 131 131 132 132 131 131 133 133 132 132 132 132 133 133 134 134 133 133 135 135 134 134 134 134 135 135 136 136 135 135 137 137 136 136 136 136 137 137 138 138 137 137 139 139 138 138 138 138 139 139 140 140 139 139 141 141 140 140 140 140 141 141 142 142 141 141 143 143 142 142 142 142 143 143 144 144 143 143 145 145 144 144 144 144 145 145 146 146 145 145 147 147 146 146 146 146 147 147 148 148 147 147 149 149 148 148 148 148 149 149 150 150 149 149 151 151 150 150 150 150 151 151 152 152 151 151 153 153 152 152 152 152 153 153 154 154 153 153 155 155 154 154 154 154 155 155 156 156 155 155 157 157 156 156 156 156 157 157 158 158 157 157 159 159 158 158 158 158 159 159 160 160 159 159 161 161 160 160 160 160 161 161 162 162 161 161 163 163 162 162 162 162 163 163 164 164 163 163 165 165 164 164 164 164 165 165 166 166 165 165 167 167 166 166 166 166 167 167 168 168 167 167 169 169 168 168 168 168 169 169 170 170 169 169 171 171 170 170 170 170 171 171 172 172 171 171 173 173 172 172 172 172 173 173 174 174 173 173 175 175 174 174 174 174 175 175 176 176 175 175 177 177 176 176 176 176 177 177 178 178 177 177 179 179 178 178 178 178 179 179 180 180 179 179 181 181 180 180 180 180 181 181 182 182 181 181 183 183 182 182 182 182 183 183 184 184 183 183 185 185 184 184 184 184 185 185 186 186 185 185 187 187 186 186 186 186 187 187 188 188 187 187 189 189 188 188 188 188 189 189 190 190 189 189 191 191 190 190 190 190 191 191 192 192 191 191 193 193 192 192 192 192 193 193 194 194 193 193 195 195 194 194 194 194 195 195 196 196 195 195 197 197 196 196 196 196 197 197 198 198 197 197 199 199 198 198 198 198 199 199 200 200 199 199 201 201 200 200 200 200 201 201 202 202 201 201 203 203 202 202 202 202 203 203 204 204 203 203 205 205 204 204 204 204 205 205 206 206 205 205 207 207 206 206 206 206 207 207 208 208 207 207 209 209 208 208 208 208 209 209 210 210 209 209 211 211 210 210 210 210 211 211 212 212 211 211 213 213 212 212 212 212 213 213 214 214 213 213 215 215 214 214 214 214 215 215 216 216 215 215 217 217 216 216 216 216 217 217 218 218 217 217 219 219 218 218 218 218 219 219 220 220 219 219 221 221 220 220 220 220 221 221 222 222 221 221 223 223 222 222 222 222 223 223 224 224 223 223 225 225 224 224 224 224 225 225 226 226 225 225 227 227 226 226 226 226 227 227 228 228 227 227 229 229 228 228 228 228 229 229 230 230 229 229 231 231 230 230 230 230 231 231 232 232 231 231 233 233 232 232 232 232 233 233 234 234 233 233 235 235 234 234 234 234 235 235 236 236 235 235 237 237 236 236 236 236 237 237 238 238 237 237 239 239 238 238 238 238 239 239 240 240 239 239 241 241 240 240 240 240 241 241 242 242 241 241 243 243 242 242 242 242 243 243 244 244 243 243 245 245 244 244 244 244 245 245 246 246 245 245 247 247 246 246 246 246 247 247 248 248 247 247 249 249 248 248 248 248 249 249 250 250 249 249 251 251 250 250 250 250 251 251 252 252 251 251 253 253 252 252 252 252 253 253 254 254 253 253 255 255 254 254 254 254 255 255 256 256 255 255 257 257 256 256 256 256 257 257 258 258 257 257 259 259 258 258 258 258 259 259 260 260 259 259 261 261 260 260 260 260 261 261 262 262 261 261 263 263 262 262 262 262 263 263 264 264 263 263 265 265 264 264 264 264 265 265 266 266 265 265 267 267 266 266 266 266 267 267 268 268 267 267 269 269 268 268 268 268 269 269 270 270 269 269 271 271 270 270 270 270 271 271 272 272 271 271 273 273 272 272 272 272 273 273 274 274 273 273 275 275 274 274 274 274 275 275 276 276 275 275 277 277 276 276 276 276 277 277 278 278 277 277 279 279 278 278 278 278 279 279 280 280 279 279 281 281 280 280 280 280 281 281 282 282 281 281 283 283 282 282 282 282 283 283 284 284 283 283 285 285 284 284 284 284 285 285 286 286 285 285 287 287 286 286 286 286 287 287 288 288 287 287 289 289 288 288 288 288 289 289 290 290 289 289 291 291 290 290 290 290 291 291 292 292 291 291 293 293 292 292 292 292 293 293 294 294 293 293 295 295 294 294 294 294 295 295 296 296 295 295 297 297 296 296 296 296 297 297 298 298 297 297 299 299 298 298 298 298 299 299 300 300 299 299 301 301 300 300 300 300 301 301 302 302 301 301 303 303 302 302 302 302 303 303 304 304 303 303 305 305 304 304 304 304 305 305 306 306 305 305 307 307 306 306 306 306 307 307 308 308 307 307 309 309 308 308 308 308 309 309 310 310 309 309 311 311 310 310 310 310 311 311 312 312 311 311 313 313 312 312 312 312 313 313 314 314 313 313 315 315 314 314 314 314 315 315 316 316 315 315 317 317 316 316 316 316 317 317 318 318 317 317 319 319 318 318 318 318 319 319 320 320 319 319 321 321 320 320 320 320 321 321 322 322 321 321 323 323 322 322 322 322 323 323 324 324 323 323 325 325 324 324 324 324 325 325 326 326 325 325 327 327 326 326 326 326 327 327 328 328 327 327 329 329 328 328 328 328 329 329 330 330 329 329 331 331 330 330 330 330 331 331 332 332 331 331 333 333 332 332 332 332 333 333 334 334 333 333 335 335 334 334 334 334 335 335 336 336 335 335 337 337 336 336 336 336 337 337 338 338 337 337 339 339 338 338 338 338 339 339 340 340 339 339 341 341 340 340 340 340 341 341 342 342 341 341 343 343 342 342 342 342 343 343 344 344 343 343 345 345 344 344 344 344 345 345 346 346 345 345 347 347 346 346 346 346 347 347 348 348 347 347 349 349 348 348 348 348 349 349 350 350 349 349 351 351 350 350 350 350 351 351 352 352 351 351 353 353 352 352 352 352 353 353 354 354 353 353 355 355 354 354 354 354 355 355 356 356 355 355 357 357 356 356 356 356 357 357 358 358 357 357 359 359 358 358 358 358 359 359 360 360 359 359 361 361 360 360 360 360 361 361 362 362 361 361 363 363 362 362 362 362 363 363 364 364 363 363 365 365 364 364 364 364 365 365 366 366 365 365 367 367 366 366 366 366 367 367 368 368 367 367 369 369 368 368 368 368 369 369 370 370 369 369 371 371 370 370 370 370 371 371 372 372 371 371 373 373 372 372 372 372 373 373 374 374 373 373 375 375 374 374 374 374 375 375 376 376 375 375 377 377 376 376 376 376 377 377 378 378 377 377 379 379 378 378 378 378 379 379 380 380 379 379 381 381 380 380 380 380 381 381 382 382 381 381 383 383 382 382 382 382 383 383 384 384 383 383 385 385 384 384 384 384 385 385 386 386 385 385 387 387 386 386 386 386 387 387 388 388 387 387 389 389 388 388 388 388 389 389 390 390 389 389 391 391 390 390 390 390 391 391 392 392 391 391 393 393 392 392 392 392 393 393 394 394 393 393 395 395 394 394 394 394 395 395 396 396 395 395 397 397 396 396 396 396 397 397 398 398 397 397 399 399 398 398 398 398 399 399 400 400 399 399 401 401 400 400 400 400 401 401 402 402 401 401 403 403 402 402 402 402 403 403 404 404 403 403 405 405 404 404 404 404 405 405 406 406 405 405 407 407 406 406 406 406 407 407 408 408 407 407 409 409 408 408 408 408 409 409 410 410 409 409 411 411 410 410 410 410 411 411 412 412 411 411 413 413 412 412 412 412 413 413 414 414 413 413 415 415 414 414 414 414 415 415 416 416 415 415 417 417 416 416 416 416 417 417 418 418 417 417 419 419 418 418 418 418 419 419 420 420 419 419 421 421 420 420 420 420 421 421 422 422 421 421 423 423 422 422 422 422 423 423 424 424 423 423 425 425 424 424 424 424 425 425 426 426 425 425 427 427 426 426 426 426 427 427 428 428 427 427 429 429 428 428 428 428 429 429 430 430 429 429 431 431 430 430 430 430 431 431 432 432 431 431 433 433 432 432 432 432 433 433 434 434 433 433 435 435 434 434 434 434 435 435 436 436 435 435 437 437 436 436 436 436 437 437 438 438 437 437 439 439 438 438 438 438 439 439 440 440 439 439 441 441 440 440 440 440 441 441 442 442 441 441 443 443 442 442 442 442 443 443 444 444 443 443 445 445 444 444 444 444 445 445 446 446 445 445 447 447 446 446 446 446 447 447 448 448 447 447 449 449 448 448 448 448 449 449 450 450 449 449 451 451 450 450 450 450 451 451 452 452 451 451 453 453 452 452 452 452 453 453 454 454 453 453 455 455 454 454 454 454 455 455 456 456 455 455 457 457 456 456 456 456 457 457 458 458 457 457 459 459 458 458 458 458 459 459 460 460 459 459 461 461 460 460 460 460 461 461 462 462 461 461 463 463 462 462 462 462 463 463 464 464 463 463 465 465 464 464 464 464 465 465 466 466 465 465 467 467 466 466 466 466 467 467 468 468 467 467 469 469 468 468 468 468 469 469 470 470 469 469 471 471 470 470 470 470 471 471 472 472 471 471 473 473 472 472 472 472 473 473 474 474 473 473 475 475 474 474 474 474 475 475 476 476 475 475 477 477 476 476 476 476 477 477 478 478 477 477 479 479 478 478 478 478 479 479 480 480 479 479 481 481 480 480 480 480 481 481 482 482 481 481 483 483 482 482 482 482 483 483 484 484 483 483 485 485 484 484 484 484 485 485 486 486 485 485 487 487 486 486 486 486 487 487 488 488 487 487 489 489 488 488 488 488 489 489 490 490 489 489 491 491 490 490 490 490 491 491 492 492 491 491 493 493 492 492 492 492 493 493 494 494 493 493 495 495 494 494 494 494 495 495 496 496 495 495 497 497 496 496 496 496 497 497 498 498 497 497 499 499 498 498 498 498 499 499 500 500 499 499 501 501 500 500 500 500 501 501 502 502 501 501 503 503 502 502 502 502 503 503 504 504 503 503 505 505 504 504 504 504 505 505 506 506 505 505 507 507 506 506 506 506 507 507 508 508 507 507 509 509 508 508 508 508 509 509 510 510 509 509 511 511 510 510 510 510 511 511 512 512 511 511 513 513 512 512 512 512 513 513 514 514 513 513 515 515 514 514 514 514 515 515 516 516 515 515 517 517 516 516 516 516 517 517 518 518 517 517 519 519 518 518 518 518 519 519 520 520 519 519 521 521 520 520 520 520 521 521 522 522 521 521 523 523 522 522 522 522 523 523 524 524 523 523 525 525 524 524 524 524 525 525 526 526 525 525 527 527 526 526 526 526 527 527 528 528 527 527 529 529 528 528 528 528 529 529 530 530 529 529 531 531 530 530 530 530 531 531 532 532 531 531 533 533 532 532 532 532 533 533 534 534 533 533 535 535 534 534 534 534 535 535 536 536 535 535 537 537 536 536 536 536 537 537 538 538 537 537 539 539 538 538 538 538 539 539 540 540 539 539 541 541 540 540 540 540 541 541 542 542 541 541 543 543 542 542 542 542 543 543 544 544 543 543 545 545 544 544 544 544 545 545 546 546 545 545 547 547 546 546 546 546 547 547 548 548 547 547 549 549 548 548 548 548 549 549 550 550 549 549 551 551 550 550 550 550 551 551 552 552 551 551 553 553 552 552 552 552 553 553 554 554 553 553 555 555 554 554 554 554 555 555 556 556 555 555 557 557 556 556 556 556 557 557 558 558 557 557 559 559 558 558 558 558 559 559 560 560 559 559 561 561 560 560 560 560 561 561 562 562 561 561 563 563 562 562 562 562 563 563 564 564 563 563 565 565 564 564 564 564 565 565 566 566 565 565 567 567 566 566 566 566 567 567 568 568 567 567 569 569 568 568 568 568 569 569 570 570 569 569 571 571 570 570 570 570 571 571 572 572 571 571 573 573 572 572 572 572 573 573 574 574 573 573 575 575 574 574 574 574 575 575 576 576 575 575 577 577 576 576 576 576 577 577 578 578 577 577 579 579 578 578 578 578 579 579 580 580 579 579 581 581 580 580 580 580 581 581 582 582 581 581 583 583 582 582 582 582 583 583 584 584 583 583 585 585 584 584 584 584 585 585 586 586 585 585 587 587 586 586 586 586 587 587 588 588 587 587 589 589 588 588 588 588 589 589 590 590 589 589 591 591 590 590 590 590 591 591 592 592 591 591 593 593 592 592 592 592 593 593 594 594 593 593 595 595 594 594 594 594 595 595 596 596 595 595 597 597 596 596 596 596 597 597 598 598 597 597 599 599 598 598 598 598 599 599 600 600 599 599 601 601 600 600 600 600 601 601 602 602 601 601 603 603 602 602 602 602 603 603 604 604 603 603 605 605 604 604 604 604 605 605 606 606 605 605 607 607 606 606 606 606 607 607 608 608 607 607 609 609 608 608 608 608 609 609 610 610 609 609 611 611 610 610 610 610 611 611 612 612 611 611 613 613 612 612 612 612 613 613 614 614 613 613 615 615 614 614 614 614 615 615 616 616 615 615 617 617 616 616 616 616 617 617 618 618 617 617 619 619 618 618 618 618 619 619 620 620 619 619 621 621 620 620 620 620 621 621 622 622 621 621 623 623 622 622 622 622 623 623 624 624 623 623 625 625 624 624 624 624 625 625 626 626 625 625 627 627 626 626 626 626 627 627 628 628 627 627 629 629 628 628 628 628 629 629 630 630 629 629 631 631 630 630 630 630 631 631 632 632 631 631 633 633 632 632 632 632 633 633 634 634 633 633 635 635 634 634 634 634 635 635 636 636 635 635 637 637 636 636 636 636 637 637 638 638 637 637 639 639 638 638 638 638 639 639 640 640 639 639 641 641 640 640 640 640 641 641 642 642 641 641 643 643 642 642 642 642 643 643 644 644 643 643 645 645 644 644 644 644 645 645 646 646 645 645 647 647 646 646 646 646 647 647 648 648 647 647 649 649 648 648 648 648 649 649 650 650 649 649 651 651 650 650 650 650 651 651 652 652 651 651 653 653 652 652 652 652 653 653 654 654 653 653 655 655 654 654 654 654 655 655 656 656 655 655 657 657 656 656 656 656 657 657 658 658 657 657 659 659 658 658 658 658 659 659 660 660 659 659 661 661 660 660 660 660 661 661 662 662 661 661 663 663 662 662 662 662 663 663 664 664 663 663 665 665 664 664 664 664 665 665 666 666 665 665 667 667 666 666 666 666 667 667 668 668 667 667 669 669 668 668 668 668 669 669 670 670 669 669 671 671 670 670 670 670 671 671 672 672 671 671 673 673 672 672 672 672 673 673 674 674 673 673 675 675 674 674 674 674 675 675 676 676 675 675 677 677 676 676 676 676 677 677 678 678 677 677 679 679 678 678 678 678 679 679 680 680 679 679 681 681 680 680 680 680 681 681 682 682 681 681 683 683 682 682 682 682 683 683 684 684 683 683 685 685 684 684 684 684 685 685 686 686 685 685 687 687 686 686 686 686 687 687 688 688 687 687 689 689 688 688 688 688 689 689 690 690 689 689 691 691 690 690 690 690 691 691 692 692 691 691 693 693 692 692 692 692 693 693 694 694 693 693 695 695 694 694 694 694 695 695 696 696 695 695 697 697 696 696 696 696 697 697 698 698 697 697 699 699 698 698 698 698 699 699 700 700 699 699 701 701 700 700 700 700 701 701 702 702 701 701 703 703 702 702 702 702 703 703 704 704 703 703 705 705 704 704 704 704 705 705 706 706 705 705 707 707 706 706 706 706 707 707 708 708 707 707 709 709 708 708 708 708 709 709 710 710 709 709 711 711 710 710 710 710 711 711 712 712 711 711 713 713 712 712 712 712 713 713 714 714 713 713 715 715 714 714 714 714 715 715 716 716 715 715 717 717 716 716 716 716 717 717 718 718 717 717 719 719 718 718 718 718 719 719 720 720 719 719 721 721 720 720 720 720 721 721 722 722 721 721 723 723 722 722 722 722 723 723 724 724 723 723 725 725 724 724 724 724 725 725 726 726 725 725 727 727 726 726 726 726 727 727 728 728 727 727 729 729 728 728 728 728 729 729 730 730 729 729 731 731 730 730 730 730 731 731 732 732 731 731 733 733 732 732 732 732 733 733 734 734 733 733 735 735 734 734 734 734 735 735 736 736 735 735 737 737 736 736 736 736 737 737 738 738 737 737 739 739 738 738 738 738 739 739 740 740 739 739 741 741 740 740 740 740 741 741 742 742 741 741 743 743 742 742 742 742 743 743 744 744 743 743 745 745 744 744 744 744 745 745 746 746 745 745 747 747 746 746 746 746 747 747 748 748 747 747 749 749 748 748 748 748 749 749 750 750 749 749 751 751 750 750 750 750 751 751 752 752 751 751 753 753 752 752 752 752 753 753 754 754 753 753 755 755 754 754 754 754 755 755 756 756 755 755 757 757 756 756 756 756 757 757 758 758 757 757 759 759 758 758 758 758 759 759 760 760 759 759 761 761 760 760 760 760 761 761 762 762 761 761 763 763 762 762 762 762 763 763 764 764 763 763 765 765 764 764 764 764 765 765 766 766 765 765 767 767 766 766 766 766 767 767 768 768 767 767 769 769 768 768 768 768 769 769 770 770 769 769 771 771 770 770 770 770 771 771 772 772 771 771 773 773 772 772 772 772 773 773 774 774 773 773 775 775 774 774 774 774 775 775 776 776 775 775 777 777 776 776 776 776 777 777 778 778 777 777 779 779 778 778 778 778 779 779 780 780 779 779 781 781 780 780 780 780 781 781 782 782 781 781 783 783 782 782 782 782 783 783 784 784 783 783 785 785 784 784 784 784 785 785 786 786 785 785 787 787 786 786 786 786 787 787 788 788 787 787 789 789 788 788 788 788 789 789 790 790 789 789 791 791 790 790 790 790 791 791 792 792 791 791 793 793 792 792 792 792 793 793 794 794 793 793 795 795 794 794 794 794 795 795 796 796 795 795 797 797 796 796 796 796 797 797 798 798 797 797 799 799 798 798 798 798 799 799 800 800 799 799 801 801 800 800 800 800 801 801 802 802 801 801 803 803 802 802 802 802 803 803 804 804 803 803 805 805 804 804 804 804 805 805 806 806 805 805 807 807 806 806 806 806 807 807 808 808 807 807 809 809 808 808 808 808 809 809 810 810 809 809 811 811 810 810 810 810 811 811 812 812 811 811 813 813 812 812 812 812 813 813 814 814 813 813 815 815 814 814 814 814 815 815 816 816 815 815 817 817 816 816 816 816 817 817 818 818 817 817 819 819 818 818 818 818 819 819 820 820 819 819 821 821 820 820 820 820 821 821 822 822 821 821 823 823 822 822 822 822 823 823 824 824 823 823 825 825 824 824 824 824 825 825 826 826 825 825 827 827 826 826 826 826 827 827 828 828 827 827 829 829 828 828 828 828 829 829 830 830 829 829 831 831 830 830 832 832 833 833 834 834 833 833 835 835 834 834 834 834 835 835 836 836 835 835 837 837 836 836 836 836 837 837 838 838 837 837 839 839 838 838 838 838 839 839 840 840 839 839 841 841 840 840 840 840 841 841 842 842 841 841 843 843 842 842 842 842 843 843 844 844 843 843 845 845 844 844 844 844 845 845 846 846 845 845 847 847 846 846 846 846 847 847 848 848 847 847 849 849 848 848 848 848 849 849 850 850 849 849 851 851 850 850 850 850 851 851 852 852 851 851 853 853 852 852 852 852 853 853 854 854 853 853 855 855 854 854 854 854 855 855 856 856 855 855 857 857 856 856 856 856 857 857 858 858 857 857 859 859 858 858 858 858 859 859 860 860 859 859 861 861 860 860 860 860 861 861 862 862 861 861 863 863 862 862 862 862 863 863 864 864 863 863 865 865 864 864 864 864 865 865 866 866 865 865 867 867 866 866 866 866 867 867 868 868 867 867 869 869 868 868 868 868 869 869 870 870 869 869 871 871 870 870 870 870 871 871 872 872 871 871 873 873 872 872 872 872 873 873 874 874 873 873 875 875 874 874 874 874 875 875 876 876 875 875 877 877 876 876 876 876 877 877 878 878 877 877 879 879 878 878 878 878 879 879 880 880 879 879 881 881 880 880 880 880 881 881 882 882 881 881 883 883 882 882 882 882 883 883 884 884 883 883 885 885 884 884 884 884 885 885 886 886 885 885 887 887 886 886 886 886 887 887 888 888 887 887 889 889 888 888 888 888 889 889 890 890 889 889 891 891 890 890 890 890 891 891 892 892 891 891 893 893 892 892 892 892 893 893 894 894 893 893 895 895 894 894 894 894 895 895 896 896 895 895 897 897 896 896 896 896 897 897 898 898 897 897 899 899 898 898 898 898 899 899 900 900 899 899 901 901 900 900 900 900 901 901 902 902 901 901 903 903 902 902 902 902 903 903 904 904 903 903 905 905 904 904 904 904 905 905 906 906 905 905 907 907 906 906 906 906 907 907 908 908 907 907 909 909 908 908 908 908 909 909 910 910 909 909 911 911 910 910 910 910 911 911 912 912 911 911 913 913 912 912 912 912 913 913 914 914 913 913 915 915 914 914 914 914 915 915 916 916 915 915 917 917 916 916 916 916 917 917 918 918 917 917 919 919 918 918 918 918 919 919 920 920 919 919 921 921 920 920 920 920 921 921 922 922 921 921 923 923 922 922 922 922 923 923 924 924 923 923 925 925 924 924 924 924 925 925 926 926 925 925 927 927 926 926 926 926 927 927 928 928 927 927 929 929 928 928 928 928 929 929 930 930 929 929 931 931 930 930 930 930 931 931 932 932 931 931 933 933 932 932 932 932 933 933 934 934 933 933 935 935 934 934 934 934 935 935 936 936 935 935 937 937 936 936 936 936 937 937 938 938 937 937 939 939 938 938 938 938 939 939 940 940 939 939 941 941 940 940 940 940 941 941 942 942 941 941 943 943 942 942 942 942 943 943 944 944 943 943 945 945 944 944 944 944 945 945 946 946 945 945 947 947 946 946 946 946 947 947 948 948 947 947 949 949 948 948 948 948 949 949 950 950 949 949 951 951 950 950 950 950 951 951 952 952 951 951 953 953 952 952 952 952 953 953 954 954 953 953 955 955 954 954 954 954 955 955 956 956 955 955 957 957 956 956 956 956 957 957 958 958 957 957 959 959 958 958 958 958 959 959 960 960 959 959 961 961 960 960 960 960 961 961 962 962 961 961 963 963 962 962 962 962 963 963 964 964 963 963 965 965 964 964 964 964 965 965 966 966 965 965 967 967 966 966 966 966 967 967 968 968 967 967 969 969 968 968 968 968 969 969 970 970 969 969 971 971 970 970 970 970 971 971 972 972 971 971 973 973 972 972 972 972 973 973 974 974 973 973 975 975 974 974 974 974 975 975 976 976 975 975 977 977 976 976 976 976 977 977 978 978 977 977 979 979 978 978 978 978 979 979 980 980 979 979 981 981 980 980 980 980 981 981 982 982 981 981 983 983 982 982 982 982 983 983 984 984 983 983 985 985 984 984 984 984 985 985 986 986 985 985 987 987 986 986 986 986 987 987 988 988 987 987 989 989 988 988 988 988 989 989 990 990 989 989 991 991 990 990 990 990 991 991 992 992 991 991 993 993 992 992 992 992 993 993 994 994 993 993 995 995 994 994 994 994 995 995 996 996 995 995 997 997 996 996 996 996 997 997 998 998 997 997 999 999 998 998 998 998 999 999 1000 1000 999 999 1001 1001 1000 1000 1000 1000 1001 1001 1002 1002 1001 1001 1003 1003 1002 1002 1002 1002 1003 1003 1004 1004 1003 1003 1005 1005 1004 1004 1004 1004 1005 1005 1006 1006 1005 1005 1007 1007 1006 1006 1006 1006 1007 1007 1008 1008 1007 1007 1009 1009 1008 1008 1008 1008 1009 1009 1010 1010 1009 1009 1011 1011 1010 1010 1010 1010 1011 1011 1012 1012 1011 1011 1013 1013 1012 1012 1012 1012 1013 1013 1014 1014 1013 1013 1015 1015 1014 1014 1014 1014 1015 1015 1016 1016 1015 1015 1017 1017 1016 1016 1016 1016 1017 1017 1018 1018 1017 1017 1019 1019 1018 1018 1018 1018 1019 1019 1020 1020 1019 1019 1021 1021 1020 1020 1020 1020 1021 1021 1022 1022 1021 1021 1023 1023 1022 1022 1022 1022 1023 1023 1024 1024 1023 1023 1025 1025 1024 1024 1024 1024 1025 1025 1026 1026 1025 1025 1027 1027 1026 1026 1026 1026 1027 1027 1028 1028 1027 1027 1029 1029 1028 1028 1028 1028 1029 1029 1030 1030 1029 1029 1031 1031 1030 1030 1030 1030 1031 1031 1032 1032 1031 1031 1033 1033 1032 1032 1032 1032 1033 1033 1034 1034 1033 1033 1035 1035 1034 1034 1034 1034 1035 1035 1036 1036 1035 1035 1037 1037 1036 1036 1036 1036 1037 1037 1038 1038 1037 1037 1039 1039 1038 1038 1038 1038 1039 1039 1040 1040 1039 1039 1041 1041 1040 1040 1040 1040 1041 1041 1042 1042 1041 1041 1043 1043 1042 1042 1042 1042 1043 1043 1044 1044 1043 1043 1045 1045 1044 1044 1044 1044 1045 1045 1046 1046 1045 1045 1047 1047 1046 1046 1046 1046 1047 1047 1048 1048 1047 1047 1049 1049 1048 1048 1048 1048 1049 1049 1050 1050 1049 1049 1051 1051 1050 1050 1050 1050 1051 1051 1052 1052 1051 1051 1053 1053 1052 1052 1052 1052 1053 1053 1054 1054 1053 1053 1055 1055 1054 1054 1054 1054 1055 1055 1056 1056 1055 1055 1057 1057 1056 1056 1056 1056 1057 1057 1058 1058 1057 1057 1059 1059 1058 1058 1058 1058 1059 1059 1060 1060 1059 1059 1061 1061 1060 1060 1060 1060 1061 1061 1062 1062 1061 1061 1063 1063 1062 1062 1062 1062 1063 1063 1064 1064 1063 1063 1065 1065 1064 1064 1064 1064 1065 1065 1066 1066 1065 1065 1067 1067 1066 1066 1066 1066 1067 1067 1068 1068 1067 1067 1069 1069 1068 1068 1068 1068 1069 1069 1070 1070 1069 1069 1071 1071 1070 1070 1070 1070 1071 1071 1072 1072 1071 1071 1073 1073 1072 1072 1072 1072 1073 1073 1074 1074 1073 1073 1075 1075 1074 1074 1074 1074 1075 1075 1076 1076 1075 1075 1077 1077 1076 1076 1076 1076 1077 1077 1078 1078 1077 1077 1079 1079 1078 1078 1078 1078 1079 1079 1080 1080 1079 1079 1081 1081 1080 1080 1080 1080 1081 1081 1082 1082 1081 1081 1083 1083 1082 1082 1082 1082 1083 1083 1084 1084 1083 1083 1085 1085 1084 1084 1084 1084 1085 1085 1086 1086 1085 1085 1087 1087 1086 1086 1086 1086 1087 1087 1088 1088 1087 1087 1089 1089 1088 1088 1088 1088 1089 1089 1090 1090 1089 1089 1091 1091 1090 1090 1090 1090 1091 1091 1092 1092 1091 1091 1093 1093 1092 1092 1092 1092 1093 1093 1094 1094 1093 1093 1095 1095 1094 1094 1094 1094 1095 1095 1096 1096 1095 1095 1097 1097 1096 1096 1096 1096 1097 1097 1098 1098 1097 1097 1099 1099 1098 1098 1098 1098 1099 1099 1100 1100 1099 1099 1101 1101 1100 1100 1100 1100 1101 1101 1102 1102 1101 1101 1103 1103 1102 1102 1102 1102 1103 1103 1104 1104 1103 1103 1105 1105 1104 1104 1104 1104 1105 1105 1106 1106 1105 1105 1107 1107 1106 1106 1106 1106 1107 1107 1108 1108 1107 1107 1109 1109 1108 1108 1108 1108 1109 1109 1110 1110 1109 1109 1111 1111 1110 1110 1110 1110 1111 1111 1112 1112 1111 1111 1113 1113 1112 1112 1112 1112 1113 1113 1114 1114 1113 1113 1115 1115 1114 1114 1114 1114 1115 1115 1116 1116 1115 1115 1117 1117 1116 1116 1116 1116 1117 1117 1118 1118 1117 1117 1119 1119 1118 1118 1118 1118 1119 1119 1120 1120 1119 1119 1121 1121 1120 1120 1120 1120 1121 1121 1122 1122 1121 1121 1123 1123 1122 1122 1122 1122 1123 1123 1124 1124 1123 1123 1125 1125 1124 1124 1124 1124 1125 1125 1126 1126 1125 1125 1127 1127 1126 1126 1126 1126 1127 1127 1128 1128 1127 1127 1129 1129 1128 1128 1128 1128 1129 1129 1130 1130 1129 1129 1131 1131 1130 1130 1130 1130 1131 1131 1132 1132 1131 1131 1133 1133 1132 1132 1132 1132 1133 1133 1134 1134 1133 1133 1135 1135 1134 1134 1134 1134 1135 1135 1136 1136 1135 1135 1137 1137 1136 1136 1136 1136 1137 1137 1138 1138 1137 1137 1139 1139 1138 1138 1138 1138 1139 1139 1140 1140 1139 1139 1141 1141 1140 1140 1140 1140 1141 1141 1142 1142 1141 1141 1143 1143 1142 1142 1142 1142 1143 1143 1144 1144 1143 1143 1145 1145 1144 1144 1144 1144 1145 1145 1146 1146 1145 1145 1147 1147 1146 1146 1146 1146 1147 1147 1148 1148 1147 1147 1149 1149 1148 1148 1148 1148 1149 1149 1150 1150 1149 1149 1151 1151 1150 1150 1150 1150 1151 1151 1152 1152 1151 1151 1153 1153 1152 1152 1152 1152 1153 1153 1154 1154 1153 1153 1155 1155 1154 1154 1154 1154 1155 1155 1156 1156 1155 1155 1157 1157 1156 1156 1156 1156 1157 1157 1158 1158 1157 1157 1159 1159 1158 1158 1158 1158 1159 1159 1160 1160 1159 1159 1161 1161 1160 1160 1160 1160 1161 1161 1162 1162 1161 1161 1163 1163 1162 1162 1162 1162 1163 1163 1164 1164 1163 1163 1165 1165 1164 1164 1164 1164 1165 1165 1166 1166 1165 1165 1167 1167 1166 1166 1166 1166 1167 1167 1168 1168 1167 1167 1169 1169 1168 1168 1168 1168 1169 1169 1170 1170 1169 1169 1171 1171 1170 1170 1170 1170 1171 1171 1172 1172 1171 1171 1173 1173 1172 1172 1172 1172 1173 1173 1174 1174 1173 1173 1175 1175 1174 1174 1174 1174 1175 1175 1176 1176 1175 1175 1177 1177 1176 1176 1176 1176 1177 1177 1178 1178 1177 1177 1179 1179 1178 1178 1178 1178 1179 1179 1180 1180 1179 1179 1181 1181 1180 1180 1180 1180 1181 1181 1182 1182 1181 1181 1183 1183 1182 1182 1182 1182 1183 1183 1184 1184 1183 1183 1185 1185 1184 1184 1184 1184 1185 1185 1186 1186 1185 1185 1187 1187 1186 1186 1186 1186 1187 1187 1188 1188 1187 1187 1189 1189 1188 1188 1188 1188 1189 1189 1190 1190 1189 1189 1191 1191 1190 1190 1190 1190 1191 1191 1192 1192 1191 1191 1193 1193 1192 1192 1192 1192 1193 1193 1194 1194 1193 1193 1195 1195 1194 1194 1194 1194 1195 1195 1196 1196 1195 1195 1197 1197 1196 1196 1196 1196 1197 1197 1198 1198 1197 1197 1199 1199 1198 1198 1198 1198 1199 1199 1200 1200 1199 1199 1201 1201 1200 1200 1200 1200 1201 1201 1202 1202 1201 1201 1203 1203 1202 1202 1202 1202 1203 1203 1204 1204 1203 1203 1205 1205 1204 1204 1204 1204 1205 1205 1206 1206 1205 1205 1207 1207 1206 1206 1206 1206 1207 1207 1208 1208 1207 1207 1209 1209 1208 1208 1208 1208 1209 1209 1210 1210 1209 1209 1211 1211 1210 1210 1210 1210 1211 1211 1212 1212 1211 1211 1213 1213 1212 1212 1212 1212 1213 1213 1214 1214 1213 1213 1215 1215 1214 1214 1214 1214 1215 1215 1216 1216 1215 1215 1217 1217 1216 1216 1216 1216 1217 1217 1218 1218 1217 1217 1219 1219 1218 1218 1218 1218 1219 1219 1220 1220 1219 1219 1221 1221 1220 1220 1220 1220 1221 1221 1222 1222 1221 1221 1223 1223 1222 1222 1222 1222 1223 1223 1224 1224 1223 1223 1225 1225 1224 1224 1224 1224 1225 1225 1226 1226 1225 1225 1227 1227 1226 1226 1226 1226 1227 1227 1228 1228 1227 1227 1229 1229 1228 1228 1228 1228 1229 1229 1230 1230 1229 1229 1231 1231 1230 1230 1230 1230 1231 1231 1232 1232 1231 1231 1233 1233 1232 1232 1232 1232 1233 1233 1234 1234 1233 1233 1235 1235 1234 1234 1234 1234 1235 1235 1236 1236 1235 1235 1237 1237 1236 1236 1236 1236 1237 1237 1238 1238 1237 1237 1239 1239 1238 1238 1238 1238 1239 1239 1240 1240 1239 1239 1241 1241 1240 1240 1240 1240 1241 1241 1242 1242 1241 1241 1243 1243 1242 1242 1242 1242 1243 1243 1244 1244 1243 1243 1245 1245 1244 1244 1244 1244 1245 1245 1246 1246 1245 1245 1247 1247 1246 1246 1246 1246 1247 1247 1248 1248 1247 1247 1249 1249 1248 1248 1248 1248 1249 1249 1250 1250 1249 1249 1251 1251 1250 1250 1250 1250 1251 1251 1252 1252 1251 1251 1253 1253 1252 1252 1252 1252 1253 1253 1254 1254 1253 1253 1255 1255 1254 1254 1254 1254 1255 1255 1256 1256 1255 1255 1257 1257 1256 1256 1256 1256 1257 1257 1258 1258 1257 1257 1259 1259 1258 1258 1258 1258 1259 1259 1260 1260 1259 1259 1261 1261 1260 1260 1260 1260 1261 1261 1262 1262 1261 1261 1263 1263 1262 1262 1262 1262 1263 1263 1264 1264 1263 1263 1265 1265 1264 1264 1264 1264 1265 1265 1266 1266 1265 1265 1267 1267 1266 1266 1266 1266 1267 1267 1268 1268 1267 1267 1269 1269 1268 1268 1268 1268 1269 1269 1270 1270 1269 1269 1271 1271 1270 1270 1270 1270 1271 1271 1272 1272 1271 1271 1273 1273 1272 1272 1272 1272 1273 1273 1274 1274 1273 1273 1275 1275 1274 1274 1274 1274 1275 1275 1276 1276 1275 1275 1277 1277 1276 1276 1276 1276 1277 1277 1278 1278 1277 1277 1279 1279 1278 1278 1278 1278 1279 1279 1280 1280 1279 1279 1281 1281 1280 1280 1280 1280 1281 1281 1282 1282 1281 1281 1283 1283 1282 1282 1282 1282 1283 1283 1284 1284 1283 1283 1285 1285 1284 1284 1284 1284 1285 1285 1286 1286 1285 1285 1287 1287 1286 1286 1286 1286 1287 1287 1288 1288 1287 1287 1289 1289 1288 1288 1288 1288 1289 1289 1290 1290 1289 1289 1291 1291 1290 1290 1290 1290 1291 1291 1292 1292 1291 1291 1293 1293 1292 1292 1292 1292 1293 1293 1294 1294 1293 1293 1295 1295 1294 1294 1294 1294 1295 1295 1296 1296 1295 1295 1297 1297 1296 1296 1296 1296 1297 1297 1298 1298 1297 1297 1299 1299 1298 1298 1298 1298 1299 1299 1300 1300 1299 1299 1301 1301 1300 1300 1300 1300 1301 1301 1302 1302 1301 1301 1303 1303 1302 1302 1302 1302 1303 1303 1304 1304 1303 1303 1305 1305 1304 1304 1304 1304 1305 1305 1306 1306 1305 1305 1307 1307 1306 1306 1306 1306 1307 1307 1308 1308 1307 1307 1309 1309 1308 1308 1308 1308 1309 1309 1310 1310 1309 1309 1311 1311 1310 1310 1310 1310 1311 1311 1312 1312 1311 1311 1313 1313 1312 1312 1312 1312 1313 1313 1314 1314 1313 1313 1315 1315 1314 1314 1314 1314 1315 1315 1316 1316 1315 1315 1317 1317 1316 1316 1316 1316 1317 1317 1318 1318 1317 1317 1319 1319 1318 1318 1318 1318 1319 1319 1320 1320 1319 1319 1321 1321 1320 1320 1320 1320 1321 1321 1322 1322 1321 1321 1323 1323 1322 1322 1322 1322 1323 1323 1324 1324 1323 1323 1325 1325 1324 1324 1324 1324 1325 1325 1326 1326 1325 1325 1327 1327 1326 1326 1326 1326 1327 1327 1328 1328 1327 1327 1329 1329 1328 1328 1328 1328 1329 1329 1330 1330 1329 1329 1331 1331 1330 1330 1330 1330 1331 1331 1332 1332 1331 1331 1333 1333 1332 1332 1332 1332 1333 1333 1334 1334 1333 1333 1335 1335 1334 1334 1334 1334 1335 1335 1336 1336 1335 1335 1337 1337 1336 1336 1336 1336 1337 1337 1338 1338 1337 1337 1339 1339 1338 1338 1338 1338 1339 1339 1340 1340 1339 1339 1341 1341 1340 1340 1340 1340 1341 1341 1342 1342 1341 1341 1343 1343 1342 1342 1342 1342 1343 1343 1344 1344 1343 1343 1345 1345 1344 1344 1344 1344 1345 1345 1346 1346 1345 1345 1347 1347 1346 1346 1346 1346 1347 1347 1348 1348 1347 1347 1349 1349 1348 1348 1348 1348 1349 1349 1350 1350 1349 1349 1351 1351 1350 1350 1350 1350 1351 1351 1352 1352 1351 1351 1353 1353 1352 1352 1352 1352 1353 1353 1354 1354 1353 1353 1355 1355 1354 1354 1354 1354 1355 1355 1356 1356 1355 1355 1357 1357 1356 1356 1356 1356 1357 1357 1358 1358 1357 1357 1359 1359 1358 1358 1358 1358 1359 1359 1360 1360 1359 1359 1361 1361 1360 1360 1360 1360 1361 1361 1362 1362 1361 1361 1363 1363 1362 1362 1362 1362 1363 1363 1364 1364 1363 1363 1365 1365 1364 1364 1364 1364 1365 1365 1366 1366 1365 1365 1367 1367 1366 1366 1366 1366 1367 1367 1368 1368 1367 1367 1369 1369 1368 1368 1368 1368 1369 1369 1370 1370 1369 1369 1371 1371 1370 1370 1370 1370 1371 1371 1372 1372 1371 1371 1373 1373 1372 1372 1372 1372 1373 1373 1374 1374 1373 1373 1375 1375 1374 1374 1374 1374 1375 1375 1376 1376 1375 1375 1377 1377 1376 1376 1376 1376 1377 1377 1378 1378 1377 1377 1379 1379 1378 1378 1378 1378 1379 1379 1380 1380 1379 1379 1381 1381 1380 1380 1380 1380 1381 1381 1382 1382 1381 1381 1383 1383 1382 1382 1382 1382 1383 1383 1384 1384 1383 1383 1385 1385 1384 1384 1384 1384 1385 1385 1386 1386 1385 1385 1387 1387 1386 1386 1386 1386 1387 1387 1388 1388 1387 1387 1389 1389 1388 1388 1388 1388 1389 1389 1390 1390 1389 1389 1391 1391 1390 1390 1390 1390 1391 1391 1392 1392 1391 1391 1393 1393 1392 1392 1392 1392 1393 1393 1394 1394 1393 1393 1395 1395 1394 1394 1394 1394 1395 1395 1396 1396 1395 1395 1397 1397 1396 1396 1396 1396 1397 1397 1398 1398 1397 1397 1399 1399 1398 1398 1398 1398 1399 1399 1400 1400 1399 1399 1401 1401 1400 1400 1400 1400 1401 1401 1402 1402 1401 1401 1403 1403 1402 1402 1402 1402 1403 1403 1404 1404 1403 1403 1405 1405 1404 1404 1404 1404 1405 1405 1406 1406 1405 1405 1407 1407 1406 1406 1406 1406 1407 1407 1408 1408 1407 1407 1409 1409 1408 1408 1408 1408 1409 1409 1410 1410 1409 1409 1411 1411 1410 1410 1410 1410 1411 1411 1412 1412 1411 1411 1413 1413 1412 1412 1412 1412 1413 1413 1414 1414 1413 1413 1415 1415 1414 1414 1414 1414 1415 1415 1416 1416 1415 1415 1417 1417 1416 1416 1416 1416 1417 1417 1418 1418 1417 1417 1419 1419 1418 1418 1418 1418 1419 1419 1420 1420 1419 1419 1421 1421 1420 1420 1420 1420 1421 1421 1422 1422 1421 1421 1423 1423 1422 1422 1422 1422 1423 1423 1424 1424 1423 1423 1425 1425 1424 1424 1424 1424 1425 1425 1426 1426 1425 1425 1427 1427 1426 1426 1426 1426 1427 1427 1428 1428 1427 1427 1429 1429 1428 1428 1428 1428 1429 1429 1430 1430 1429 1429 1431 1431 1430 1430 1430 1430 1431 1431 1432 1432 1431 1431 1433 1433 1432 1432 1432 1432 1433 1433 1434 1434 1433 1433 1435 1435 1434 1434 1434 1434 1435 1435 1436 1436 1435 1435 1437 1437 1436 1436 1436 1436 1437 1437 1438 1438 1437 1437 1439 1439 1438 1438 1438 1438 1439 1439 1440 1440 1439 1439 1441 1441 1440 1440 1440 1440 1441 1441 1442 1442 1441 1441 1443 1443 1442 1442 1442 1442 1443 1443 1444 1444 1443 1443 1445 1445 1444 1444 1444 1444 1445 1445 1446 1446 1445 1445 1447 1447 1446 1446 1446 1446 1447 1447 1448 1448 1447 1447 1449 1449 1448 1448 1448 1448 1449 1449 1450 1450 1449 1449 1451 1451 1450 1450 1450 1450 1451 1451 1452 1452 1451 1451 1453 1453 1452 1452 1452 1452 1453 1453 1454 1454 1453 1453 1455 1455 1454 1454 1454 1454 1455 1455 1456 1456 1455 1455 1457 1457 1456 1456 1456 1456 1457 1457 1458 1458 1457 1457 1459 1459 1458 1458 1458 1458 1459 1459 1460 1460 1459 1459 1461 1461 1460 1460 1460 1460 1461 1461 1462 1462 1461 1461 1463 1463 1462 1462 1462 1462 1463 1463 1464 1464 1463 1463 1465 1465 1464 1464 1464 1464 1465 1465 1466 1466 1465 1465 1467 1467 1466 1466 1466 1466 1467 1467 1468 1468 1467 1467 1469 1469 1468 1468 1468 1468 1469 1469 1470 1470 1469 1469 1471 1471 1470 1470 1470 1470 1471 1471 1472 1472 1471 1471 1473 1473 1472 1472 1472 1472 1473 1473 1474 1474 1473 1473 1475 1475 1474 1474 1474 1474 1475 1475 1476 1476 1475 1475 1477 1477 1476 1476 1476 1476 1477 1477 1478 1478 1477 1477 1479 1479 1478 1478 1478 1478 1479 1479 1480 1480 1479 1479 1481 1481 1480 1480 1480 1480 1481 1481 1482 1482 1481 1481 1483 1483 1482 1482 1482 1482 1483 1483 1484 1484 1483 1483 1485 1485 1484 1484 1484 1484 1485 1485 1486 1486 1485 1485 1487 1487 1486 1486 1486 1486 1487 1487 1488 1488 1487 1487 1489 1489 1488 1488 1488 1488 1489 1489 1490 1490 1489 1489 1491 1491 1490 1490 1490 1490 1491 1491 1492 1492 1491 1491 1493 1493 1492 1492 1492 1492 1493 1493 1494 1494 1493 1493 1495 1495 1494 1494 1494 1494 1495 1495 1496 1496 1495 1495 1497 1497 1496 1496 1496 1496 1497 1497 1498 1498 1497 1497 1499 1499 1498 1498 1498 1498 1499 1499 1500 1500 1499 1499 1501 1501 1500 1500 1500 1500 1501 1501 1502 1502 1501 1501 1503 1503 1502 1502 1502 1502 1503 1503 1504 1504 1503 1503 1505 1505 1504 1504 1504 1504 1505 1505 1506 1506 1505 1505 1507 1507 1506 1506 1506 1506 1507 1507 1508 1508 1507 1507 1509 1509 1508 1508 1508 1508 1509 1509 1510 1510 1509 1509 1511 1511 1510 1510 1510 1510 1511 1511 1512 1512 1511 1511 1513 1513 1512 1512 1512 1512 1513 1513 1514 1514 1513 1513 1515 1515 1514 1514 1514 1514 1515 1515 1516 1516 1515 1515 1517 1517 1516 1516 1516 1516 1517 1517 1518 1518 1517 1517 1519 1519 1518 1518 1518 1518 1519 1519 1520 1520 1519 1519 1521 1521 1520 1520 1520 1520 1521 1521 1522 1522 1521 1521 1523 1523 1522 1522 1522 1522 1523 1523 1524 1524 1523 1523 1525 1525 1524 1524 1524 1524 1525 1525 1526 1526 1525 1525 1527 1527 1526 1526 1526 1526 1527 1527 1528 1528 1527 1527 1529 1529 1528 1528 1528 1528 1529 1529 1530 1530 1529 1529 1531 1531 1530 1530 1530 1530 1531 1531 1532 1532 1531 1531 1533 1533 1532 1532 1532 1532 1533 1533 1534 1534 1533 1533 1535 1535 1534 1534 1534 1534 1535 1535 1536 1536 1535 1535 1537 1537 1536 1536 1536 1536 1537 1537 1538 1538 1537 1537 1539 1539 1538 1538 1538 1538 1539 1539 1540 1540 1539 1539 1541 1541 1540 1540 1540 1540 1541 1541 1542 1542 1541 1541 1543 1543 1542 1542 1542 1542 1543 1543 1544 1544 1543 1543 1545 1545 1544 1544 1544 1544 1545 1545 1546 1546 1545 1545 1547 1547 1546 1546 1546 1546 1547 1547 1548 1548 1547 1547 1549 1549 1548 1548 1548 1548 1549 1549 1550 1550 1549 1549 1551 1551 1550 1550 1550 1550 1551 1551 1552 1552 1551 1551 1553 1553 1552 1552 1552 1552 1553 1553 1554 1554 1553 1553 1555 1555 1554 1554 1554 1554 1555 1555 1556 1556 1555 1555 1557 1557 1556 1556 1556 1556 1557 1557 1558 1558 1557 1557 1559 1559 1558 1558 1558 1558 1559 1559 1560 1560 1559 1559 1561 1561 1560 1560 1560 1560 1561 1561 1562 1562 1561 1561 1563 1563 1562 1562 1562 1562 1563 1563 1564 1564 1563 1563 1565 1565 1564 1564 1564 1564 1565 1565 1566 1566 1565 1565 1567 1567 1566 1566 1566 1566 1567 1567 1568 1568 1567 1567 1569 1569 1568 1568 1568 1568 1569 1569 1570 1570 1569 1569 1571 1571 1570 1570 1570 1570 1571 1571 1572 1572 1571 1571 1573 1573 1572 1572 1572 1572 1573 1573 1574 1574 1573 1573 1575 1575 1574 1574 1574 1574 1575 1575 1576 1576 1575 1575 1577 1577 1576 1576 1576 1576 1577 1577 1578 1578 1577 1577 1579 1579 1578 1578 1578 1578 1579 1579 1580 1580 1579 1579 1581 1581 1580 1580 1580 1580 1581 1581 1582 1582 1581 1581 1583 1583 1582 1582 1582 1582 1583 1583 1584 1584 1583 1583 1585 1585 1584 1584 1584 1584 1585 1585 1586 1586 1585 1585 1587 1587 1586 1586 1586 1586 1587 1587 1588 1588 1587 1587 1589 1589 1588 1588 1588 1588 1589 1589 1590 1590 1589 1589 1591 1591 1590 1590 1590 1590 1591 1591 1592 1592 1591 1591 1593 1593 1592 1592 1592 1592 1593 1593 1594 1594 1593 1593 1595 1595 1594 1594 1594 1594 1595 1595 1596 1596 1595 1595 1597 1597 1596 1596 1596 1596 1597 1597 1598 1598 1597 1597 1599 1599 1598 1598 1598 1598 1599 1599 1600 1600 1599 1599 1601 1601 1600 1600 1600 1600 1601 1601 1602 1602 1601 1601 1603 1603 1602 1602 1602 1602 1603 1603 1604 1604 1603 1603 1605 1605 1604 1604 1604 1604 1605 1605 1606 1606 1605 1605 1607 1607 1606 1606 1606 1606 1607 1607 1608 1608 1607 1607 1609 1609 1608 1608 1608 1608 1609 1609 1610 1610 1609 1609 1611 1611 1610 1610 1610 1610 1611 1611 1612 1612 1611 1611 1613 1613 1612 1612 1612 1612 1613 1613 1614 1614 1613 1613 1615 1615 1614 1614 1614 1614 1615 1615 1616 1616 1615 1615 1617 1617 1616 1616 1616 1616 1617 1617 1618 1618 1617 1617 1619 1619 1618 1618 1618 1618 1619 1619 1620 1620 1619 1619 1621 1621 1620 1620 1620 1620 1621 1621 1622 1622 1621 1621 1623 1623 1622 1622 1622 1622 1623 1623 1624 1624 1623 1623 1625 1625 1624 1624 1624 1624 1625 1625 1626 1626 1625 1625 1627 1627 1626 1626 1626 1626 1627 1627 1628 1628 1627 1627 1629 1629 1628 1628 1628 1628 1629 1629 1630 1630 1629 1629 1631 1631 1630 1630 1630 1630 1631 1631 1632 1632 1631 1631 1633 1633 1632 1632 1632 1632 1633 1633 1634 1634 1633 1633 1635 1635 1634 1634 1634 1634 1635 1635 1636 1636 1635 1635 1637 1637 1636 1636 1636 1636 1637 1637 1638 1638 1637 1637 1639 1639 1638 1638 1638 1638 1639 1639 1640 1640 1639 1639 1641 1641 1640 1640 1640 1640 1641 1641 1642 1642 1641 1641 1643 1643 1642 1642 1642 1642 1643 1643 1644 1644 1643 1643 1645 1645 1644 1644 1644 1644 1645 1645 1646 1646 1645 1645 1647 1647 1646 1646 1646 1646 1647 1647 1648 1648 1647 1647 1649 1649 1648 1648 1648 1648 1649 1649 1650 1650 1649 1649 1651 1651 1650 1650 1650 1650 1651 1651 1652 1652 1651 1651 1653 1653 1652 1652 1652 1652 1653 1653 1654 1654 1653 1653 1655 1655 1654 1654 1654 1654 1655 1655 1656 1656 1655 1655 1657 1657 1656 1656 1656 1656 1657 1657 1658 1658 1657 1657 1659 1659 1658 1658 1658 1658 1659 1659 1660 1660 1659 1659 1661 1661 1660 1660 1660 1660 1661 1661 1662 1662 1661 1661 1663 1663 1662 1662 1662 1662 1663 1663 1664 1664 1663 1663 1665 1665 1664 1664 1664 1664 1665 1665 1666 1666 1665 1665 1667 1667 1666 1666 1666 1666 1667 1667 1668 1668 1667 1667 1669 1669 1668 1668 1668 1668 1669 1669 1670 1670 1669 1669 1671 1671 1670 1670 1670 1670 1671 1671 1672 1672 1671 1671 1673 1673 1672 1672 1672 1672 1673 1673 1674 1674 1673 1673 1675 1675 1674 1674 1674 1674 1675 1675 1676 1676 1675 1675 1677 1677 1676 1676 1676 1676 1677 1677 1678 1678 1677 1677 1679 1679 1678 1678 1678 1678 1679 1679 1680 1680 1679 1679 1681 1681 1680 1680 1680 1680 1681 1681 1682 1682 1681 1681 1683 1683 1682 1682 1682 1682 1683 1683 1684 1684 1683 1683 1685 1685 1684 1684 1686 1686 1687 1687 1688 1688 1687 1687 1689 1689 1688 1688 1688 1688 1689 1689 1690 1690 1689 1689 1691 1691 1690 1690 1690 1690 1691 1691 1692 1692 1691 1691 1693 1693 1692 1692 1692 1692 1693 1693 1694 1694 1693 1693 1695 1695 1694 1694 1694 1694 1695 1695 1696 1696 1695 1695 1697 1697 1696 1696 1696 1696 1697 1697 1698 1698 1697 1697 1699 1699 1698 1698 1698 1698 1699 1699 1700 1700 1699 1699 1701 1701 1700 1700 1700 1700 1701 1701 1702 1702 1701 1701 1703 1703 1702 1702 1702 1702 1703 1703 1704 1704 1703 1703 1705 1705 1704 1704 1704 1704 1705 1705 1706 1706 1705 1705 1707 1707 1706 1706 1706 1706 1707 1707 1708 1708 1707 1707 1709 1709 1708 1708 1708 1708 1709 1709 1710 1710 1709 1709 1711 1711 1710 1710 1710 1710 1711 1711 1712 1712 1711 1711 1713 1713 1712 1712 1712 1712 1713 1713 1714 1714 1713 1713 1715 1715 1714 1714 1714 1714 1715 1715 1716 1716 1715 1715 1717 1717 1716 1716 1716 1716 1717 1717 1718 1718 1717 1717 1719 1719 1718 1718 1718 1718 1719 1719 1720 1720 1719 1719 1721 1721 1720 1720 1720 1720 1721 1721 1722 1722 1721 1721 1723 1723 1722 1722 1722 1722 1723 1723 1724 1724 1723 1723 1725 1725 1724 1724 1724 1724 1725 1725 1726 1726 1725 1725 1727 1727 1726 1726 1726 1726 1727 1727 1728 1728 1727 1727 1729 1729 1728 1728 1728 1728 1729 1729 1730 1730 1729 1729 1731 1731 1730 1730 1730 1730 1731 1731 1732 1732 1731 1731 1733 1733 1732 1732 1732 1732 1733 1733 1734 1734 1733 1733 1735 1735 1734 1734 1734 1734 1735 1735 1736 1736 1735 1735 1737 1737 1736 1736 1736 1736 1737 1737 1738 1738 1737 1737 1739 1739 1738 1738 1738 1738 1739 1739 1740 1740 1739 1739 1741 1741 1740 1740 1740 1740 1741 1741 1742 1742 1741 1741 1743 1743 1742 1742 1742 1742 1743 1743 1744 1744 1743 1743 1745 1745 1744 1744 1744 1744 1745 1745 1746 1746 1745 1745 1747 1747 1746 1746 1746 1746 1747 1747 1748 1748 1747 1747 1749 1749 1748 1748 1748 1748 1749 1749 1750 1750 1749 1749 1751 1751 1750 1750 1750 1750 1751 1751 1752 1752 1751 1751 1753 1753 1752 1752 1752 1752 1753 1753 1754 1754 1753 1753 1755 1755 1754 1754 1754 1754 1755 1755 1756 1756 1755 1755 1757 1757 1756 1756 1756 1756 1757 1757 1758 1758 1757 1757 1759 1759 1758 1758 1758 1758 1759 1759 1760 1760 1759 1759 1761 1761 1760 1760 1760 1760 1761 1761 1762 1762 1761 1761 1763 1763 1762 1762 1762 1762 1763 1763 1764 1764 1763 1763 1765 1765 1764 1764 1764 1764 1765 1765 1766 1766 1765 1765 1767 1767 1766 1766 1766 1766 1767 1767 1768 1768 1767 1767 1769 1769 1768 1768 1768 1768 1769 1769 1770 1770 1769 1769 1771 1771 1770 1770 1770 1770 1771 1771 1772 1772 1771 1771 1773 1773 1772 1772 1772 1772 1773 1773 1774 1774 1773 1773 1775 1775 1774 1774 1774 1774 1775 1775 1776 1776 1775 1775 1777 1777 1776 1776 1776 1776 1777 1777 1778 1778 1777 1777 1779 1779 1778 1778 1778 1778 1779 1779 1780 1780 1779 1779 1781 1781 1780 1780 1780 1780 1781 1781 1782 1782 1781 1781 1783 1783 1782 1782 1782 1782 1783 1783 1784 1784 1783 1783 1785 1785 1784 1784 1784 1784 1785 1785 1786 1786 1785 1785 1787 1787 1786 1786 1786 1786 1787 1787 1788 1788 1787 1787 1789 1789 1788 1788 1788 1788 1789 1789 1790 1790 1789 1789 1791 1791 1790 1790 1790 1790 1791 1791 1792 1792 1791 1791 1793 1793 1792 1792 1792 1792 1793 1793 1794 1794 1793 1793 1795 1795 1794 1794 1794 1794 1795 1795 1796 1796 1795 1795 1797 1797 1796 1796 1796 1796 1797 1797 1798 1798 1797 1797 1799 1799 1798 1798 1798 1798 1799 1799 1800 1800 1799 1799 1801 1801 1800 1800 1800 1800 1801 1801 1802 1802 1801 1801 1803 1803 1802 1802 1802 1802 1803 1803 1804 1804 1803 1803 1805 1805 1804 1804 1804 1804 1805 1805 1806 1806 1805 1805 1807 1807 1806 1806 1806 1806 1807 1807 1808 1808 1807 1807 1809 1809 1808 1808 1808 1808 1809 1809 1810 1810 1809 1809 1811 1811 1810 1810 1810 1810 1811 1811 1812 1812 1811 1811 1813 1813 1812 1812 1812 1812 1813 1813 1814 1814 1813 1813 1815 1815 1814 1814 1814 1814 1815 1815 1816 1816 1815 1815 1817 1817 1816 1816 1816 1816 1817 1817 1818 1818 1817 1817 1819 1819 1818 1818 1818 1818 1819 1819 1820 1820 1819 1819 1821 1821 1820 1820 1820 1820 1821 1821 1822 1822 1821 1821 1823 1823 1822 1822 1822 1822 1823 1823 1824 1824 1823 1823 1825 1825 1824 1824 1824 1824 1825 1825 1826 1826 1825 1825 1827 1827 1826 1826 1826 1826 1827 1827 1828 1828 1827 1827 1829 1829 1828 1828 1828 1828 1829 1829 1830 1830 1829 1829 1831 1831 1830 1830 1830 1830 1831 1831 1832 1832 1831 1831 1833 1833 1832 1832 1832 1832 1833 1833 1834 1834 1833 1833 1835 1835 1834 1834 1834 1834 1835 1835 1836 1836 1835 1835 1837 1837 1836 1836 1836 1836 1837 1837 1838 1838 1837 1837 1839 1839 1838 1838 1838 1838 1839 1839 1840 1840 1839 1839 1841 1841 1840 1840 1840 1840 1841 1841 1842 1842 1841 1841 1843 1843 1842 1842 1842 1842 1843 1843 1844 1844 1843 1843 1845 1845 1844 1844 1844 1844 1845 1845 1846 1846 1845 1845 1847 1847 1846 1846 1846 1846 1847 1847 1848 1848 1847 1847 1849 1849 1848 1848 1848 1848 1849 1849 1850 1850 1849 1849 1851 1851 1850 1850 1850 1850 1851 1851 1852 1852 1851 1851 1853 1853 1852 1852 1852 1852 1853 1853 1854 1854 1853 1853 1855 1855 1854 1854 1854 1854 1855 1855 1856 1856 1855 1855 1857 1857 1856 1856 1856 1856 1857 1857 1858 1858 1857 1857 1859 1859 1858 1858 1858 1858 1859 1859 1860 1860 1859 1859 1861 1861 1860 1860 1860 1860 1861 1861 1862 1862 1861 1861 1863 1863 1862 1862 1862 1862 1863 1863 1864 1864 1863 1863 1865 1865 1864 1864 1864 1864 1865 1865 1866 1866 1865 1865 1867 1867 1866 1866 1866 1866 1867 1867 1868 1868 1867 1867 1869 1869 1868 1868 1868 1868 1869 1869 1870 1870 1869 1869 1871 1871 1870 1870 1870 1870 1871 1871 1872 1872 1871 1871 1873 1873 1872 1872 1872 1872 1873 1873 1874 1874 1873 1873 1875 1875 1874 1874 1874 1874 1875 1875 1876 1876 1875 1875 1877 1877 1876 1876 1876 1876 1877 1877 1878 1878 1877 1877 1879 1879 1878 1878 1878 1878 1879 1879 1880 1880 1879 1879 1881 1881 1880 1880 1880 1880 1881 1881 1882 1882 1881 1881 1883 1883 1882 1882 1882 1882 1883 1883 1884 1884 1883 1883 1885 1885 1884 1884 1884 1884 1885 1885 1886 1886 1885 1885 1887 1887 1886 1886 1886 1886 1887 1887 1888 1888 1887 1887 1889 1889 1888 1888 1888 1888 1889 1889 1890 1890 1889 1889 1891 1891 1890 1890 1890 1890 1891 1891 1892 1892 1891 1891 1893 1893 1892 1892 1892 1892 1893 1893 1894 1894 1893 1893 1895 1895 1894 1894 1894 1894 1895 1895 1896 1896 1895 1895 1897 1897 1896 1896 1896 1896 1897 1897 1898 1898 1897 1897 1899 1899 1898 1898 1898 1898 1899 1899 1900 1900 1899 1899 1901 1901 1900 1900 1900 1900 1901 1901 1902 1902 1901 1901 1903 1903 1902 1902 1902 1902 1903 1903 1904 1904 1903 1903 1905 1905 1904 1904 1904 1904 1905 1905 1906 1906 1905 1905 1907 1907 1906 1906 1906 1906 1907 1907 1908 1908 1907 1907 1909 1909 1908 1908 1908 1908 1909 1909 1910 1910 1909 1909 1911 1911 1910 1910 1910 1910 1911 1911 1912 1912 1911 1911 1913 1913 1912 1912 1912 1912 1913 1913 1914 1914 1913 1913 1915 1915 1914 1914 1914 1914 1915 1915 1916 1916 1915 1915 1917 1917 1916 1916 1916 1916 1917 1917 1918 1918 1917 1917 1919 1919 1918 1918 1918 1918 1919 1919 1920 1920 1919 1919 1921 1921 1920 1920 1920 1920 1921 1921 1922 1922 1921 1921 1923 1923 1922 1922 1922 1922 1923 1923 1924 1924 1923 1923 1925 1925 1924 1924 1924 1924 1925 1925 1926 1926 1925 1925 1927 1927 1926 1926 1926 1926 1927 1927 1928 1928 1927 1927 1929 1929 1928 1928 1928 1928 1929 1929 1930 1930 1929 1929 1931 1931 1930 1930 1930 1930 1931 1931 1932 1932 1931 1931 1933 1933 1932 1932 1932 1932 1933 1933 1934 1934 1933 1933 1935 1935 1934 1934 1934 1934 1935 1935 1936 1936 1935 1935 1937 1937 1936 1936 1936 1936 1937 1937 1938 1938 1937 1937 1939 1939 1938 1938 1938 1938 1939 1939 1940 1940 1939 1939 1941 1941 1940 1940 1940 1940 1941 1941 1942 1942 1941 1941 1943 1943 1942 1942 1942 1942 1943 1943 1944 1944 1943 1943 1945 1945 1944 1944 1944 1944 1945 1945 1946 1946 1945 1945 1947 1947 1946 1946 1946 1946 1947 1947 1948 1948 1947 1947 1949 1949 1948 1948 1948 1948 1949 1949 1950 1950 1949 1949 1951 1951 1950 1950 1950 1950 1951 1951 1952 1952 1951 1951 1953 1953 1952 1952 1952 1952 1953 1953 1954 1954 1953 1953 1955 1955 1954 1954 1954 1954 1955 1955 1956 1956 1955 1955 1957 1957 1956 1956 1956 1956 1957 1957 1958 1958 1957 1957 1959 1959 1958 1958 1958 1958 1959 1959 1960 1960 1959 1959 1961 1961 1960 1960 1960 1960 1961 1961 1962 1962 1961 1961 1963 1963 1962 1962 1962 1962 1963 1963 1964 1964 1963 1963 1965 1965 1964 1964 1964 1964 1965 1965 1966 1966 1965 1965 1967 1967 1966 1966 1966 1966 1967 1967 1968 1968 1967 1967 1969 1969 1968 1968 1968 1968 1969 1969 1970 1970 1969 1969 1971 1971 1970 1970 1970 1970 1971 1971 1972 1972 1971 1971 1973 1973 1972 1972 1972 1972 1973 1973 1974 1974 1973 1973 1975 1975 1974 1974 1974 1974 1975 1975 1976 1976 1975 1975 1977 1977 1976 1976 1976 1976 1977 1977 1978 1978 1977 1977 1979 1979 1978 1978 1978 1978 1979 1979 1980 1980 1979 1979 1981 1981 1980 1980 1980 1980 1981 1981 1982 1982 1981 1981 1983 1983 1982 1982 1982 1982 1983 1983 1984 1984 1983 1983 1985 1985 1984 1984 1984 1984 1985 1985 1986 1986 1985 1985 1987 1987 1986 1986 1986 1986 1987 1987 1988 1988 1987 1987 1989 1989 1988 1988 1988 1988 1989 1989 1990 1990 1989 1989 1991 1991 1990 1990 1990 1990 1991 1991 1992 1992 1991 1991 1993 1993 1992 1992 1992 1992 1993 1993 1994 1994 1993 1993 1995 1995 1994 1994 1994 1994 1995 1995 1996 1996 1995 1995 1997 1997 1996 1996 1996 1996 1997 1997 1998 1998 1997 1997 1999 1999 1998 1998 1998 1998 1999 1999 2000 2000 1999 1999 2001 2001 2000 2000 2000 2000 2001 2001 2002 2002 2001 2001 2003 2003 2002 2002 2002 2002 2003 2003 2004 2004 2003 2003 2005 2005 2004 2004 2004 2004 2005 2005 2006 2006 2005 2005 2007 2007 2006 2006 2006 2006 2007 2007 2008 2008 2007 2007 2009 2009 2008 2008 2008 2008 2009 2009 2010 2010 2009 2009 2011 2011 2010 2010 2010 2010 2011 2011 2012 2012 2011 2011 2013 2013 2012 2012 2012 2012 2013 2013 2014 2014 2013 2013 2015 2015 2014 2014 2014 2014 2015 2015 2016 2016 2015 2015 2017 2017 2016 2016 2016 2016 2017 2017 2018 2018 2017 2017 2019 2019 2018 2018 2018 2018 2019 2019 2020 2020 2019 2019 2021 2021 2020 2020 2020 2020 2021 2021 2022 2022 2021 2021 2023 2023 2022 2022 2022 2022 2023 2023 2024 2024 2023 2023 2025 2025 2024 2024 2024 2024 2025 2025 2026 2026 2025 2025 2027 2027 2026 2026 2026 2026 2027 2027 2028 2028 2027 2027 2029 2029 2028 2028 2028 2028 2029 2029 2030 2030 2029 2029 2031 2031 2030 2030 2030 2030 2031 2031 2032 2032 2031 2031 2033 2033 2032 2032 2032 2032 2033 2033 2034 2034 2033 2033 2035 2035 2034 2034 2034 2034 2035 2035 2036 2036 2035 2035 2037 2037 2036 2036 2036 2036 2037 2037 2038 2038 2037 2037 2039 2039 2038 2038 2038 2038 2039 2039 2040 2040 2039 2039 2041 2041 2040 2040 2040 2040 2041 2041 2042 2042 2041 2041 2043 2043 2042 2042 2042 2042 2043 2043 2044 2044 2043 2043 2045 2045 2044 2044 2044 2044 2045 2045 2046 2046 2045 2045 2047 2047 2046 2046 2046 2046 2047 2047 2048 2048 2047 2047 2049 2049 2048 2048 2048 2048 2049 2049 2050 2050 2049 2049 2051 2051 2050 2050 2050 2050 2051 2051 2052 2052 2051 2051 2053 2053 2052 2052 2052 2052 2053 2053 2054 2054 2053 2053 2055 2055 2054 2054 2054 2054 2055 2055 2056 2056 2055 2055 2057 2057 2056 2056 2056 2056 2057 2057 2058 2058 2057 2057 2059 2059 2058 2058 2058 2058 2059 2059 2060 2060 2059 2059 2061 2061 2060 2060 2060 2060 2061 2061 2062 2062 2061 2061 2063 2063 2062 2062 2062 2062 2063 2063 2064 2064 2063 2063 2065 2065 2064 2064 2064 2064 2065 2065 2066 2066 2065 2065 2067 2067 2066 2066 2066 2066 2067 2067 2068 2068 2067 2067 2069 2069 2068 2068 2068 2068 2069 2069 2070 2070 2069 2069 2071 2071 2070 2070 2070 2070 2071 2071 2072 2072 2071 2071 2073 2073 2072 2072 2072 2072 2073 2073 2074 2074 2073 2073 2075 2075 2074 2074 2074 2074 2075 2075 2076 2076 2075 2075 2077 2077 2076 2076 2076 2076 2077 2077 2078 2078 2077 2077 2079 2079 2078 2078 2078 2078 2079 2079 2080 2080 2079 2079 2081 2081 2080 2080 2080 2080 2081 2081 2082 2082 2081 2081 2083 2083 2082 2082 2082 2082 2083 2083 2084 2084 2083 2083 2085 2085 2084 2084 2084 2084 2085 2085 2086 2086 2085 2085 2087 2087 2086 2086 2086 2086 2087 2087 2088 2088 2087 2087 2089 2089 2088 2088 2088 2088 2089 2089 2090 2090 2089 2089 2091 2091 2090 2090 2090 2090 2091 2091 2092 2092 2091 2091 2093 2093 2092 2092 2092 2092 2093 2093 2094 2094 2093 2093 2095 2095 2094 2094 2094 2094 2095 2095 2096 2096 2095 2095 2097 2097 2096 2096 2096 2096 2097 2097 2098 2098 2097 2097 2099 2099 2098 2098 2098 2098 2099 2099 2100 2100 2099 2099 2101 2101 2100 2100 2100 2100 2101 2101 2102 2102 2101 2101 2103 2103 2102 2102 2102 2102 2103 2103 2104 2104 2103 2103 2105 2105 2104 2104 2104 2104 2105 2105 2106 2106 2105 2105 2107 2107 2106 2106 2106 2106 2107 2107 2108 2108 2107 2107 2109 2109 2108 2108 2108 2108 2109 2109 2110 2110 2109 2109 2111 2111 2110 2110 2110 2110 2111 2111 2112 2112 2111 2111 2113 2113 2112 2112 2112 2112 2113 2113 2114 2114 2113 2113 2115 2115 2114 2114 2114 2114 2115 2115 2116 2116 2115 2115 2117 2117 2116 2116 2116 2116 2117 2117 2118 2118 2117 2117 2119 2119 2118 2118 2118 2118 2119 2119 2120 2120 2119 2119 2121 2121 2120 2120 2120 2120 2121 2121 2122 2122 2121 2121 2123 2123 2122 2122 2122 2122 2123 2123 2124 2124 2123 2123 2125 2125 2124 2124 2124 2124 2125 2125 2126 2126 2125 2125 2127 2127 2126 2126 2126 2126 2127 2127 2128 2128 2127 2127 2129 2129 2128 2128 2128 2128 2129 2129 2130 2130 2129 2129 2131 2131 2130 2130 2130 2130 2131 2131 2132 2132 2131 2131 2133 2133 2132 2132 2132 2132 2133 2133 2134 2134 2133 2133 2135 2135 2134 2134 2134 2134 2135 2135 2136 2136 2135 2135 2137 2137 2136 2136 2136 2136 2137 2137 2138 2138 2137 2137 2139 2139 2138 2138 2138 2138 2139 2139 2140 2140 2139 2139 2141 2141 2140 2140 2140 2140 2141 2141 2142 2142 2141 2141 2143 2143 2142 2142 2142 2142 2143 2143 2144 2144 2143 2143 2145 2145 2144 2144 2144 2144 2145 2145 2146 2146 2145 2145 2147 2147 2146 2146 2146 2146 2147 2147 2148 2148 2147 2147 2149 2149 2148 2148 2148 2148 2149 2149 2150 2150 2149 2149 2151 2151 2150 2150 2150 2150 2151 2151 2152 2152 2151 2151 2153 2153 2152 2152 2152 2152 2153 2153 2154 2154 2153 2153 2155 2155 2154 2154 2154 2154 2155 2155 2156 2156 2155 2155 2157 2157 2156 2156 2156 2156 2157 2157 2158 2158 2157 2157 2159 2159 2158 2158 2158 2158 2159 2159 2160 2160 2159 2159 2161 2161 2160 2160 2160 2160 2161 2161 2162 2162 2161 2161 2163 2163 2162 2162 2162 2162 2163 2163 2164 2164 2163 2163 2165 2165 2164 2164 2164 2164 2165 2165 2166 2166 2165 2165 2167 2167 2166 2166 2166 2166 2167 2167 2168 2168 2167 2167 2169 2169 2168 2168 2168 2168 2169 2169 2170 2170 2169 2169 2171 2171 2170 2170 2170 2170 2171 2171 2172 2172 2171 2171 2173 2173 2172 2172 2172 2172 2173 2173 2174 2174 2173 2173 2175 2175 2174 2174 2174 2174 2175 2175 2176 2176 2175 2175 2177 2177 2176 2176 2176 2176 2177 2177 2178 2178 2177 2177 2179 2179 2178 2178 2178 2178 2179 2179 2180 2180 2179 2179 2181 2181 2180 2180 2180 2180 2181 2181 2182 2182 2181 2181 2183 2183 2182 2182 2182 2182 2183 2183 2184 2184 2183 2183 2185 2185 2184 2184 2184 2184 2185 2185 2186 2186 2185 2185 2187 2187 2186 2186 2186 2186 2187 2187 2188 2188 2187 2187 2189 2189 2188 2188 2188 2188 2189 2189 2190 2190 2189 2189 2191 2191 2190 2190 2190 2190 2191 2191 2192 2192 2191 2191 2193 2193 2192 2192 2192 2192 2193 2193 2194 2194 2193 2193 2195 2195 2194 2194 2194 2194 2195 2195 2196 2196 2195 2195 2197 2197 2196 2196 2196 2196 2197 2197 2198 2198 2197 2197 2199 2199 2198 2198 2198 2198 2199 2199 2200 2200 2199 2199 2201 2201 2200 2200 2200 2200 2201 2201 2202 2202 2201 2201 2203 2203 2202 2202 2202 2202 2203 2203 2204 2204 2203 2203 2205 2205 2204 2204 2204 2204 2205 2205 2206 2206 2205 2205 2207 2207 2206 2206 2206 2206 2207 2207 2208 2208 2207 2207 2209 2209 2208 2208 2208 2208 2209 2209 2210 2210 2209 2209 2211 2211 2210 2210 2210 2210 2211 2211 2212 2212 2211 2211 2213 2213 2212 2212 2212 2212 2213 2213 2214 2214 2213 2213 2215 2215 2214 2214 2214 2214 2215 2215 2216 2216 2215 2215 2217 2217 2216 2216 2216 2216 2217 2217 2218 2218 2217 2217 2219 2219 2218 2218 2218 2218 2219 2219 2220 2220 2219 2219 2221 2221 2220 2220 2220 2220 2221 2221 2222 2222 2221 2221 2223 2223 2222 2222 2222 2222 2223 2223 2224 2224 2223 2223 2225 2225 2224 2224 2224 2224 2225 2225 2226 2226 2225 2225 2227 2227 2226 2226 2226 2226 2227 2227 2228 2228 2227 2227 2229 2229 2228 2228 2228 2228 2229 2229 2230 2230 2229 2229 2231 2231 2230 2230 2230 2230 2231 2231 2232 2232 2231 2231 2233 2233 2232 2232 2232 2232 2233 2233 2234 2234 2233 2233 2235 2235 2234 2234 2234 2234 2235 2235 2236 2236 2235 2235 2237 2237 2236 2236 2236 2236 2237 2237 2238 2238 2237 2237 2239 2239 2238 2238 2238 2238 2239 2239 2240 2240 2239 2239 2241 2241 2240 2240 2240 2240 2241 2241 2242 2242 2241 2241 2243 2243 2242 2242 2242 2242 2243 2243 2244 2244 2243 2243 2245 2245 2244 2244 2244 2244 2245 2245 2246 2246 2245 2245 2247 2247 2246 2246 2246 2246 2247 2247 2248 2248 2247 2247 2249 2249 2248 2248 2248 2248 2249 2249 2250 2250 2249 2249 2251 2251 2250 2250 2250 2250 2251 2251 2252 2252 2251 2251 2253 2253 2252 2252 2252 2252 2253 2253 2254 2254 2253 2253 2255 2255 2254 2254 2254 2254 2255 2255 2256 2256 2255 2255 2257 2257 2256 2256 2256 2256 2257 2257 2258 2258 2257 2257 2259 2259 2258 2258 2258 2258 2259 2259 2260 2260 2259 2259 2261 2261 2260 2260 2260 2260 2261 2261 2262 2262 2261 2261 2263 2263 2262 2262 2262 2262 2263 2263 2264 2264 2263 2263 2265 2265 2264 2264 2264 2264 2265 2265 2266 2266 2265 2265 2267 2267 2266 2266 2266 2266 2267 2267 2268 2268 2267 2267 2269 2269 2268 2268 2268 2268 2269 2269 2270 2270 2269 2269 2271 2271 2270 2270 2270 2270 2271 2271 2272 2272 2271 2271 2273 2273 2272 2272 2272 2272 2273 2273 2274 2274 2273 2273 2275 2275 2274 2274 2274 2274 2275 2275 2276 2276 2275 2275 2277 2277 2276 2276 2276 2276 2277 2277 2278 2278 2277 2277 2279 2279 2278 2278 2278 2278 2279 2279 2280 2280 2279 2279 2281 2281 2280 2280 2280 2280 2281 2281 2282 2282 2281 2281 2283 2283 2282 2282 2282 2282 2283 2283 2284 2284 2283 2283 2285 2285 2284 2284 2284 2284 2285 2285 2286 2286 2285 2285 2287 2287 2286 2286 2286 2286 2287 2287 2288 2288 2287 2287 2289 2289 2288 2288 2288 2288 2289 2289 2290 2290 2289 2289 2291 2291 2290 2290 2290 2290 2291 2291 2292 2292 2291 2291 2293 2293 2292 2292 2292 2292 2293 2293 2294 2294 2293 2293 2295 2295 2294 2294 2294 2294 2295 2295 2296 2296 2295 2295 2297 2297 2296 2296 2296 2296 2297 2297 2298 2298 2297 2297 2299 2299 2298 2298 2298 2298 2299 2299 2300 2300 2299 2299 2301 2301 2300 2300 2300 2300 2301 2301 2302 2302 2301 2301 2303 2303 2302 2302 2302 2302 2303 2303 2304 2304 2303 2303 2305 2305 2304 2304 2304 2304 2305 2305 2306 2306 2305 2305 2307 2307 2306 2306 2306 2306 2307 2307 2308 2308 2307 2307 2309 2309 2308 2308 2308 2308 2309 2309 2310 2310 2309 2309 2311 2311 2310 2310 2310 2310 2311 2311 2312 2312 2311 2311 2313 2313 2312 2312 2312 2312 2313 2313 2314 2314 2313 2313 2315 2315 2314 2314 2314 2314 2315 2315 2316 2316 2315 2315 2317 2317 2316 2316 2316 2316 2317 2317 2318 2318 2317 2317 2319 2319 2318 2318 2318 2318 2319 2319 2320 2320 2319 2319 2321 2321 2320 2320 2320 2320 2321 2321 2322 2322 2321 2321 2323 2323 2322 2322 2322 2322 2323 2323 2324 2324 2323 2323 2325 2325 2324 2324 2324 2324 2325 2325 2326 2326 2325 2325 2327 2327 2326 2326 2326 2326 2327 2327 2328 2328 2327 2327 2329 2329 2328 2328 2328 2328 2329 2329 2330 2330 2329 2329 2331 2331 2330 2330 2330 2330 2331 2331 2332 2332 2331 2331 2333 2333 2332 2332 2332 2332 2333 2333 2334 2334 2333 2333 2335 2335 2334 2334 2334 2334 2335 2335 2336 2336 2335 2335 2337 2337 2336 2336 2336 2336 2337 2337 2338 2338 2337 2337 2339 2339 2338 2338 2338 2338 2339 2339 2340 2340 2339 2339 2341 2341 2340 2340 2340 2340 2341 2341 2342 2342 2341 2341 2343 2343 2342 2342 2342 2342 2343 2343 2344 2344 2343 2343 2345 2345 2344 2344 2344 2344 2345 2345 2346 2346 2345 2345 2347 2347 2346 2346 2346 2346 2347 2347 2348 2348 2347 2347 2349 2349 2348 2348 2348 2348 2349 2349 2350 2350 2349 2349 2351 2351 2350 2350 2350 2350 2351 2351 2352 2352 2351 2351 2353 2353 2352 2352 2352 2352 2353 2353 2354 2354 2353 2353 2355 2355 2354 2354 2354 2354 2355 2355 2356 2356 2355 2355 2357 2357 2356 2356 2356 2356 2357 2357 2358 2358 2357 2357 2359 2359 2358 2358 2358 2358 2359 2359 2360 2360 2359 2359 2361 2361 2360 2360 2360 2360 2361 2361 2362 2362 2361 2361 2363 2363 2362 2362 2362 2362 2363 2363 2364 2364 2363 2363 2365 2365 2364 2364 2364 2364 2365 2365 2366 2366 2365 2365 2367 2367 2366 2366 2366 2366 2367 2367 2368 2368 2367 2367 2369 2369 2368 2368 2368 2368 2369 2369 2370 2370 2369 2369 2371 2371 2370 2370 2370 2370 2371 2371 2372 2372 2371 2371 2373 2373 2372 2372 2372 2372 2373 2373 2374 2374 2373 2373 2375 2375 2374 2374 2374 2374 2375 2375 2376 2376 2375 2375 2377 2377 2376 2376 2376 2376 2377 2377 2378 2378 2377 2377 2379 2379 2378 2378 2378 2378 2379 2379 2380 2380 2379 2379 2381 2381 2380 2380 2380 2380 2381 2381 2382 2382 2381 2381 2383 2383 2382 2382 2382 2382 2383 2383 2384 2384 2383 2383 2385 2385 2384 2384 2384 2384 2385 2385 2386 2386 2385 2385 2387 2387 2386 2386 2386 2386 2387 2387 2388 2388 2387 2387 2389 2389 2388 2388 2388 2388 2389 2389 2390 2390 2389 2389 2391 2391 2390 2390 2390 2390 2391 2391 2392 2392 2391 2391 2393 2393 2392 2392 2392 2392 2393 2393 2394 2394 2393 2393 2395 2395 2394 2394 2394 2394 2395 2395 2396 2396 2395 2395 2397 2397 2396 2396 2396 2396 2397 2397 2398 2398 2397 2397 2399 2399 2398 2398 2398 2398 2399 2399 2400 2400 2399 2399 2401 2401 2400 2400 2400 2400 2401 2401 2402 2402 2401 2401 2403 2403 2402 2402 2402 2402 2403 2403 2404 2404 2403 2403 2405 2405 2404 2404 2404 2404 2405 2405 2406 2406 2405 2405 2407 2407 2406 2406 2406 2406 2407 2407 2408 2408 2407 2407 2409 2409 2408 2408 2408 2408 2409 2409 2410 2410 2409 2409 2411 2411 2410 2410 2410 2410 2411 2411 2412 2412 2411 2411 2413 2413 2412 2412 2412 2412 2413 2413 2414 2414 2413 2413 2415 2415 2414 2414 2414 2414 2415 2415 2416 2416 2415 2415 2417 2417 2416 2416 2416 2416 2417 2417 2418 2418 2417 2417 2419 2419 2418 2418 2418 2418 2419 2419 2420 2420 2419 2419 2421 2421 2420 2420 2420 2420 2421 2421 2422 2422 2421 2421 2423 2423 2422 2422 2422 2422 2423 2423 2424 2424 2423 2423 2425 2425 2424 2424 2424 2424 2425 2425 2426 2426 2425 2425 2427 2427 2426 2426 2426 2426 2427 2427 2428 2428 2427 2427 2429 2429 2428 2428 2428 2428 2429 2429 2430 2430 2429 2429 2431 2431 2430 2430 2430 2430 2431 2431 2432 2432 2431 2431 2433 2433 2432 2432 2432 2432 2433 2433 2434 2434 2433 2433 2435 2435 2434 2434 2434 2434 2435 2435 2436 2436 2435 2435 2437 2437 2436 2436 2436 2436 2437 2437 2438 2438 2437 2437 2439 2439 2438 2438 2438 2438 2439 2439 2440 2440 2439 2439 2441 2441 2440 2440 2440 2440 2441 2441 2442 2442 2441 2441 2443 2443 2442 2442 2442 2442 2443 2443 2444 2444 2443 2443 2445 2445 2444 2444 2444 2444 2445 2445 2446 2446 2445 2445 2447 2447 2446 2446 2446 2446 2447 2447 2448 2448 2447 2447 2449 2449 2448 2448 2448 2448 2449 2449 2450 2450 2449 2449 2451 2451 2450 2450 2450 2450 2451 2451 2452 2452 2451 2451 2453 2453 2452 2452 2452 2452 2453 2453 2454 2454 2453 2453 2455 2455 2454 2454 2454 2454 2455 2455 2456 2456 2455 2455 2457 2457 2456 2456 2456 2456 2457 2457 2458 2458 2457 2457 2459 2459 2458 2458 2458 2458 2459 2459 2460 2460 2459 2459 2461 2461 2460 2460 2460 2460 2461 2461 2462 2462 2461 2461 2463 2463 2462 2462 2462 2462 2463 2463 2464 2464 2463 2463 2465 2465 2464 2464 2464 2464 2465 2465 2466 2466 2465 2465 2467 2467 2466 2466 2466 2466 2467 2467 2468 2468 2467 2467 2469 2469 2468 2468 2468 2468 2469 2469 2470 2470 2469 2469 2471 2471 2470 2470 2470 2470 2471 2471 2472 2472 2471 2471 2473 2473 2472 2472 2472 2472 2473 2473 2474 2474 2473 2473 2475 2475 2474 2474 2474 2474 2475 2475 2476 2476 2475 2475 2477 2477 2476 2476 2476 2476 2477 2477 2478 2478 2477 2477 2479 2479 2478 2478 2478 2478 2479 2479 2480 2480 2479 2479 2481 2481 2480 2480 2480 2480 2481 2481 2482 2482 2481 2481 2483 2483 2482 2482 2482 2482 2483 2483 2484 2484 2483 2483 2485 2485 2484 2484 2484 2484 2485 2485 2486 2486 2485 2485 2487 2487 2486 2486 2486 2486 2487 2487 2488 2488 2487 2487 2489 2489 2488 2488 2488 2488 2489 2489 2490 2490 2489 2489 2491 2491 2490 2490 2490 2490 2491 2491 2492 2492 2491 2491 2493 2493 2492 2492 2492 2492 2493 2493 2494 2494 2493 2493 2495 2495 2494 2494 2494 2494 2495 2495 2496 2496 2495 2495 2497 2497 2496 2496 2496 2496 2497 2497 2498 2498 2497 2497 2499 2499 2498 2498 2498 2498 2499 2499 2500 2500 2499 2499 2501 2501 2500 2500 2500 2500 2501 2501 2502 2502 2501 2501 2503 2503 2502 2502 2502 2502 2503 2503 2504 2504 2503 2503 2505 2505 2504 2504 2504 2504 2505 2505 2506 2506 2505 2505 2507 2507 2506 2506 2506 2506 2507 2507 2508 2508 2507 2507 2509 2509 2508 2508 2508 2508 2509 2509 2510 2510 2509 2509 2511 2511 2510 2510 2510 2510 2511 2511 2512 2512 2511 2511 2513 2513 2512 2512 2512 2512 2513 2513 2514 2514 2513 2513 2515 2515 2514 2514 2514 2514 2515 2515 2516 2516 2515 2515 2517 2517 2516 2516 2516 2516 2517 2517 2518 2518 2517 2517 2519 2519 2518 2518 2518 2518 2519 2519 2520 2520 2519 2519 2521 2521 2520 2520 2520 2520 2521 2521 2522 2522 2521 2521 2523 2523 2522 2522 2522 2522 2523 2523 2524 2524 2523 2523 2525 2525 2524 2524 2524 2524 2525 2525 2526 2526 2525 2525 2527 2527 2526 2526 2526 2526 2527 2527 2528 2528 2527 2527 2529 2529 2528 2528 2528 2528 2529 2529 2530 2530 2529 2529 2531 2531 2530 2530 2530 2530 2531 2531 2532 2532 2531 2531 2533 2533 2532 2532 2532 2532 2533 2533 2534 2534 2533 2533 2535 2535 2534 2534 2534 2534 2535 2535 2536 2536 2535 2535 2537 2537 2536 2536 2536 2536 2537 2537 2538 2538 2537 2537 2539 2539 2538 2538 2538 2538 2539 2539 2540 2540 2539 2539 2541 2541 2540 2540 2540 2540 2541 2541 2542 2542 2541 2541 2543 2543 2542 2542 2542 2542 2543 2543 2544 2544 2543 2543 2545 2545 2544 2544 2544 2544 2545 2545 2546 2546 2545 2545 2547 2547 2546 2546 2546 2546 2547 2547 2548 2548 2547 2547 2549 2549 2548 2548 2548 2548 2549 2549 2550 2550 2549 2549 2551 2551 2550 2550 2550 2550 2551 2551 2552 2552 2551 2551 2553 2553 2552 2552 2552 2552 2553 2553 2554 2554 2553 2553 2555 2555 2554 2554 2554 2554 2555 2555 2556 2556 2555 2555 2557 2557 2556 2556 2556 2556 2557 2557 2558 2558 2557 2557 2559 2559 2558 2558 2558 2558 2559 2559 2560 2560 2559 2559 2561 2561 2560 2560 2560 2560 2561 2561 2562 2562 2561 2561 2563 2563 2562 2562 2562 2562 2563 2563 2564 2564 2563 2563 2565 2565 2564 2564 2564 2564 2565 2565 2566 2566 2565 2565 2567 2567 2566 2566 2566 2566 2567 2567 2568 2568 2567 2567 2569 2569 2568 2568 2568 2568 2569 2569 2570 2570 2569 2569 2571 2571 2570 2570 2570 2570 2571 2571 2572 2572 2571 2571 2573 2573 2572 2572 2572 2572 2573 2573 2574 2574 2573 2573 2575 2575 2574 2574 2574 2574 2575 2575 2576 2576 2575 2575 2577 2577 2576 2576 2576 2576 2577 2577 2578 2578 2577 2577 2579 2579 2578 2578 2578 2578 2579 2579 2580 2580 2579 2579 2581 2581 2580 2580 2580 2580 2581 2581 2582 2582 2581 2581 2583 2583 2582 2582 2582 2582 2583 2583 2584 2584 2583 2583 2585 2585 2584 2584 2584 2584 2585 2585 2586 2586 2585 2585 2587 2587 2586 2586 2586 2586 2587 2587 2588 2588 2587 2587 2589 2589 2588 2588 2588 2588 2589 2589 2590 2590 2589 2589 2591 2591 2590 2590 2590 2590 2591 2591 2592 2592 2591 2591 2593 2593 2592 2592 2592 2592 2593 2593 2594 2594 2593 2593 2595 2595 2594 2594 2594 2594 2595 2595 2596 2596 2595 2595 2597 2597 2596 2596</p>
        </triangles>
      </mesh>
    </geometry>
  </library_geometries>
  <library_visual_scenes>
    <visual_scene id="Scene" name="Scene">
      <node id="trail_surface_node" name="trail_surface">
        <instance_geometry url="#trail_surface"/>
      </node>
    </visual_scene>
  </library_visual_scenes>
  <scene>
    <instance_visual_scene url="#Scene"/>
  </scene>
</COLLADA>
