timestamp_s,hiker_id,trail,true_x_wu,true_y_wu,terrain_z_wu,altitude_m,gps_lat,gps_lon,gps_error_m,dop,drift_ms,hw_delay_ms,weather
1780229941.631,hiker,ridge_route,-99.92,-88.56,0.62,937.9,-6.9193146,107.5790245,1.4,1.00,+0.5,69,clear
1780229942.101,hiker,ridge_route,-99.66,-88.22,0.64,938.4,-6.9192246,107.5790835,1.7,1.00,+0.6,74,clear
1780229942.602,hiker,ridge_route,-99.41,-87.88,0.65,938.8,-6.9190617,107.5791878,5.5,1.00,+0.6,139,clear
1780229943.102,hiker,ridge_route,-99.15,-87.54,0.67,939.1,-6.9189904,107.5792117,5.3,1.00,+0.6,80,clear
1780229943.601,hiker,ridge_route,-98.90,-87.20,0.68,939.4,-6.9188957,107.5793741,3.9,1.00,+0.7,135,clear
1780229944.101,hiker,ridge_route,-98.64,-86.86,0.69,939.7,-6.9187619,107.5794240,3.1,1.00,+0.7,133,clear
1780229944.601,hiker,ridge_route,-98.39,-86.52,0.70,939.9,-6.9186931,107.5795130,1.8,1.00,+0.7,71,clear
1780229945.101,hiker,ridge_route,-98.13,-86.18,0.70,940.1,-6.9185542,107.5795947,2.8,1.00,+0.8,201,clear
1780229945.602,hiker,ridge_route,-97.88,-85.84,0.71,940.3,-6.9184820,107.5796677,1.6,1.00,+0.8,148,clear
1780229946.101,hiker,ridge_route,-97.62,-85.50,0.71,940.4,-6.9183659,107.5797524,1.2,1.00,+0.8,115,clear
1780229946.601,hiker,ridge_route,-97.37,-85.16,0.71,940.5,-6.9182471,107.5798446,2.5,1.00,+0.9,126,clear
1780229947.102,hiker,ridge_route,-97.11,-84.82,0.71,940.5,-6.9181533,107.5799239,2.3,1.00,+0.9,181,clear
1780229947.606,hiker,ridge_route,-96.86,-84.48,0.71,940.5,-6.9180301,107.5800063,2.7,1.00,+0.9,146,clear
1780229948.101,hiker,ridge_route,-96.60,-84.14,0.71,940.4,-6.9179052,107.5800627,3.2,1.00,+1.0,141,clear
1780229948.601,hiker,ridge_route,-96.35,-83.80,0.71,940.3,-6.9178471,107.5801741,3.8,1.00,+1.0,173,clear
1780229949.101,hiker,ridge_route,-96.09,-83.46,0.70,940.1,-6.9177468,107.5802430,3.4,1.00,+1.0,165,clear
1780229949.601,hiker,ridge_route,-95.84,-83.12,0.69,939.9,-6.9176319,107.5802998,2.2,1.00,+1.0,199,clear
1780229950.101,hiker,ridge_route,-95.58,-82.78,0.69,939.7,-6.9175305,107.5803924,2.7,1.00,+1.1,168,clear
1780229950.601,hiker,ridge_route,-95.33,-82.44,0.68,939.4,-6.9173913,107.5804933,2.8,1.00,+1.1,124,clear
1780229951.101,hiker,ridge_route,-95.07,-82.10,0.66,939.1,-6.9172942,107.5805477,0.3,1.00,+1.1,100,clear
1780229951.601,hiker,ridge_route,-94.82,-81.76,0.65,938.7,-6.9171957,107.5806251,1.3,1.00,+1.2,113,clear
1780229952.101,hiker,ridge_route,-94.56,-81.42,0.64,938.2,-6.9170780,107.5806975,1.6,1.00,+1.2,176,clear
1780229952.601,hiker,ridge_route,-94.31,-81.08,0.62,937.8,-6.9169532,107.5807859,2.2,1.00,+1.2,96,clear
1780229953.101,hiker,ridge_route,-94.05,-80.74,0.60,937.2,-6.9168669,107.5808876,1.6,1.00,+1.3,157,clear
1780229953.601,hiker,ridge_route,-93.80,-80.40,0.58,936.7,-6.9167485,107.5809542,1.1,1.00,+1.3,68,clear
1780229954.101,hiker,ridge_route,-93.54,-80.06,0.56,936.0,-6.9166254,107.5810377,2.9,1.00,+1.3,179,clear
1780229954.601,hiker,ridge_route,-93.29,-79.72,0.54,935.4,-6.9165487,107.5810954,2.3,1.00,+1.4,197,clear
1780229955.101,hiker,ridge_route,-93.03,-79.38,0.51,934.7,-6.9164206,107.5811933,1.9,1.00,+1.4,101,clear
1780229955.601,hiker,ridge_route,-92.78,-79.04,0.49,933.9,-6.9163459,107.5812572,2.8,1.00,+1.4,132,clear
1780229956.101,hiker,ridge_route,-92.52,-78.70,0.46,933.1,-6.9162014,107.5813250,4.4,1.00,+1.5,128,clear
1780229956.601,hiker,ridge_route,-92.27,-78.36,0.43,932.3,-6.9161189,107.5814164,2.4,1.00,+1.5,199,clear
1780229957.101,hiker,ridge_route,-92.01,-78.02,0.40,931.4,-6.9160078,107.5815334,1.6,1.00,+1.5,183,clear
1780229957.601,hiker,ridge_route,-91.73,-77.71,0.36,930.3,-6.9159038,107.5816315,2.5,1.00,+1.6,92,clear
1780229958.101,hiker,ridge_route,-91.44,-77.40,0.35,930.0,-6.9158265,107.5817217,2.5,1.00,+1.6,182,clear
1780229958.601,hiker,ridge_route,-91.14,-77.09,0.35,930.0,-6.9157503,107.5818130,4.2,1.00,+1.6,158,clear
1780229959.101,hiker,ridge_route,-90.85,-76.78,0.35,930.0,-6.9156063,107.5819046,2.5,1.00,+1.7,168,clear
1780229959.601,hiker,ridge_route,-90.56,-76.47,0.35,930.0,-6.9155405,107.5820073,3.7,1.00,+1.7,162,clear
1780229960.101,hiker,ridge_route,-90.27,-76.16,0.35,930.0,-6.9154215,107.5821033,3.6,1.00,+1.7,164,clear
1780229960.601,hiker,ridge_route,-89.98,-75.85,0.35,930.0,-6.9153037,107.5821525,2.9,1.00,+1.8,67,clear
1780229961.101,hiker,ridge_route,-89.69,-75.54,0.35,930.0,-6.9152524,107.5822821,3.9,1.00,+1.8,91,clear
1780229961.601,hiker,ridge_route,-89.40,-75.23,0.35,930.0,-6.9151378,107.5823602,1.6,1.00,+1.8,181,clear
1780229962.101,hiker,ridge_route,-89.11,-74.92,0.35,930.0,-6.9150369,107.5824251,1.6,1.00,+1.9,106,clear
1780229962.602,hiker,ridge_route,-88.82,-74.61,0.35,930.0,-6.9149481,107.5825457,2.0,1.00,+1.9,134,clear
1780229963.101,hiker,ridge_route,-88.53,-74.30,0.35,930.0,-6.9148523,107.5826526,3.5,1.00,+1.9,79,clear
1780229963.601,hiker,ridge_route,-88.24,-73.99,0.35,930.0,-6.9147416,107.5827298,1.6,1.00,+2.0,179,clear
1780229964.101,hiker,ridge_route,-87.95,-73.68,0.35,930.0,-6.9146491,107.5827958,1.4,1.00,+2.0,205,clear
1780229964.601,hiker,ridge_route,-87.66,-73.37,0.35,930.0,-6.9145374,107.5829168,2.2,1.00,+2.0,151,clear
1780229965.101,hiker,ridge_route,-87.37,-73.06,0.35,930.0,-6.9144199,107.5829773,3.7,1.00,+2.1,148,clear
1780229965.603,hiker,ridge_route,-87.07,-72.75,0.35,930.0,-6.9143502,107.5830812,0.3,1.00,+2.1,141,clear
1780229966.104,hiker,ridge_route,-86.78,-72.44,0.35,930.0,-6.9142350,107.5831552,3.2,1.00,+2.1,134,clear
1780229966.601,hiker,ridge_route,-86.49,-72.13,0.35,930.0,-6.9141228,107.5832844,4.3,1.00,+2.2,79,clear
1780229967.101,hiker,ridge_route,-86.20,-71.82,0.35,930.0,-6.9140915,107.5833884,4.7,1.00,+2.2,192,clear
1780229967.602,hiker,ridge_route,-85.91,-71.51,0.35,930.0,-6.9139786,107.5834557,1.9,1.00,+2.2,170,clear
1780229968.102,hiker,ridge_route,-85.62,-71.20,0.35,930.0,-6.9138795,107.5835161,3.5,1.00,+2.3,66,clear
1780229968.601,hiker,ridge_route,-85.33,-70.89,0.35,930.0,-6.9137442,107.5836084,4.0,1.00,+2.3,115,clear
1780229969.102,hiker,ridge_route,-85.04,-70.58,0.35,930.0,-6.9136840,107.5837318,1.6,1.00,+2.3,142,clear
1780229969.602,hiker,ridge_route,-84.75,-70.27,0.35,930.0,-6.9135944,107.5838158,2.5,1.00,+2.4,120,clear
1780229970.101,hiker,ridge_route,-84.46,-69.96,0.35,930.0,-6.9134642,107.5839094,1.2,1.00,+2.4,84,clear
1780229970.601,hiker,ridge_route,-84.17,-69.65,0.35,930.0,-6.9133585,107.5840083,2.2,1.00,+2.4,163,clear
1780229971.102,hiker,ridge_route,-83.88,-69.34,0.35,930.0,-6.9133216,107.5840997,4.7,1.00,+2.5,130,clear
1780229971.601,hiker,ridge_route,-83.59,-69.03,0.35,930.0,-6.9131760,107.5841939,0.9,1.00,+2.5,131,clear
1780229972.101,hiker,ridge_route,-83.30,-68.72,0.35,930.0,-6.9131115,107.5842824,3.0,1.00,+2.5,141,clear
1780229972.603,hiker,ridge_route,-83.01,-68.41,0.35,930.0,-6.9129600,107.5843701,3.1,1.00,+2.6,98,clear
1780229973.102,hiker,ridge_route,-82.71,-68.10,0.35,930.0,-6.9129046,107.5844620,1.6,1.00,+2.6,101,clear
1780229973.602,hiker,ridge_route,-82.42,-67.79,0.35,930.0,-6.9127743,107.5845446,2.4,1.00,+2.6,142,clear
1780229974.102,hiker,ridge_route,-82.13,-67.48,0.35,930.0,-6.9126808,107.5846202,3.5,1.00,+2.7,108,clear
1780229974.603,hiker,ridge_route,-81.84,-67.17,0.35,930.0,-6.9125720,107.5847551,3.3,1.00,+2.7,136,clear
1780229975.102,hiker,ridge_route,-81.55,-66.86,0.35,930.0,-6.9125298,107.5848535,4.0,1.00,+2.7,156,clear
1780229975.601,hiker,ridge_route,-81.26,-66.55,0.35,930.0,-6.9124207,107.5848886,4.5,1.00,+2.8,163,clear
1780229976.102,hiker,ridge_route,-80.97,-66.24,0.35,930.0,-6.9123450,107.5850070,4.6,1.00,+2.8,179,clear
1780229976.601,hiker,ridge_route,-80.68,-65.93,0.35,930.0,-6.9121951,107.5850993,1.7,1.00,+2.8,86,clear
1780229977.101,hiker,ridge_route,-80.39,-65.62,0.35,930.0,-6.9120837,107.5852252,4.0,1.00,+2.9,134,clear
1780229977.601,hiker,ridge_route,-80.10,-65.31,0.35,930.0,-6.9120311,107.5853293,4.5,1.00,+2.9,162,clear
1780229978.102,hiker,ridge_route,-79.81,-65.00,0.35,930.0,-6.9119249,107.5853939,1.5,1.00,+2.9,112,clear
1780229978.602,hiker,ridge_route,-79.52,-64.69,0.35,930.0,-6.9118223,107.5855063,3.3,1.00,+3.0,149,clear
1780229979.102,hiker,ridge_route,-79.23,-64.38,0.35,930.0,-6.9117307,107.5855693,1.2,1.00,+3.0,96,clear
1780229979.602,hiker,ridge_route,-78.94,-64.06,0.35,930.0,-6.9116625,107.5856673,4.5,1.00,+3.0,106,clear
1780229980.101,hiker,ridge_route,-78.65,-63.76,0.35,930.0,-6.9115254,107.5857583,0.6,1.00,+3.1,134,clear
1780229980.602,hiker,ridge_route,-78.35,-63.44,0.35,930.0,-6.9114007,107.5858620,3.5,1.00,+3.1,192,clear
1780229981.101,hiker,ridge_route,-78.06,-63.14,0.35,930.0,-6.9113181,107.5859224,2.1,1.00,+3.1,194,clear
1780229981.601,hiker,ridge_route,-77.77,-62.83,0.35,930.0,-6.9112390,107.5860363,1.0,1.00,+3.1,174,clear
1780229982.101,hiker,ridge_route,-77.48,-62.52,0.35,930.0,-6.9111175,107.5861467,3.4,1.00,+3.2,146,clear
1780229982.601,hiker,ridge_route,-77.19,-62.21,0.35,930.0,-6.9110655,107.5862229,3.3,1.00,+3.2,101,clear
1780229983.101,hiker,ridge_route,-76.89,-61.91,0.35,930.0,-6.9109720,107.5863215,3.5,1.00,+3.2,102,clear
1780229983.601,hiker,ridge_route,-76.57,-61.63,0.35,930.0,-6.9108767,107.5863875,3.4,1.00,+3.3,141,clear
1780229984.102,hiker,ridge_route,-76.25,-61.35,0.35,930.0,-6.9107855,107.5865155,2.0,1.00,+3.3,119,clear
1780229984.601,hiker,ridge_route,-75.93,-61.07,0.35,930.0,-6.9106677,107.5865914,2.7,1.00,+3.3,72,clear
1780229985.102,hiker,ridge_route,-75.61,-60.79,0.35,930.0,-6.9106008,107.5867108,1.1,1.00,+3.4,104,clear
1780229985.601,hiker,ridge_route,-75.29,-60.51,0.35,930.0,-6.9105027,107.5868306,1.7,1.00,+3.4,106,clear
1780229986.101,hiker,ridge_route,-74.97,-60.23,0.35,930.0,-6.9104036,107.5869459,3.5,1.00,+3.4,156,clear
1780229986.601,hiker,ridge_route,-74.65,-59.95,0.35,930.0,-6.9103631,107.5870095,4.0,1.00,+3.5,95,clear
1780229987.101,hiker,ridge_route,-74.33,-59.67,0.35,930.0,-6.9102235,107.5871161,1.8,1.00,+3.5,161,clear
1780229987.601,hiker,ridge_route,-74.01,-59.39,0.35,930.0,-6.9101605,107.5872361,2.0,1.00,+3.5,135,clear
1780229988.101,hiker,ridge_route,-73.69,-59.11,0.35,930.0,-6.9100373,107.5873454,4.0,1.00,+3.6,133,clear
1780229988.601,hiker,ridge_route,-73.37,-58.83,0.35,930.0,-6.9099873,107.5874388,2.2,1.00,+3.6,174,clear
1780229989.101,hiker,ridge_route,-73.05,-58.55,0.35,930.0,-6.9098740,107.5875012,3.0,1.00,+3.6,90,clear
1780229989.601,hiker,ridge_route,-72.73,-58.27,0.35,930.0,-6.9097956,107.5876305,0.7,1.04,+3.7,123,clear
1780229990.101,hiker,ridge_route,-72.41,-57.99,0.35,930.0,-6.9097132,107.5877211,0.6,1.07,+3.7,149,clear
1780229990.601,hiker,ridge_route,-72.09,-57.71,0.35,930.0,-6.9096119,107.5878812,6.0,1.10,+3.7,118,clear
1780229991.101,hiker,ridge_route,-71.77,-57.43,0.35,930.0,-6.9095133,107.5879480,3.2,1.14,+3.8,78,clear
1780229991.601,hiker,ridge_route,-71.45,-57.15,0.35,930.0,-6.9094595,107.5880431,1.9,1.17,+3.8,126,clear
1780229992.101,hiker,ridge_route,-71.13,-56.87,0.35,930.0,-6.9093686,107.5881369,1.1,1.21,+3.8,88,clear
1780229992.601,hiker,ridge_route,-70.81,-56.59,0.35,930.0,-6.9092685,107.5882147,2.1,1.24,+3.9,170,clear
1780229993.101,hiker,ridge_route,-70.49,-56.31,0.35,930.0,-6.9091889,107.5883886,6.0,1.28,+3.9,99,clear
1780229993.601,hiker,ridge_route,-70.17,-56.03,0.35,930.0,-6.9090824,107.5884320,1.5,1.31,+3.9,142,clear
1780229994.101,hiker,ridge_route,-69.86,-55.75,0.35,930.0,-6.9089861,107.5885877,6.1,1.35,+4.0,97,clear
1780229994.601,hiker,ridge_route,-69.54,-55.47,0.35,930.0,-6.9088868,107.5886198,4.2,1.38,+4.0,112,clear
1780229995.101,hiker,ridge_route,-69.22,-55.19,0.35,930.0,-6.9088392,107.5887671,3.1,1.42,+4.0,173,clear
1780229995.602,hiker,ridge_route,-68.90,-54.91,0.35,930.0,-6.9087535,107.5888567,2.0,1.45,+4.1,67,clear
1780229996.102,hiker,ridge_route,-68.58,-54.63,0.35,930.0,-6.9087041,107.5889518,5.5,1.48,+4.1,95,clear
1780229996.602,hiker,ridge_route,-68.26,-54.35,0.35,930.0,-6.9085644,107.5890441,0.4,1.52,+4.1,205,clear
1780229997.101,hiker,ridge_route,-67.94,-54.07,0.35,930.0,-6.9084541,107.5891226,3.8,1.55,+4.2,107,clear
1780229997.602,hiker,ridge_route,-67.62,-53.79,0.35,930.0,-6.9083722,107.5892974,6.1,1.59,+4.2,206,clear
1780229998.101,hiker,ridge_route,-67.30,-53.51,0.35,930.0,-6.9082987,107.5892730,8.2,1.62,+4.2,189,clear
1780229998.602,hiker,ridge_route,-66.98,-53.23,0.35,930.0,-6.9081939,107.5894584,2.6,1.66,+4.3,82,clear
1780229999.101,hiker,ridge_route,-66.66,-52.95,0.35,930.0,-6.9081446,107.5895319,2.7,1.69,+4.3,95,clear
1780229999.602,hiker,ridge_route,-66.34,-52.67,0.35,930.0,-6.9080347,107.5896286,2.6,1.72,+4.3,188,clear
1780230000.101,hiker,ridge_route,-66.02,-52.39,0.35,930.0,-6.9079420,107.5897713,2.3,1.76,+4.4,129,clear
1780230000.602,hiker,ridge_route,-65.70,-52.11,0.35,930.0,-6.9078268,107.5898821,5.1,1.79,+4.4,127,clear
1780230001.102,hiker,ridge_route,-65.38,-51.83,0.35,930.0,-6.9077863,107.5899560,1.2,1.83,+4.4,132,clear
1780230001.602,hiker,ridge_route,-65.06,-51.55,0.35,930.0,-6.9076201,107.5900976,8.8,1.86,+4.5,103,clear
1780230002.102,hiker,ridge_route,-64.74,-51.27,0.35,930.0,-6.9075962,107.5901460,1.4,1.89,+4.5,89,clear
1780230002.602,hiker,ridge_route,-64.42,-50.99,0.35,930.0,-6.9075137,107.5902721,1.4,1.93,+4.5,137,clear
1780230003.103,hiker,ridge_route,-64.10,-50.71,0.35,930.0,-6.9074632,107.5903996,6.2,1.96,+4.6,110,clear
1780230003.602,hiker,ridge_route,-63.78,-50.43,0.35,930.0,-6.9073010,107.5905073,6.3,2.00,+4.6,145,clear
1780230004.101,hiker,ridge_route,-63.46,-50.15,0.35,930.0,-6.9072621,107.5905391,3.1,2.03,+4.6,176,clear
1780230004.603,hiker,ridge_route,-63.14,-49.87,0.35,930.0,-6.9071323,107.5906376,4.3,2.06,+4.7,146,clear
1780230005.102,hiker,ridge_route,-62.82,-49.59,0.35,930.0,-6.9070405,107.5907947,4.8,2.10,+4.7,149,clear
1780230005.602,hiker,ridge_route,-62.50,-49.31,0.35,930.0,-6.9070092,107.5909117,5.7,2.13,+4.7,139,clear
1780230006.101,hiker,ridge_route,-62.18,-49.03,0.35,930.0,-6.9069195,107.5909072,7.2,2.16,+4.8,120,clear
1780230006.602,hiker,ridge_route,-61.86,-48.75,0.35,930.0,-6.9067917,107.5910256,5.2,2.20,+4.8,102,clear
1780230007.101,hiker,ridge_route,-61.54,-48.47,0.35,930.0,-6.9067476,107.5910743,11.1,2.23,+4.8,148,clear
1780230007.602,hiker,ridge_route,-61.22,-48.19,0.35,930.0,-6.9066473,107.5912615,2.1,2.26,+4.9,170,clear
1780230008.101,hiker,ridge_route,-60.91,-47.91,0.35,930.0,-6.9065348,107.5913376,3.8,2.29,+4.9,196,clear
1780230008.602,hiker,ridge_route,-60.60,-47.60,0.35,930.0,-6.9063888,107.5914932,7.1,2.32,+4.9,91,clear
1780230009.102,hiker,ridge_route,-60.30,-47.30,0.35,930.0,-6.9063800,107.5915756,3.4,2.35,+5.0,179,clear
1780230009.603,hiker,ridge_route,-60.00,-47.00,0.35,930.0,-6.9062481,107.5916157,4.7,2.38,+5.0,91,clear
1780230010.101,hiker,ridge_route,-59.70,-46.70,0.35,930.0,-6.9062170,107.5917502,5.9,2.41,+5.0,160,clear
1780230010.601,hiker,ridge_route,-59.40,-46.40,0.35,930.0,-6.9059998,107.5919376,12.7,2.44,+5.1,150,clear
1780230011.102,hiker,ridge_route,-59.10,-46.10,0.35,930.0,-6.9059391,107.5918701,8.9,2.46,+5.1,144,clear
1780230011.601,hiker,ridge_route,-58.80,-45.80,0.35,930.0,-6.9058909,107.5920550,2.2,2.49,+5.1,124,clear
1780230012.102,hiker,ridge_route,-58.50,-45.50,0.35,930.0,-6.9057563,107.5921873,6.9,2.51,+5.1,100,clear
1780230012.601,hiker,ridge_route,-58.20,-45.20,0.35,930.0,-6.9056534,107.5921487,9.7,2.53,+5.2,77,clear
1780230013.102,hiker,ridge_route,-57.90,-44.90,0.35,930.0,-6.9055815,107.5922800,5.1,2.55,+5.2,150,clear
1780230013.601,hiker,ridge_route,-57.60,-44.60,0.35,930.0,-6.9054711,107.5924797,7.6,2.56,+5.2,88,clear
1780230014.102,hiker,ridge_route,-57.30,-44.30,0.45,932.9,-6.9053695,107.5925176,4.3,2.57,+5.3,143,clear
1780230014.601,hiker,ridge_route,-57.00,-44.00,0.65,938.6,-6.9053705,107.5925824,7.0,2.57,+5.3,200,clear
1780230015.101,hiker,ridge_route,-56.70,-43.70,0.85,944.4,-6.9052313,107.5927451,4.8,2.57,+5.3,127,clear
1780230015.601,hiker,ridge_route,-56.40,-43.40,1.06,950.4,-6.9050467,107.5927258,11.9,2.56,+5.4,111,clear
1780230016.101,hiker,ridge_route,-56.10,-43.10,1.27,956.5,-6.9050027,107.5928961,3.1,2.55,+5.4,163,clear
1780230016.601,hiker,ridge_route,-55.80,-42.80,1.49,962.8,-6.9049674,107.5929787,3.7,2.53,+5.4,104,clear
1780230017.101,hiker,ridge_route,-55.50,-42.50,1.72,969.3,-6.9048034,107.5930286,7.5,2.51,+5.5,147,clear
1780230017.601,hiker,ridge_route,-55.20,-42.20,1.95,975.9,-6.9048013,107.5931826,6.1,2.49,+5.5,147,clear
1780230018.101,hiker,ridge_route,-54.90,-41.90,2.18,982.7,-6.9046598,107.5932714,0.9,2.46,+5.5,167,clear
1780230018.602,hiker,ridge_route,-54.59,-41.59,2.42,989.6,-6.9045583,107.5932668,11.4,2.44,+5.6,129,clear
1780230019.101,hiker,ridge_route,-54.29,-41.29,2.67,996.6,-6.9044871,107.5934287,4.8,2.41,+5.6,182,clear
1780230019.601,hiker,ridge_route,-53.99,-40.99,2.92,1003.9,-6.9043683,107.5936023,4.6,2.38,+5.6,187,clear
1780230020.101,hiker,ridge_route,-53.69,-40.69,3.18,1011.2,-6.9042394,107.5936568,3.9,2.35,+5.7,167,clear
1780230020.601,hiker,ridge_route,-53.39,-40.39,3.44,1018.8,-6.9041275,107.5938425,11.7,2.32,+5.7,96,clear
1780230021.101,hiker,ridge_route,-53.09,-40.09,3.71,1026.4,-6.9040747,107.5938467,1.2,2.29,+5.7,191,clear
1780230021.601,hiker,ridge_route,-52.79,-39.79,3.98,1034.2,-6.9039889,107.5939352,0.7,2.26,+5.8,164,clear
1780230022.101,hiker,ridge_route,-52.49,-39.49,4.26,1042.2,-6.9039924,107.5940468,10.7,2.23,+5.8,175,clear
1780230022.601,hiker,ridge_route,-52.19,-39.19,4.54,1050.3,-6.9038218,107.5941228,2.4,2.20,+5.8,161,clear
1780230023.101,hiker,ridge_route,-51.89,-38.89,4.83,1058.5,-6.9036208,107.5942757,11.1,2.17,+5.9,143,clear
1780230023.601,hiker,ridge_route,-51.59,-38.59,5.12,1066.9,-6.9035487,107.5942718,9.0,2.13,+5.9,79,clear
1780230024.101,hiker,ridge_route,-51.29,-38.29,5.42,1075.4,-6.9035386,107.5943998,2.9,2.10,+5.9,123,clear
1780230024.601,hiker,ridge_route,-50.99,-37.99,5.72,1084.1,-6.9033857,107.5945258,4.5,2.07,+6.0,193,clear
1780230025.101,hiker,ridge_route,-50.69,-37.69,6.02,1092.8,-6.9032961,107.5946435,5.5,2.03,+6.0,213,clear
1780230025.601,hiker,ridge_route,-50.39,-37.39,6.33,1101.7,-6.9032123,107.5946539,5.9,2.00,+6.0,186,clear
1780230026.101,hiker,ridge_route,-50.09,-37.09,6.64,1110.7,-6.9031360,107.5947529,5.0,1.97,+6.1,88,clear
1780230026.601,hiker,ridge_route,-49.79,-36.79,6.96,1119.8,-6.9030013,107.5948189,9.6,1.93,+6.1,166,clear
1780230027.102,hiker,ridge_route,-49.49,-36.49,7.28,1129.0,-6.9029830,107.5950181,4.8,1.90,+6.1,124,clear
1780230027.601,hiker,ridge_route,-49.19,-36.19,7.61,1138.4,-6.9028608,107.5950244,6.5,1.87,+6.2,65,clear
1780230028.101,hiker,ridge_route,-48.88,-35.88,7.94,1147.8,-6.9028413,107.5951726,8.8,1.83,+6.2,102,clear
1780230028.602,hiker,ridge_route,-48.58,-35.58,8.27,1157.3,-6.9027246,107.5953005,7.0,1.80,+6.2,145,clear
1780230029.101,hiker,ridge_route,-48.28,-35.28,8.60,1166.9,-6.9025318,107.5953205,7.1,1.77,+6.3,56,clear
1780230029.601,hiker,ridge_route,-47.98,-34.98,8.94,1176.5,-6.9024547,107.5954925,4.2,1.73,+6.3,129,clear
1780230030.101,hiker,ridge_route,-47.68,-34.68,9.28,1186.3,-6.9024155,107.5955809,4.2,1.70,+6.3,162,clear
1780230030.601,hiker,ridge_route,-47.38,-34.38,9.62,1196.1,-6.9022874,107.5956390,1.7,1.66,+6.4,120,clear
1780230031.102,hiker,ridge_route,-47.08,-34.08,9.96,1206.0,-6.9022140,107.5958181,7.9,1.63,+6.4,103,clear
1780230031.601,hiker,ridge_route,-46.81,-33.75,10.33,1216.4,-6.9021005,107.5958084,3.0,1.59,+6.4,156,clear
1780230032.101,hiker,ridge_route,-46.56,-33.41,10.70,1227.2,-6.9019904,107.5959139,0.6,1.56,+6.5,137,clear
1780230032.601,hiker,ridge_route,-46.30,-33.07,11.08,1238.1,-6.9018356,107.5959740,5.3,1.53,+6.5,178,clear
1780230033.101,hiker,ridge_route,-46.05,-32.73,11.46,1248.9,-6.9017911,107.5960487,3.8,1.49,+6.5,76,clear
1780230033.601,hiker,ridge_route,-45.79,-32.39,11.84,1259.9,-6.9016721,107.5961039,5.9,1.46,+6.6,160,clear
1780230034.101,hiker,ridge_route,-45.54,-32.05,12.22,1270.8,-6.9015732,107.5962333,1.8,1.42,+6.6,124,clear
1780230034.601,hiker,ridge_route,-45.28,-31.71,12.61,1281.8,-6.9014408,107.5963264,1.4,1.39,+6.6,149,clear
1780230035.103,hiker,ridge_route,-45.03,-31.37,12.99,1292.8,-6.9013834,107.5964744,9.4,1.35,+6.7,91,clear
1780230035.601,hiker,ridge_route,-44.77,-31.03,13.37,1303.8,-6.9012470,107.5964907,1.6,1.32,+6.7,173,clear
1780230036.101,hiker,ridge_route,-44.52,-30.69,13.76,1314.8,-6.9011225,107.5965353,3.0,1.28,+6.7,176,clear
1780230036.601,hiker,ridge_route,-44.26,-30.35,14.14,1325.8,-6.9010079,107.5965958,5.3,1.25,+6.8,142,clear
1780230037.101,hiker,ridge_route,-44.01,-30.01,14.52,1336.7,-6.9009115,107.5967184,0.7,1.21,+6.8,136,clear
1780230037.601,hiker,ridge_route,-43.75,-29.67,14.90,1347.6,-6.9007901,107.5968143,2.5,1.18,+6.8,161,clear
1780230038.101,hiker,ridge_route,-43.50,-29.33,15.28,1358.5,-6.9006822,107.5968483,4.5,1.14,+6.9,156,clear
1780230038.601,hiker,ridge_route,-43.24,-28.99,15.65,1369.3,-6.9005698,107.5969995,4.8,1.11,+6.9,187,clear
1780230039.102,hiker,ridge_route,-42.99,-28.65,16.03,1380.0,-6.9004937,107.5970590,1.6,1.07,+6.9,161,clear
1780230039.601,hiker,ridge_route,-42.73,-28.31,16.40,1390.6,-6.9003597,107.5971072,3.2,1.04,+7.0,126,clear
1780230040.101,hiker,ridge_route,-42.48,-27.97,16.76,1401.1,-6.9002736,107.5971975,1.1,1.00,+7.0,113,clear
1780230040.602,hiker,ridge_route,-42.22,-27.63,17.13,1411.5,-6.9001685,107.5972730,1.6,1.00,+7.0,166,clear
1780230041.101,hiker,ridge_route,-41.97,-27.29,17.48,1421.8,-6.9000817,107.5973516,3.0,1.00,+7.1,158,clear
1780230041.602,hiker,ridge_route,-41.71,-26.95,17.84,1431.9,-6.8999524,107.5974487,0.2,1.00,+7.1,219,clear
1780230042.101,hiker,ridge_route,-41.46,-26.61,18.19,1441.9,-6.8998287,107.5975251,2.1,1.00,+7.1,177,clear
1780230042.602,hiker,ridge_route,-41.20,-26.27,18.53,1451.8,-6.8997354,107.5976217,1.3,1.00,+7.1,197,clear
1780230043.102,hiker,ridge_route,-40.95,-25.93,18.87,1461.4,-6.8996275,107.5976769,1.7,1.00,+7.2,175,clear
1780230043.602,hiker,ridge_route,-40.69,-25.59,19.20,1470.9,-6.8995340,107.5977817,1.3,1.00,+7.2,146,clear
1780230044.102,hiker,ridge_route,-40.44,-25.25,19.52,1480.2,-6.8994312,107.5978709,2.4,1.00,+7.2,63,clear
1780230044.602,hiker,ridge_route,-40.18,-24.91,19.84,1489.4,-6.8992934,107.5979605,3.6,1.00,+7.3,78,clear
1780230045.101,hiker,ridge_route,-39.93,-24.57,20.15,1498.2,-6.8992217,107.5979910,3.2,1.00,+7.3,137,clear
1780230045.604,hiker,ridge_route,-39.67,-24.23,20.45,1506.9,-6.8991201,107.5981226,3.8,1.00,+7.3,178,clear
1780230046.101,hiker,ridge_route,-39.42,-23.89,20.75,1515.4,-6.8990062,107.5981624,2.2,1.00,+7.4,122,clear
1780230046.601,hiker,ridge_route,-39.16,-23.55,21.03,1523.6,-6.8988901,107.5982543,0.6,1.00,+7.4,196,clear
1780230047.101,hiker,ridge_route,-38.91,-23.21,21.31,1531.6,-6.8987778,107.5983262,1.2,1.00,+7.4,139,clear
1780230047.601,hiker,ridge_route,-38.65,-22.87,21.58,1539.3,-6.8986736,107.5984133,0.6,1.00,+7.5,176,clear
1780230048.101,hiker,ridge_route,-38.40,-22.53,21.84,1546.8,-6.8985763,107.5985144,2.1,1.00,+7.5,163,clear
1780230048.601,hiker,ridge_route,-38.14,-22.19,22.09,1554.1,-6.8984806,107.5985653,3.0,1.00,+7.5,162,clear
1780230049.101,hiker,ridge_route,-37.89,-21.85,22.33,1561.0,-6.8983650,107.5986444,2.4,1.00,+7.6,188,clear
1780230049.601,hiker,ridge_route,-37.63,-21.51,22.57,1567.7,-6.8982549,107.5987448,1.3,1.00,+7.6,164,clear
1780230050.101,hiker,ridge_route,-37.38,-21.17,22.79,1574.1,-6.8981222,107.5988411,2.7,1.00,+7.6,130,clear
1780230050.601,hiker,ridge_route,-37.12,-20.83,23.00,1580.2,-6.8980292,107.5989114,0.9,1.00,+7.7,170,clear
1780230051.101,hiker,ridge_route,-36.87,-20.49,23.21,1586.1,-6.8979225,107.5989956,1.3,1.00,+7.7,181,clear
1780230051.601,hiker,ridge_route,-36.61,-20.15,23.40,1591.6,-6.8978308,107.5990725,1.9,1.00,+7.7,157,clear
1780230052.102,hiker,ridge_route,-36.36,-19.81,23.59,1596.9,-6.8976992,107.5991508,1.3,1.00,+7.8,157,clear
1780230052.601,hiker,ridge_route,-36.10,-19.47,23.76,1601.9,-6.8975839,107.5992328,2.2,1.00,+7.8,158,clear
1780230053.101,hiker,ridge_route,-35.85,-19.13,23.92,1606.6,-6.8974859,107.5993025,1.2,1.00,+7.8,113,clear
1780230053.601,hiker,ridge_route,-35.59,-18.79,24.08,1611.0,-6.8973759,107.5993890,1.4,1.00,+7.9,200,clear
1780230054.101,hiker,ridge_route,-35.34,-18.45,24.22,1615.1,-6.8972730,107.5994497,2.2,1.00,+7.9,200,clear
1780230054.601,hiker,ridge_route,-35.08,-18.11,24.35,1618.9,-6.8971690,107.5995270,2.5,1.00,+7.9,138,clear
1780230055.101,hiker,ridge_route,-34.74,-17.88,24.41,1620.5,-6.8971033,107.5996311,2.9,1.00,+8.0,164,clear
1780230055.601,hiker,ridge_route,-34.36,-17.70,24.42,1620.8,-6.8970176,107.5998106,4.6,1.00,+8.0,161,clear
1780230056.101,hiker,ridge_route,-33.97,-17.52,24.43,1621.0,-6.8969566,107.5998977,3.5,1.00,+8.0,147,clear
1780230056.601,hiker,ridge_route,-33.59,-17.34,24.43,1621.0,-6.8969330,107.6000068,1.7,1.00,+8.1,153,clear
1780230057.102,hiker,ridge_route,-33.20,-17.16,24.42,1620.8,-6.8968797,107.6001468,0.7,1.00,+8.1,152,clear
1780230057.601,hiker,ridge_route,-32.82,-16.97,24.41,1620.5,-6.8968024,107.6002864,2.8,1.00,+8.1,149,clear
1780230058.101,hiker,ridge_route,-32.44,-16.79,24.39,1620.0,-6.8967901,107.6003653,4.2,1.00,+8.2,201,clear
1780230058.601,hiker,ridge_route,-32.05,-16.61,24.37,1619.4,-6.8966974,107.6005018,1.1,1.00,+8.2,133,clear
1780230059.101,hiker,ridge_route,-31.67,-16.43,24.34,1618.6,-6.8966499,107.6006048,3.0,1.00,+8.2,64,clear
1780230059.601,hiker,ridge_route,-31.28,-16.25,24.31,1617.6,-6.8965999,107.6007744,2.6,1.00,+8.3,96,clear
1780230060.101,hiker,ridge_route,-30.90,-16.07,24.27,1616.5,-6.8965245,107.6008793,1.0,1.00,+8.3,167,clear
1780230060.601,hiker,ridge_route,-30.51,-15.89,24.23,1615.3,-6.8965003,107.6010029,2.9,1.00,+8.3,159,clear
1780230061.101,hiker,ridge_route,-30.13,-15.71,24.18,1614.0,-6.8964200,107.6011199,0.2,1.00,+8.4,183,clear
1780230061.601,hiker,ridge_route,-29.74,-15.53,24.13,1612.5,-6.8963895,107.6012387,3.1,1.00,+8.4,196,clear
1780230062.101,hiker,ridge_route,-29.36,-15.35,24.07,1610.9,-6.8963015,107.6013901,3.1,1.00,+8.4,112,clear
1780230062.602,hiker,ridge_route,-28.97,-15.16,24.02,1609.2,-6.8962644,107.6014835,1.9,1.00,+8.5,129,clear
1780230063.101,hiker,ridge_route,-28.59,-14.98,23.95,1607.4,-6.8961621,107.6016043,3.2,1.00,+8.5,138,clear
1780230063.601,hiker,ridge_route,-28.20,-14.80,23.89,1605.6,-6.8961009,107.6017477,4.3,1.00,+8.5,81,clear
1780230064.101,hiker,ridge_route,-27.82,-14.62,23.82,1603.6,-6.8960748,107.6018842,3.9,1.00,+8.6,94,clear
1780230064.602,hiker,ridge_route,-27.44,-14.44,23.75,1601.6,-6.8960315,107.6019871,2.2,1.00,+8.6,98,clear
1780230065.101,hiker,ridge_route,-27.05,-14.26,23.67,1599.5,-6.8959811,107.6020922,2.0,1.00,+8.6,128,clear
1780230065.602,hiker,ridge_route,-26.67,-14.08,23.60,1597.3,-6.8959230,107.6022004,2.5,1.00,+8.7,82,clear
1780230066.101,hiker,ridge_route,-26.28,-13.90,23.52,1595.1,-6.8958827,107.6023223,4.0,1.00,+8.7,88,clear
1780230066.602,hiker,ridge_route,-25.90,-13.72,23.44,1592.8,-6.8957993,107.6024583,0.8,1.00,+8.7,202,clear
1780230067.101,hiker,ridge_route,-25.51,-13.54,23.36,1590.5,-6.8957058,107.6025988,3.9,1.00,+8.8,186,clear
1780230067.603,hiker,ridge_route,-25.13,-13.35,23.28,1588.1,-6.8956921,107.6026912,1.9,1.00,+8.8,214,clear
1780230068.101,hiker,ridge_route,-24.74,-13.17,23.20,1585.7,-6.8956245,107.6028238,0.3,1.00,+8.8,183,clear
1780230068.602,hiker,ridge_route,-24.36,-12.99,23.11,1583.3,-6.8955475,107.6029346,2.3,1.00,+8.9,118,clear
1780230069.101,hiker,ridge_route,-23.98,-12.81,23.03,1580.9,-6.8955212,107.6030829,2.3,1.00,+8.9,118,clear
1780230069.602,hiker,ridge_route,-23.59,-12.63,22.94,1578.5,-6.8954293,107.6031902,2.4,1.00,+8.9,140,clear
1780230070.101,hiker,ridge_route,-23.21,-12.45,22.86,1576.1,-6.8953560,107.6033155,4.3,1.00,+9.0,193,clear
1780230070.602,hiker,ridge_route,-22.82,-12.27,22.78,1573.7,-6.8953308,107.6034227,1.3,1.00,+9.0,146,clear
1780230071.101,hiker,ridge_route,-22.44,-12.09,22.70,1571.3,-6.8952946,107.6035676,2.1,1.00,+9.0,126,clear
1780230071.602,hiker,ridge_route,-22.05,-11.91,22.61,1569.0,-6.8952276,107.6036950,2.1,1.00,+9.1,73,clear
1780230072.102,hiker,ridge_route,-21.67,-11.73,22.53,1566.7,-6.8951498,107.6037834,2.5,1.00,+9.1,85,clear
1780230072.603,hiker,ridge_route,-21.28,-11.54,22.45,1564.4,-6.8950934,107.6039473,3.5,1.00,+9.1,147,clear
1780230073.101,hiker,ridge_route,-20.90,-11.36,22.38,1562.2,-6.8950351,107.6040227,2.9,1.00,+9.2,140,clear
1780230073.603,hiker,ridge_route,-20.51,-11.18,22.30,1560.0,-6.8949621,107.6041434,4.4,1.00,+9.2,81,clear
1780230074.101,hiker,ridge_route,-20.13,-11.00,22.23,1557.9,-6.8949334,107.6043097,2.8,1.00,+9.2,148,clear
1780230074.602,hiker,ridge_route,-19.74,-10.82,22.16,1555.9,-6.8948525,107.6044249,3.8,1.00,+9.2,124,clear
1780230075.102,hiker,ridge_route,-19.36,-10.64,22.09,1553.9,-6.8948404,107.6045139,2.3,1.00,+9.3,110,clear
1780230075.602,hiker,ridge_route,-18.97,-10.46,22.02,1552.0,-6.8947627,107.6046669,1.9,1.00,+9.3,187,clear
1780230076.101,hiker,ridge_route,-18.59,-10.28,21.96,1550.2,-6.8946854,107.6047774,3.0,1.00,+9.3,106,clear
1780230076.603,hiker,ridge_route,-18.21,-10.10,21.90,1548.5,-6.8946596,107.6048871,1.0,1.00,+9.4,163,clear
1780230077.102,hiker,ridge_route,-17.81,-9.94,21.83,1546.6,-6.8946076,107.6050084,1.2,1.00,+9.4,98,clear
1780230077.603,hiker,ridge_route,-17.40,-9.82,21.76,1544.5,-6.8945853,107.6051175,3.9,1.00,+9.4,86,clear
1780230078.101,hiker,ridge_route,-17.00,-9.70,21.69,1542.5,-6.8945376,107.6052848,1.3,1.00,+9.5,175,clear
1780230078.603,hiker,ridge_route,-16.59,-9.58,21.62,1540.5,-6.8944748,107.6053951,2.2,1.00,+9.5,122,clear
1780230079.101,hiker,ridge_route,-16.18,-9.46,21.56,1538.7,-6.8944803,107.6055511,3.6,1.00,+9.5,179,clear
1780230079.602,hiker,ridge_route,-15.78,-9.33,21.50,1537.0,-6.8943993,107.6056744,2.1,1.00,+9.6,98,clear
1780230080.101,hiker,ridge_route,-15.37,-9.21,21.44,1535.3,-6.8943824,107.6057712,2.4,1.00,+9.6,134,clear
1780230080.602,hiker,ridge_route,-14.96,-9.09,21.39,1533.8,-6.8943390,107.6059107,1.2,1.00,+9.6,176,clear
1780230081.101,hiker,ridge_route,-14.56,-8.97,21.34,1532.5,-6.8943141,107.6060483,1.7,1.00,+9.7,147,clear
1780230081.601,hiker,ridge_route,-14.15,-8.84,21.30,1531.2,-6.8942603,107.6061799,0.1,1.00,+9.7,96,clear
1780230082.101,hiker,ridge_route,-13.74,-8.72,21.26,1530.1,-6.8942165,107.6063321,2.7,1.00,+9.7,88,clear
1780230082.601,hiker,ridge_route,-13.33,-8.60,21.22,1529.0,-6.8941890,107.6064327,0.7,1.00,+9.8,189,clear
1780230083.101,hiker,ridge_route,-12.93,-8.48,21.19,1528.1,-6.8941164,107.6065943,4.5,1.00,+9.8,120,clear
1780230083.601,hiker,ridge_route,-12.52,-8.36,21.16,1527.4,-6.8940633,107.6066967,4.9,1.00,+9.8,107,clear
1780230084.101,hiker,ridge_route,-12.11,-8.23,21.14,1526.7,-6.8940877,107.6068160,2.3,1.00,+9.9,195,clear
1780230084.601,hiker,ridge_route,-11.71,-8.11,21.12,1526.2,-6.8940231,107.6069667,1.8,1.00,+9.9,105,clear
1780230085.101,hiker,ridge_route,-11.30,-7.99,21.11,1525.8,-6.8939641,107.6071026,3.9,1.00,+9.9,127,clear
1780230085.602,hiker,ridge_route,-10.89,-7.87,21.10,1525.5,-6.8939643,107.6071995,1.7,1.00,+10.0,200,clear
1780230086.101,hiker,ridge_route,-10.48,-7.75,21.09,1525.4,-6.8939082,107.6073387,0.8,1.00,+10.0,158,clear
1780230086.601,hiker,ridge_route,-10.08,-7.62,21.09,1525.4,-6.8938572,107.6074667,2.2,1.00,+10.0,69,clear
1780230087.103,hiker,ridge_route,-9.67,-7.50,21.10,1525.5,-6.8938684,107.6075970,3.3,1.00,+10.1,84,clear
1780230087.601,hiker,ridge_route,-9.26,-7.38,21.11,1525.8,-6.8938201,107.6077122,2.7,1.00,+10.1,188,clear
1780230088.101,hiker,ridge_route,-8.86,-7.26,21.12,1526.2,-6.8937427,107.6078591,2.2,1.00,+10.1,170,clear
1780230088.601,hiker,ridge_route,-8.45,-7.13,21.14,1526.7,-6.8936905,107.6079741,3.8,1.00,+10.2,98,clear
1780230089.101,hiker,ridge_route,-8.04,-7.01,21.16,1527.3,-6.8936894,107.6080931,2.3,1.00,+10.2,164,clear
1780230089.601,hiker,ridge_route,-7.64,-6.89,21.19,1528.1,-6.8936434,107.6082707,3.2,1.00,+10.2,152,clear
1780230090.101,hiker,ridge_route,-7.23,-6.77,21.22,1528.9,-6.8936133,107.6083353,4.0,1.00,+10.3,110,clear
1780230090.601,hiker,ridge_route,-6.82,-6.65,21.25,1529.9,-6.8935579,107.6084837,2.2,1.00,+10.3,152,clear
1780230091.101,hiker,ridge_route,-6.41,-6.52,21.29,1531.1,-6.8935516,107.6086140,2.8,1.00,+10.3,127,clear
1780230091.601,hiker,ridge_route,-6.01,-6.40,21.33,1532.3,-6.8934741,107.6087438,2.6,1.00,+10.4,183,clear
1780230092.101,hiker,ridge_route,-5.60,-6.28,21.38,1533.6,-6.8934094,107.6089142,5.9,1.00,+10.4,150,clear
1780230092.601,hiker,ridge_route,-5.19,-6.16,21.43,1535.1,-6.8934127,107.6090097,0.7,1.00,+10.4,105,clear
1780230093.101,hiker,ridge_route,-4.79,-6.04,21.49,1536.7,-6.8933671,107.6091572,1.8,1.00,+10.5,176,clear
1780230093.601,hiker,ridge_route,-4.38,-5.91,21.55,1538.3,-6.8933352,107.6092744,0.5,1.00,+10.5,79,clear
1780230094.101,hiker,ridge_route,-3.97,-5.79,21.61,1540.1,-6.8933352,107.6093915,4.0,1.00,+10.5,112,clear
1780230094.601,hiker,ridge_route,-3.56,-5.67,21.67,1542.0,-6.8932833,107.6095139,3.0,1.00,+10.6,147,clear
1780230095.102,hiker,ridge_route,-3.16,-5.55,21.74,1544.0,-6.8932396,107.6096785,2.7,1.00,+10.6,144,clear
1780230095.601,hiker,ridge_route,-2.75,-5.43,21.81,1546.1,-6.8931718,107.6097652,3.0,1.00,+10.6,105,clear
1780230096.101,hiker,ridge_route,-2.34,-5.30,21.89,1548.2,-6.8931511,107.6099492,3.5,1.00,+10.7,147,clear
1780230096.601,hiker,ridge_route,-1.94,-5.18,21.97,1550.5,-6.8930729,107.6100722,4.9,1.00,+10.7,110,clear
1780230097.101,hiker,ridge_route,-1.53,-5.06,22.05,1552.8,-6.8930433,107.6101855,3.2,1.00,+10.7,129,clear
1780230097.601,hiker,ridge_route,-1.12,-4.94,22.13,1555.2,-6.8930098,107.6103066,2.5,1.00,+10.8,191,clear
1780230098.101,hiker,ridge_route,-0.71,-4.81,22.22,1557.7,-6.8930197,107.6104226,3.2,1.00,+10.8,138,clear
1780230098.601,hiker,ridge_route,-0.31,-4.69,22.31,1560.2,-6.8929614,107.6105707,1.1,1.00,+10.8,199,clear
1780230099.102,hiker,ridge_route,0.10,-4.57,22.40,1562.9,-6.8929402,107.6107036,2.9,1.00,+10.9,101,clear
1780230099.601,hiker,ridge_route,0.51,-4.45,22.49,1565.5,-6.8928952,107.6108042,2.6,1.00,+10.9,170,clear
1780230100.102,hiker,ridge_route,0.91,-4.33,22.59,1568.3,-6.8928346,107.6109767,3.1,1.00,+10.9,199,clear
1780230100.601,hiker,ridge_route,1.32,-4.20,22.69,1571.1,-6.8928322,107.6110838,3.4,1.00,+11.0,147,clear
1780230101.103,hiker,ridge_route,1.73,-4.08,22.78,1573.9,-6.8927779,107.6112133,1.8,1.00,+11.0,80,clear
1780230101.602,hiker,ridge_route,2.12,-3.92,22.91,1577.4,-6.8927143,107.6113094,2.4,1.00,+11.0,120,clear
1780230102.102,hiker,ridge_route,2.47,-3.69,23.08,1582.4,-6.8926527,107.6114448,1.3,1.00,+11.1,91,clear
1780230102.601,hiker,ridge_route,2.83,-3.46,23.25,1587.4,-6.8926097,107.6115566,4.7,1.00,+11.1,91,clear
1780230103.101,hiker,ridge_route,3.19,-3.23,23.43,1592.4,-6.8924923,107.6116767,0.9,1.00,+11.1,125,clear
1780230103.602,hiker,ridge_route,3.54,-3.00,23.61,1597.6,-6.8924418,107.6117719,2.5,1.00,+11.2,188,clear
1780230104.101,hiker,ridge_route,3.90,-2.77,23.79,1602.8,-6.8923411,107.6118773,2.2,1.00,+11.2,86,clear
1780230104.601,hiker,ridge_route,4.26,-2.53,23.98,1608.2,-6.8922766,107.6120073,0.1,1.00,+11.2,166,clear
1780230105.102,hiker,ridge_route,4.61,-2.30,24.16,1613.5,-6.8922248,107.6121325,2.7,1.00,+11.2,102,clear
1780230105.601,hiker,ridge_route,4.97,-2.07,24.35,1619.0,-6.8921700,107.6122476,4.6,1.00,+11.3,119,clear
1780230106.101,hiker,ridge_route,5.33,-1.84,24.55,1624.5,-6.8921091,107.6123533,5.7,1.00,+11.3,111,clear
1780230106.601,hiker,ridge_route,5.68,-1.61,24.74,1630.0,-6.8920199,107.6124157,6.2,1.00,+11.3,175,clear
1780230107.102,hiker,ridge_route,6.04,-1.38,24.93,1635.6,-6.8919264,107.6125726,1.6,1.00,+11.4,99,clear
1780230107.601,hiker,ridge_route,6.39,-1.14,25.13,1641.2,-6.8918504,107.6126503,4.0,1.00,+11.4,184,clear
1780230108.101,hiker,ridge_route,6.75,-0.91,25.33,1646.9,-6.8917602,107.6128000,0.8,1.00,+11.4,82,clear
1780230108.601,hiker,ridge_route,7.11,-0.68,25.53,1652.6,-6.8917109,107.6128888,3.1,1.00,+11.5,98,clear
1780230109.101,hiker,ridge_route,7.46,-0.45,25.73,1658.4,-6.8916339,107.6130360,2.0,1.00,+11.5,178,clear
1780230109.601,hiker,ridge_route,7.82,-0.22,25.93,1664.1,-6.8915544,107.6131952,6.5,1.00,+11.5,82,clear
1780230110.102,hiker,ridge_route,8.18,0.01,26.13,1669.9,-6.8914733,107.6132842,3.9,1.00,+11.6,77,clear
1780230110.601,hiker,ridge_route,8.53,0.25,26.33,1675.7,-6.8913889,107.6133436,2.6,1.00,+11.6,150,clear
1780230111.101,hiker,ridge_route,8.89,0.48,26.53,1681.5,-6.8913455,107.6134900,2.4,1.00,+11.6,102,clear
1780230111.601,hiker,ridge_route,9.24,0.71,26.74,1687.3,-6.8912276,107.6135807,3.4,1.00,+11.7,164,clear
1780230112.101,hiker,ridge_route,9.60,0.94,26.94,1693.2,-6.8911761,107.6137513,5.7,1.00,+11.7,178,clear
1780230112.601,hiker,ridge_route,9.96,1.17,27.14,1699.0,-6.8911504,107.6138677,7.4,1.00,+11.7,190,clear
1780230113.101,hiker,ridge_route,10.31,1.40,27.35,1704.8,-6.8910561,107.6139360,2.2,1.01,+11.8,150,clear
1780230113.601,hiker,ridge_route,10.67,1.64,27.55,1710.6,-6.8909484,107.6140486,2.2,1.02,+11.8,124,clear
1780230114.101,hiker,ridge_route,11.03,1.87,27.75,1716.4,-6.8908895,107.6142102,6.4,1.03,+11.8,112,clear
1780230114.601,hiker,ridge_route,11.38,2.10,27.95,1722.2,-6.8908202,107.6142665,0.2,1.05,+11.9,197,clear
1780230115.101,hiker,ridge_route,11.74,2.33,28.15,1728.0,-6.8907193,107.6143949,3.7,1.06,+11.9,174,clear
1780230115.601,hiker,ridge_route,12.10,2.56,28.35,1733.8,-6.8906655,107.6144711,2.4,1.07,+11.9,188,clear
1780230116.101,hiker,ridge_route,12.45,2.79,28.55,1739.5,-6.8907179,107.6145336,15.1,1.08,+12.0,170,clear
1780230116.601,hiker,ridge_route,12.81,3.03,28.75,1745.2,-6.8905188,107.6146702,5.2,1.09,+12.0,131,clear
1780230117.101,hiker,ridge_route,13.16,3.26,28.95,1750.9,-6.8903945,107.6148009,7.5,1.10,+12.0,132,clear
1780230117.601,hiker,ridge_route,13.52,3.49,29.15,1756.5,-6.8903824,107.6149066,3.9,1.11,+12.1,125,clear
1780230118.102,hiker,ridge_route,13.88,3.72,29.34,1762.2,-6.8902932,107.6150635,2.1,1.12,+12.1,86,clear
1780230118.601,hiker,ridge_route,14.23,3.95,29.54,1767.7,-6.8902534,107.6151827,2.4,1.13,+12.1,168,clear
1780230119.101,hiker,ridge_route,14.59,4.18,29.73,1773.3,-6.8902255,107.6153011,7.1,1.14,+12.2,129,clear
1780230119.601,hiker,ridge_route,14.95,4.41,29.92,1778.8,-6.8901423,107.6154161,6.1,1.15,+12.2,90,clear
1780230120.101,hiker,ridge_route,15.30,4.65,30.11,1784.3,-6.8899814,107.6155268,4.8,1.16,+12.2,167,clear
1780230120.601,hiker,ridge_route,15.66,4.88,30.30,1789.7,-6.8899380,107.6156383,2.3,1.17,+12.3,157,clear
1780230121.102,hiker,ridge_route,16.02,5.11,30.49,1795.1,-6.8897898,107.6157425,9.4,1.18,+12.3,189,clear
1780230121.601,hiker,ridge_route,16.37,5.34,30.68,1800.4,-6.8897247,107.6158691,8.9,1.19,+12.3,104,clear
1780230122.101,hiker,ridge_route,16.73,5.57,30.86,1805.7,-6.8896808,107.6159825,5.9,1.20,+12.4,102,clear
1780230122.601,hiker,ridge_route,17.08,5.80,31.04,1810.9,-6.8896155,107.6161480,9.6,1.21,+12.4,160,clear
1780230123.101,hiker,ridge_route,17.44,6.04,31.22,1816.1,-6.8896074,107.6162095,4.0,1.21,+12.4,101,clear
1780230123.601,hiker,ridge_route,17.80,6.27,31.40,1821.2,-6.8895285,107.6163312,4.4,1.22,+12.5,181,clear
1780230124.101,hiker,ridge_route,18.15,6.50,31.58,1826.3,-6.8894270,107.6164530,5.0,1.23,+12.5,113,clear
1780230124.601,hiker,ridge_route,18.51,6.73,31.75,1831.4,-6.8892568,107.6165192,11.9,1.24,+12.5,119,clear
1780230125.101,hiker,ridge_route,18.87,6.96,31.93,1836.3,-6.8892548,107.6165620,9.0,1.25,+12.6,185,clear
1780230125.602,hiker,ridge_route,19.22,7.19,32.10,1841.3,-6.8893194,107.6168020,12.8,1.25,+12.6,172,clear
1780230126.101,hiker,ridge_route,19.58,7.43,32.27,1846.2,-6.8891437,107.6169078,5.2,1.26,+12.6,101,clear
1780230126.601,hiker,ridge_route,19.94,7.66,32.44,1851.0,-6.8891105,107.6170473,9.2,1.27,+12.7,161,clear
1780230127.101,hiker,ridge_route,20.29,7.89,32.61,1855.8,-6.8888882,107.6170042,15.4,1.27,+12.7,60,clear
1780230127.602,hiker,ridge_route,20.65,8.12,32.77,1860.5,-6.8890317,107.6171624,12.4,1.28,+12.7,158,clear
1780230128.101,hiker,ridge_route,21.00,8.35,32.93,1865.2,-6.8888682,107.6173648,6.1,1.29,+12.8,184,clear
1780230128.602,hiker,ridge_route,21.36,8.58,33.10,1869.8,-6.8885964,107.6174059,20.6,1.29,+12.8,110,clear
1780230129.101,hiker,ridge_route,21.72,8.82,33.25,1874.4,-6.8887270,107.6175593,3.2,1.29,+12.8,137,clear
1780230129.602,hiker,ridge_route,22.06,9.07,33.43,1879.5,-6.8886182,107.6175882,6.5,1.30,+12.9,200,clear
1780230130.101,hiker,ridge_route,22.34,9.38,33.69,1886.8,-6.8884582,107.6178131,11.8,1.30,+12.9,194,clear
1780230130.602,hiker,ridge_route,22.63,9.70,33.94,1894.1,-6.8883414,107.6178830,11.8,1.31,+12.9,98,clear
1780230131.101,hiker,ridge_route,22.91,10.02,34.19,1901.3,-6.8882875,107.6178859,5.8,1.32,+13.0,141,clear
1780230131.602,hiker,ridge_route,23.19,10.33,34.45,1908.6,-6.8882107,107.6179918,2.7,1.32,+13.0,113,clear
1780230132.101,hiker,ridge_route,23.48,10.65,34.70,1915.8,-6.8882036,107.6180411,9.9,1.32,+13.0,80,clear
1780230132.602,hiker,ridge_route,23.76,10.97,34.95,1923.1,-6.8881221,107.6181291,11.7,1.33,+13.1,181,clear
1780230133.101,hiker,ridge_route,24.04,11.28,35.20,1930.3,-6.8879572,107.6182723,2.7,1.33,+13.1,107,clear
1780230133.603,hiker,ridge_route,24.33,11.60,35.45,1937.5,-6.8878860,107.6182758,11.4,1.33,+13.1,201,clear
1780230134.102,hiker,ridge_route,24.61,11.92,35.70,1944.7,-6.8877301,107.6184254,3.1,1.33,+13.2,104,clear
1780230134.603,hiker,ridge_route,24.89,12.23,35.95,1951.9,-6.8876787,107.6185480,5.0,1.33,+13.2,211,clear
1780230135.102,hiker,ridge_route,25.18,12.55,36.20,1959.1,-6.8875446,107.6186928,6.7,1.33,+13.2,86,clear
1780230135.603,hiker,ridge_route,25.46,12.87,36.46,1966.3,-6.8874488,107.6186821,4.8,1.33,+13.2,87,clear
1780230136.101,hiker,ridge_route,25.74,13.18,36.70,1973.4,-6.8873556,107.6187275,9.7,1.32,+13.3,101,clear
1780230136.602,hiker,ridge_route,26.03,13.50,36.96,1980.6,-6.8872329,107.6188385,7.1,1.32,+13.3,117,clear
1780230137.102,hiker,ridge_route,26.31,13.82,37.20,1987.8,-6.8871774,107.6190923,12.0,1.31,+13.3,174,clear
1780230137.602,hiker,ridge_route,26.59,14.13,37.46,1995.0,-6.8870341,107.6189903,10.1,1.31,+13.4,148,clear
1780230138.101,hiker,ridge_route,26.88,14.45,37.70,2002.1,-6.8869401,107.6191362,3.9,1.30,+13.4,160,clear
1780230138.604,hiker,ridge_route,27.16,14.77,37.96,2009.3,-6.8869706,107.6193012,15.5,1.30,+13.4,126,clear
1780230139.102,hiker,ridge_route,27.44,15.08,38.20,2016.5,-6.8867702,107.6192530,11.4,1.29,+13.5,66,clear
1780230139.603,hiker,ridge_route,27.73,15.40,38.46,2023.7,-6.8866020,107.6195470,12.4,1.28,+13.5,101,clear
1780230140.102,hiker,ridge_route,28.01,15.72,38.71,2030.8,-6.8864957,107.6194993,5.9,1.28,+13.5,189,clear
1780230140.602,hiker,ridge_route,28.29,16.03,38.96,2038.0,-6.8864114,107.6196424,3.9,1.27,+13.6,173,clear
1780230141.101,hiker,ridge_route,28.58,16.35,39.21,2045.2,-6.8864178,107.6197439,9.5,1.26,+13.6,137,clear
1780230141.603,hiker,ridge_route,28.86,16.67,39.46,2052.4,-6.8861093,107.6198904,17.6,1.25,+13.6,190,clear
1780230142.101,hiker,ridge_route,29.14,16.98,39.71,2059.6,-6.8861201,107.6198680,3.3,1.24,+13.7,188,clear
1780230142.602,hiker,ridge_route,29.43,17.30,39.96,2066.9,-6.8860027,107.6200002,4.8,1.24,+13.7,81,clear
1780230143.101,hiker,ridge_route,29.71,17.62,40.21,2074.1,-6.8859653,107.6200215,5.9,1.23,+13.7,176,clear
1780230143.603,hiker,ridge_route,29.99,17.93,40.47,2081.4,-6.8859112,107.6201458,7.9,1.22,+13.8,174,clear
1780230144.101,hiker,ridge_route,30.28,18.25,40.72,2088.6,-6.8857450,107.6203114,7.0,1.21,+13.8,88,clear
1780230144.601,hiker,ridge_route,30.56,18.57,40.97,2095.9,-6.8856353,107.6202806,6.4,1.20,+13.8,142,clear
1780230145.106,hiker,ridge_route,30.84,18.88,41.23,2103.2,-6.8854979,107.6203634,8.7,1.19,+13.9,88,clear
1780230145.601,hiker,ridge_route,31.13,19.20,41.48,2110.5,-6.8854443,107.6204906,3.0,1.18,+13.9,118,clear
1780230146.101,hiker,ridge_route,31.41,19.52,41.73,2117.8,-6.8852613,107.6206201,9.3,1.17,+13.9,82,clear
1780230146.601,hiker,ridge_route,31.69,19.83,41.99,2125.1,-6.8851722,107.6207218,8.5,1.16,+14.0,175,clear
1780230147.101,hiker,ridge_route,31.98,20.15,42.25,2132.5,-6.8851151,107.6207769,3.5,1.15,+14.0,127,clear
1780230147.601,hiker,ridge_route,32.26,20.47,42.51,2139.9,-6.8849773,107.6209139,8.6,1.14,+14.0,54,clear
1780230148.101,hiker,ridge_route,32.54,20.78,42.76,2147.3,-6.8849258,107.6210878,13.6,1.13,+14.1,144,clear
1780230148.601,hiker,ridge_route,32.83,21.10,43.02,2154.8,-6.8848322,107.6210708,2.2,1.12,+14.1,126,clear
1780230149.101,hiker,ridge_route,33.11,21.42,43.28,2162.2,-6.8846741,107.6211185,8.6,1.11,+14.1,177,clear
1780230149.601,hiker,ridge_route,33.39,21.73,43.54,2169.7,-6.8847100,107.6211922,8.5,1.10,+14.2,136,clear
1780230150.101,hiker,ridge_route,33.68,22.05,43.81,2177.2,-6.8845704,107.6213364,2.9,1.08,+14.2,202,clear
1780230150.601,hiker,ridge_route,33.96,22.37,44.07,2184.8,-6.8844316,107.6213867,3.6,1.07,+14.2,106,clear
1780230151.101,hiker,ridge_route,34.24,22.68,44.33,2192.3,-6.8843690,107.6214741,4.1,1.06,+14.3,126,clear
1780230151.601,hiker,ridge_route,34.53,23.00,44.60,2199.9,-6.8842404,107.6215519,4.8,1.05,+14.3,145,clear
1780230152.101,hiker,ridge_route,34.81,23.32,44.86,2207.5,-6.8841313,107.6216517,4.1,1.04,+14.3,153,clear
1780230152.601,hiker,ridge_route,35.09,23.63,45.13,2215.2,-6.8840202,107.6218188,5.9,1.03,+14.4,137,clear
1780230153.101,hiker,ridge_route,35.38,23.95,45.39,2222.8,-6.8839381,107.6218903,3.2,1.02,+14.4,176,clear
1780230153.601,hiker,ridge_route,35.66,24.27,45.66,2230.5,-6.8838630,107.6219366,2.4,1.01,+14.4,75,clear
1780230154.101,hiker,ridge_route,35.94,24.58,45.93,2238.2,-6.8837682,107.6220407,2.0,1.00,+14.5,191,clear
1780230154.601,hiker,ridge_route,36.23,24.90,46.20,2246.0,-6.8836043,107.6221474,5.4,1.00,+14.5,161,clear
1780230155.101,hiker,ridge_route,36.51,25.22,46.47,2253.8,-6.8834924,107.6222745,8.7,1.00,+14.5,111,clear
1780230155.601,hiker,ridge_route,36.79,25.53,46.74,2261.6,-6.8834589,107.6223276,1.9,1.00,+14.6,105,clear
1780230156.101,hiker,ridge_route,37.08,25.85,47.02,2269.4,-6.8833672,107.6223611,4.9,1.00,+14.6,192,clear
1780230156.601,hiker,ridge_route,37.36,26.17,47.29,2277.3,-6.8831823,107.6224810,7.9,1.00,+14.6,104,clear
1780230157.101,hiker,ridge_route,37.64,26.48,47.57,2285.2,-6.8831496,107.6225554,2.9,1.00,+14.7,155,clear
1780230157.601,hiker,ridge_route,37.93,26.80,47.85,2293.2,-6.8830351,107.6226593,2.4,1.00,+14.7,173,clear
1780230158.101,hiker,ridge_route,38.21,27.12,48.13,2301.3,-6.8829716,107.6227597,2.0,1.00,+14.7,121,clear
1780230158.601,hiker,ridge_route,38.49,27.43,48.41,2309.5,-6.8828406,107.6228621,2.0,1.00,+14.8,69,clear
1780230159.101,hiker,ridge_route,38.78,27.75,48.70,2317.8,-6.8827437,107.6229344,1.4,1.00,+14.8,167,clear
1780230159.601,hiker,ridge_route,39.06,28.07,49.00,2326.4,-6.8826121,107.6230126,5.1,1.00,+14.8,101,clear
1780230160.101,hiker,ridge_route,39.33,28.40,49.32,2335.5,-6.8825648,107.6231225,1.6,1.00,+14.9,181,clear
1780230160.602,hiker,ridge_route,39.60,28.72,49.65,2344.9,-6.8824237,107.6231978,2.8,1.00,+14.9,94,clear
1780230161.101,hiker,ridge_route,39.88,29.05,49.99,2354.7,-6.8823225,107.6232753,3.0,1.00,+14.9,110,clear
1780230161.602,hiker,ridge_route,40.15,29.38,50.35,2365.0,-6.8822194,107.6233636,3.0,1.00,+15.0,144,clear
1780230162.101,hiker,ridge_route,40.42,29.70,50.72,2375.8,-6.8821244,107.6234331,3.6,1.00,+15.0,110,clear
1780230162.602,hiker,ridge_route,40.69,30.03,51.12,2387.3,-6.8820170,107.6235562,2.6,1.00,+15.0,141,clear
1780230163.102,hiker,ridge_route,40.96,30.36,51.55,2399.4,-6.8819286,107.6236049,3.2,1.00,+15.1,141,clear
1780230163.601,hiker,ridge_route,41.24,30.68,52.00,2412.4,-6.8818387,107.6237470,3.1,1.00,+15.1,101,clear
1780230164.102,hiker,ridge_route,41.51,31.01,52.48,2426.1,-6.8817428,107.6238113,1.5,1.00,+15.1,49,clear
1780230164.602,hiker,ridge_route,41.78,31.34,52.99,2440.7,-6.8816377,107.6239327,4.7,1.00,+15.2,108,clear
1780230165.101,hiker,ridge_route,42.05,31.66,53.52,2456.1,-6.8815171,107.6239724,1.1,1.00,+15.2,69,clear
1780230165.603,hiker,ridge_route,42.32,31.99,54.08,2472.1,-6.8814212,107.6240361,3.1,1.00,+15.2,150,clear
1780230166.102,hiker,ridge_route,42.60,32.32,54.65,2488.6,-6.8813144,107.6241784,3.2,1.00,+15.3,117,clear
1780230166.603,hiker,ridge_route,42.87,32.64,55.24,2505.4,-6.8812372,107.6242290,2.4,1.00,+15.3,119,clear
1780230167.102,hiker,ridge_route,43.14,32.97,55.82,2522.1,-6.8811248,107.6243136,1.5,1.00,+15.3,64,clear
1780230167.602,hiker,ridge_route,43.41,33.30,56.40,2538.6,-6.8810067,107.6244188,1.3,1.01,+15.3,155,clear
1780230168.101,hiker,ridge_route,43.68,33.62,56.95,2554.4,-6.8808898,107.6244905,2.2,1.03,+15.4,84,clear
1780230168.603,hiker,ridge_route,43.96,33.95,57.47,2569.3,-6.8808071,107.6245701,1.2,1.05,+15.4,128,clear
1780230169.101,hiker,ridge_route,44.23,34.27,57.93,2582.7,-6.8807161,107.6246412,3.2,1.07,+15.4,148,clear
1780230169.604,hiker,ridge_route,44.50,34.60,58.34,2594.5,-6.8805868,107.6247795,3.3,1.10,+15.5,109,clear
1780230170.102,hiker,ridge_route,44.77,34.93,58.68,2604.2,-6.8804745,107.6248376,2.7,1.12,+15.5,159,clear
1780230170.603,hiker,ridge_route,45.05,35.25,58.95,2611.9,-6.8804144,107.6249248,2.1,1.14,+15.5,186,clear
1780230171.101,hiker,ridge_route,45.32,35.58,59.14,2617.4,-6.8802820,107.6250206,1.6,1.16,+15.6,184,clear
1780230171.603,hiker,ridge_route,45.59,35.91,59.25,2620.6,-6.8801949,107.6251409,4.8,1.18,+15.6,149,clear
1780230172.101,hiker,ridge_route,45.86,36.23,59.29,2621.7,-6.8800805,107.6251814,0.9,1.20,+15.6,123,clear
1780230172.604,hiker,ridge_route,46.13,36.56,59.26,2620.8,-6.8799828,107.6252629,0.9,1.22,+15.7,172,clear
1780230173.101,hiker,ridge_route,46.40,36.89,59.17,2618.2,-6.8799195,107.6253869,5.3,1.24,+15.7,145,clear
1780230173.602,hiker,ridge_route,46.68,37.21,59.03,2614.2,-6.8798194,107.6254406,4.4,1.27,+15.7,89,clear
1780230174.101,hiker,ridge_route,46.95,37.54,58.86,2609.2,-6.8796696,107.6255056,2.7,1.29,+15.8,127,clear
1780230174.603,hiker,ridge_route,47.22,37.87,58.66,2603.5,-6.8795685,107.6255932,2.5,1.31,+15.8,175,clear
1780230175.101,hiker,ridge_route,47.49,38.19,58.45,2597.5,-6.8794328,107.6257106,4.5,1.33,+15.8,167,clear
1780230175.605,hiker,ridge_route,47.77,38.52,58.24,2591.5,-6.8794044,107.6257527,5.5,1.35,+15.9,115,clear
1780230176.101,hiker,ridge_route,48.04,38.84,58.04,2585.8,-6.8792508,107.6259000,3.5,1.37,+15.9,137,clear
1780230176.601,hiker,ridge_route,48.31,39.17,57.86,2580.6,-6.8791698,107.6259679,1.1,1.39,+15.9,85,clear
1780230177.101,hiker,ridge_route,48.58,39.50,57.71,2576.2,-6.8790252,107.6260219,4.8,1.41,+16.0,136,clear
1780230177.601,hiker,ridge_route,48.85,39.82,57.58,2572.6,-6.8789577,107.6261231,1.0,1.44,+16.0,95,clear
1780230178.101,hiker,ridge_route,49.13,40.15,57.49,2569.9,-6.8788382,107.6262026,2.6,1.46,+16.0,116,clear
1780230178.601,hiker,ridge_route,49.40,40.48,57.42,2568.1,-6.8787433,107.6262496,6.1,1.48,+16.1,125,clear
1780230179.101,hiker,ridge_route,49.67,40.80,57.39,2567.2,-6.8786418,107.6263797,1.5,1.50,+16.1,181,clear
1780230179.601,hiker,ridge_route,49.94,41.13,57.39,2567.2,-6.8785565,107.6264769,0.9,1.52,+16.1,139,clear
1780230180.101,hiker,ridge_route,50.21,41.46,57.42,2568.1,-6.8784604,107.6265990,4.3,1.54,+16.2,98,clear
1780230180.601,hiker,ridge_route,50.49,41.78,57.48,2569.6,-6.8783235,107.6266118,4.6,1.56,+16.2,99,clear
1780230181.101,hiker,ridge_route,50.76,42.11,57.56,2571.9,-6.8782281,107.6267062,3.4,1.58,+16.2,163,clear
1780230181.601,hiker,ridge_route,51.03,42.44,57.66,2574.8,-6.8781434,107.6267532,7.5,1.60,+16.3,74,clear
1780230182.101,hiker,ridge_route,51.30,42.76,57.78,2578.2,-6.8780536,107.6269683,7.1,1.62,+16.3,126,clear
1780230182.601,hiker,ridge_route,51.57,43.09,57.92,2582.2,-6.8779110,107.6270003,2.5,1.65,+16.3,179,clear
1780230183.101,hiker,ridge_route,51.85,43.42,58.07,2586.6,-6.8778061,107.6270428,4.8,1.67,+16.4,149,clear
1780230183.601,hiker,ridge_route,52.12,43.74,58.24,2591.4,-6.8777162,107.6271558,1.6,1.69,+16.4,191,clear
1780230184.101,hiker,ridge_route,52.39,44.07,58.42,2596.7,-6.8776005,107.6272302,3.6,1.71,+16.4,192,clear
1780230184.601,hiker,ridge_route,52.66,44.40,58.62,2602.3,-6.8775226,107.6273317,0.7,1.73,+16.5,149,clear
1780230185.101,hiker,ridge_route,52.93,44.72,58.83,2608.3,-6.8774714,107.6274122,6.0,1.74,+16.5,122,clear
1780230185.601,hiker,ridge_route,53.21,45.05,59.05,2614.7,-6.8773456,107.6275328,4.1,1.76,+16.5,194,clear
1780230186.101,hiker,ridge_route,53.48,45.37,59.28,2621.4,-6.8771812,107.6275525,6.1,1.77,+16.6,147,clear
1780230186.601,hiker,ridge_route,53.75,45.70,59.53,2628.4,-6.8771231,107.6276580,3.0,1.76,+16.6,103,clear
1780230187.101,hiker,ridge_route,54.03,46.03,59.78,2635.8,-6.8769943,107.6278016,3.9,1.75,+16.6,112,clear
1780230187.602,hiker,ridge_route,54.33,46.33,60.05,2643.3,-6.8769221,107.6278525,1.6,1.73,+16.7,167,clear
1780230188.102,hiker,ridge_route,54.63,46.63,60.32,2651.3,-6.8768007,107.6279683,2.4,1.71,+16.7,133,clear
1780230188.601,hiker,ridge_route,54.93,46.93,60.61,2659.5,-6.8767354,107.6280560,1.1,1.69,+16.7,128,clear
1780230189.101,hiker,ridge_route,55.23,47.23,60.91,2668.2,-6.8766470,107.6281678,2.6,1.67,+16.8,120,clear
1780230189.602,hiker,ridge_route,55.53,47.53,61.23,2677.3,-6.8765254,107.6282281,2.3,1.65,+16.8,95,clear
1780230190.102,hiker,ridge_route,55.83,47.83,61.56,2686.7,-6.8764431,107.6283395,0.2,1.63,+16.8,104,clear
1780230190.602,hiker,ridge_route,56.13,48.13,61.91,2696.7,-6.8763121,107.6284037,5.3,1.61,+16.9,106,clear
1780230191.101,hiker,ridge_route,56.43,48.43,62.27,2707.1,-6.8762387,107.6285230,1.8,1.59,+16.9,116,clear
1780230191.602,hiker,ridge_route,56.73,48.73,62.65,2718.1,-6.8761830,107.6286320,2.8,1.57,+16.9,188,clear
1780230192.101,hiker,ridge_route,57.03,49.03,63.05,2729.6,-6.8760013,107.6287131,7.1,1.55,+17.0,195,clear
1780230192.602,hiker,ridge_route,57.33,49.33,63.48,2741.9,-6.8759533,107.6288229,1.9,1.53,+17.0,95,clear
1780230193.102,hiker,ridge_route,57.63,49.63,63.93,2754.9,-6.8758501,107.6289093,2.8,1.51,+17.0,151,clear
1780230193.603,hiker,ridge_route,57.93,49.93,64.41,2768.7,-6.8757828,107.6290040,0.4,1.48,+17.1,136,clear
1780230194.101,hiker,ridge_route,58.23,50.23,64.92,2783.2,-6.8756832,107.6291517,5.5,1.46,+17.1,170,clear
1780230194.602,hiker,ridge_route,58.53,50.53,65.46,2798.6,-6.8755923,107.6292142,1.8,1.44,+17.1,157,clear
1780230195.102,hiker,ridge_route,58.83,50.83,66.02,2814.8,-6.8755274,107.6293022,3.5,1.42,+17.2,173,clear
1780230195.602,hiker,ridge_route,59.14,51.14,66.61,2831.8,-6.8753869,107.6293626,3.3,1.40,+17.2,166,clear
1780230196.101,hiker,ridge_route,59.44,51.44,67.23,2849.4,-6.8752777,107.6295005,3.9,1.38,+17.2,96,clear
1780230196.603,hiker,ridge_route,59.74,51.74,67.86,2867.6,-6.8752083,107.6295819,0.7,1.36,+17.3,126,clear
1780230197.101,hiker,ridge_route,60.04,52.04,68.50,2885.8,-6.8751707,107.6297280,8.3,1.34,+17.3,177,clear
1780230197.602,hiker,ridge_route,60.34,52.34,69.14,2904.2,-6.8750361,107.6297652,1.3,1.32,+17.3,165,clear
1780230198.101,hiker,ridge_route,60.64,52.64,69.76,2922.2,-6.8749474,107.6298251,4.7,1.29,+17.3,152,clear
1780230198.602,hiker,ridge_route,60.94,52.94,70.37,2939.6,-6.8748470,107.6299666,1.5,1.27,+17.4,67,clear
1780230199.102,hiker,ridge_route,61.24,53.24,70.93,2955.8,-6.8747339,107.6300432,1.5,1.25,+17.4,142,clear
1780230199.604,hiker,ridge_route,61.54,53.54,71.45,2970.7,-6.8746686,107.6301255,3.6,1.23,+17.4,104,clear
1780230200.101,hiker,ridge_route,61.84,53.84,71.91,2983.7,-6.8745180,107.6302615,4.3,1.21,+17.5,125,clear
1780230200.602,hiker,ridge_route,62.14,54.14,72.29,2994.8,-6.8744876,107.6303269,3.6,1.19,+17.5,104,clear
1780230201.101,hiker,ridge_route,62.44,54.44,72.60,3003.6,-6.8744012,107.6304375,4.2,1.17,+17.5,186,clear
1780230201.603,hiker,ridge_route,62.74,54.74,72.82,3010.0,-6.8742623,107.6305288,0.7,1.15,+17.6,110,clear
1780230202.102,hiker,ridge_route,63.04,55.04,72.96,3013.9,-6.8741851,107.6306365,1.7,1.12,+17.6,203,clear
1780230202.604,hiker,ridge_route,63.34,55.34,73.02,3015.5,-6.8740598,107.6307176,2.2,1.10,+17.6,138,clear
1780230203.102,hiker,ridge_route,63.64,55.64,72.99,3014.9,-6.8740024,107.6308637,5.7,1.08,+17.7,214,clear
1780230203.603,hiker,ridge_route,63.94,55.94,72.90,3012.4,-6.8738650,107.6309679,6.9,1.06,+17.7,78,clear
1780230204.101,hiker,ridge_route,64.24,56.24,72.76,3008.1,-6.8737576,107.6310931,10.6,1.04,+17.7,97,clear
1780230204.603,hiker,ridge_route,64.54,56.54,72.56,3002.5,-6.8736689,107.6311153,4.0,1.04,+17.8,189,clear
1780230205.101,hiker,ridge_route,64.84,56.84,72.33,2996.0,-6.8736393,107.6311988,3.5,1.05,+17.8,94,clear
1780230205.604,hiker,ridge_route,65.15,57.15,72.08,2988.7,-6.8735005,107.6312853,1.5,1.08,+17.8,92,clear
1780230206.101,hiker,ridge_route,65.45,57.45,71.82,2981.2,-6.8734515,107.6314362,6.6,1.11,+17.9,84,clear
1780230206.603,hiker,ridge_route,65.75,57.75,71.56,2973.6,-6.8732649,107.6315035,7.0,1.13,+17.9,159,clear
1780230207.102,hiker,ridge_route,66.05,58.05,71.30,2966.3,-6.8732071,107.6315055,8.3,1.16,+17.9,89,clear
1780230207.603,hiker,ridge_route,66.35,58.35,71.06,2959.3,-6.8731014,107.6316313,5.9,1.19,+18.0,145,clear
1780230208.101,hiker,ridge_route,66.65,58.65,70.83,2952.9,-6.8729659,107.6317269,9.4,1.22,+18.0,110,clear
1780230208.604,hiker,ridge_route,66.95,58.95,70.63,2947.0,-6.8729140,107.6319131,6.6,1.25,+18.0,103,clear
1780230209.101,hiker,ridge_route,67.25,59.25,70.44,2941.8,-6.8728911,107.6319114,6.7,1.28,+18.1,123,clear
1780230209.601,hiker,ridge_route,67.55,59.55,70.28,2937.0,-6.8727745,107.6320123,4.8,1.30,+18.1,127,clear
1780230210.101,hiker,ridge_route,67.85,59.85,70.13,2932.8,-6.8726319,107.6321134,5.1,1.33,+18.1,138,clear
1780230210.601,hiker,ridge_route,68.15,60.15,70.00,2929.1,-6.8725867,107.6321481,10.7,1.36,+18.2,126,clear
1780230211.101,hiker,ridge_route,68.45,60.45,69.88,2925.7,-6.8723928,107.6322690,11.8,1.39,+18.2,163,clear
1780230211.601,hiker,ridge_route,68.75,60.75,69.77,2922.5,-6.8723932,107.6323604,8.2,1.42,+18.2,73,clear
1780230212.101,hiker,ridge_route,69.05,61.05,69.67,2919.5,-6.8722404,107.6325442,5.3,1.44,+18.3,131,clear
1780230212.601,hiker,ridge_route,69.35,61.35,69.57,2916.7,-6.8721835,107.6326267,0.8,1.47,+18.3,184,clear
1780230213.101,hiker,ridge_route,69.65,61.65,69.47,2913.8,-6.8719866,107.6326419,14.8,1.50,+18.3,71,clear
1780230213.601,hiker,ridge_route,69.95,61.95,69.37,2910.9,-6.8721262,107.6329199,18.2,1.53,+18.4,99,clear
1780230214.101,hiker,ridge_route,70.25,62.25,69.27,2908.0,-6.8719126,107.6329351,2.9,1.56,+18.4,123,clear
1780230214.601,hiker,ridge_route,70.55,62.55,69.16,2904.9,-6.8718064,107.6330060,0.7,1.58,+18.4,99,clear
1780230215.101,hiker,ridge_route,70.85,62.85,69.05,2901.7,-6.8717412,107.6330832,3.1,1.61,+18.5,87,clear
1780230215.601,hiker,ridge_route,71.16,63.15,68.93,2898.4,-6.8716052,107.6331428,6.4,1.64,+18.5,108,clear
1780230216.101,hiker,ridge_route,71.48,63.43,68.82,2895.0,-6.8714785,107.6333953,12.6,1.67,+18.5,117,clear
1780230216.601,hiker,ridge_route,71.79,63.72,68.69,2891.4,-6.8714656,107.6334562,6.8,1.70,+18.6,119,clear
1780230217.101,hiker,ridge_route,72.11,64.00,68.56,2887.6,-6.8714223,107.6334764,7.5,1.72,+18.6,97,clear
1780230217.601,hiker,ridge_route,72.43,64.28,68.42,2883.6,-6.8711693,107.6336524,12.6,1.75,+18.6,184,clear
1780230218.101,hiker,ridge_route,72.74,64.57,68.27,2879.4,-6.8711799,107.6336863,1.2,1.78,+18.7,120,clear
1780230218.601,hiker,ridge_route,73.06,64.85,68.12,2875.0,-6.8710617,107.6337915,3.2,1.80,+18.7,129,clear
1780230219.101,hiker,ridge_route,73.37,65.14,67.96,2870.4,-6.8710675,107.6339225,8.0,1.83,+18.7,79,clear
1780230219.601,hiker,ridge_route,73.69,65.42,67.79,2865.6,-6.8710723,107.6340472,18.8,1.86,+18.8,147,clear
1780230220.101,hiker,ridge_route,74.01,65.71,67.62,2860.7,-6.8709687,107.6341517,17.4,1.88,+18.8,98,clear
1780230220.601,hiker,ridge_route,74.32,65.99,67.44,2855.5,-6.8706589,107.6341619,9.1,1.91,+18.8,110,clear
1780230221.101,hiker,ridge_route,74.64,66.27,67.25,2850.1,-6.8706299,107.6342247,8.2,1.94,+18.9,181,clear
1780230221.601,hiker,ridge_route,74.95,66.56,67.06,2844.6,-6.8705800,107.6343283,8.2,1.96,+18.9,125,clear
1780230222.101,hiker,ridge_route,75.27,66.84,66.86,2838.9,-6.8704354,107.6345044,3.3,1.98,+18.9,181,clear
1780230222.601,hiker,ridge_route,75.59,67.13,66.66,2833.0,-6.8704526,107.6345920,8.7,2.01,+19.0,205,clear
1780230223.101,hiker,ridge_route,75.90,67.41,66.45,2827.0,-6.8701533,107.6347153,14.8,2.03,+19.0,155,clear
1780230223.602,hiker,ridge_route,76.22,67.70,66.23,2820.8,-6.8701533,107.6347924,4.8,2.05,+19.0,201,clear
1780230224.101,hiker,ridge_route,76.53,67.98,66.01,2814.4,-6.8702672,107.6348002,20.9,2.06,+19.1,128,clear
1780230224.602,hiker,ridge_route,76.85,68.26,65.78,2807.9,-6.8700601,107.6349874,4.9,2.07,+19.1,117,clear
1780230225.101,hiker,ridge_route,77.17,68.55,65.55,2801.2,-6.8700029,107.6351622,11.0,2.08,+19.1,148,clear
1780230225.602,hiker,ridge_route,77.48,68.83,65.31,2794.3,-6.8699043,107.6351768,7.7,2.07,+19.2,104,clear
1780230226.101,hiker,ridge_route,77.80,69.12,65.06,2787.3,-6.8696520,107.6353850,14.4,2.07,+19.2,114,clear
1780230226.602,hiker,ridge_route,78.11,69.40,64.81,2780.1,-6.8696621,107.6354784,8.8,2.05,+19.2,147,clear
1780230227.101,hiker,ridge_route,78.43,69.69,64.56,2772.9,-6.8695961,107.6355591,7.3,2.04,+19.3,180,clear
1780230227.602,hiker,ridge_route,78.75,69.97,64.30,2765.4,-6.8695346,107.6356649,9.5,2.02,+19.3,149,clear
1780230228.101,hiker,ridge_route,79.06,70.25,64.04,2757.9,-6.8693534,107.6356010,11.6,2.00,+19.3,102,clear
1780230228.602,hiker,ridge_route,79.38,70.54,63.77,2750.2,-6.8693681,107.6357730,7.9,1.97,+19.4,125,clear
1780230229.101,hiker,ridge_route,79.69,70.82,63.50,2742.4,-6.8692325,107.6358205,8.9,1.95,+19.4,187,clear
1780230229.603,hiker,ridge_route,80.01,71.11,63.22,2734.4,-6.8691564,107.6359225,9.2,1.92,+19.4,93,clear
1780230230.101,hiker,ridge_route,80.32,71.39,62.94,2726.4,-6.8689160,107.6360361,14.8,1.90,+19.4,123,clear
1780230230.602,hiker,ridge_route,80.64,71.68,62.65,2718.2,-6.8689505,107.6362252,3.0,1.87,+19.5,92,clear
1780230231.101,hiker,ridge_route,80.96,71.96,62.37,2709.9,-6.8689426,107.6364306,17.6,1.84,+19.5,132,clear
1780230231.602,hiker,ridge_route,81.27,72.25,62.07,2701.5,-6.8688636,107.6363672,11.5,1.82,+19.5,71,clear
1780230232.101,hiker,ridge_route,81.59,72.53,61.78,2693.0,-6.8685877,107.6365322,10.5,1.79,+19.6,135,clear
1780230232.603,hiker,ridge_route,81.91,72.81,61.48,2684.3,-6.8685148,107.6365953,8.0,1.76,+19.6,149,clear
1780230233.101,hiker,ridge_route,82.22,73.10,61.17,2675.7,-6.8684457,107.6367107,5.9,1.74,+19.6,179,clear
1780230233.602,hiker,ridge_route,82.54,73.38,60.87,2666.9,-6.8685212,107.6367925,12.6,1.71,+19.7,128,clear
1780230234.101,hiker,ridge_route,82.85,73.67,60.56,2658.0,-6.8682914,107.6367909,12.3,1.68,+19.7,103,clear
1780230234.602,hiker,ridge_route,83.17,73.95,60.24,2649.0,-6.8682585,107.6369765,4.1,1.65,+19.7,180,clear
1780230235.101,hiker,ridge_route,83.48,74.24,59.93,2640.0,-6.8681608,107.6371723,8.4,1.63,+19.8,58,clear
1780230235.603,hiker,ridge_route,83.80,74.52,59.61,2630.9,-6.8680933,107.6371396,8.2,1.60,+19.8,134,clear
1780230236.101,hiker,ridge_route,84.12,74.80,59.29,2621.7,-6.8679042,107.6373888,11.8,1.57,+19.8,84,clear
1780230236.603,hiker,ridge_route,84.43,75.09,58.97,2612.4,-6.8678715,107.6374645,7.2,1.54,+19.9,94,clear
1780230237.101,hiker,ridge_route,84.75,75.37,58.65,2603.1,-6.8676988,107.6376310,17.3,1.52,+19.9,83,clear
1780230237.603,hiker,ridge_route,85.06,75.66,58.32,2593.7,-6.8676611,107.6376306,4.9,1.49,+19.9,155,clear
1780230238.101,hiker,ridge_route,85.38,75.94,57.99,2584.3,-6.8676339,107.6378111,12.8,1.46,+20.0,70,clear
1780230238.604,hiker,ridge_route,85.70,76.23,57.66,2574.8,-6.8675234,107.6377798,2.5,1.43,+20.0,134,clear
1780230239.104,hiker,ridge_route,86.01,76.51,57.32,2565.2,-6.8674442,107.6378789,3.2,1.40,+20.0,114,clear
1780230239.602,hiker,ridge_route,86.33,76.79,56.99,2555.7,-6.8672792,107.6380194,6.6,1.38,+20.1,159,clear
1780230240.102,hiker,ridge_route,86.64,77.08,56.66,2546.1,-6.8671414,107.6381101,11.7,1.35,+20.1,122,clear
1780230240.602,hiker,ridge_route,86.96,77.36,56.32,2536.4,-6.8671096,107.6382269,6.0,1.32,+20.1,120,clear
1780230241.101,hiker,ridge_route,87.27,77.65,55.98,2526.7,-6.8670955,107.6381348,18.5,1.29,+20.2,117,clear
1780230241.601,hiker,ridge_route,87.59,77.93,55.65,2517.0,-6.8670408,107.6384248,7.5,1.26,+20.2,74,clear
1780230242.101,hiker,ridge_route,87.91,78.22,55.31,2507.3,-6.8669115,107.6385604,7.2,1.24,+20.2,157,clear
1780230242.601,hiker,ridge_route,88.22,78.50,54.97,2497.5,-6.8667715,107.6385850,3.5,1.21,+20.3,110,clear
1780230243.101,hiker,ridge_route,88.54,78.78,54.63,2487.8,-6.8667198,107.6387084,1.5,1.18,+20.3,91,clear
1780230243.601,hiker,ridge_route,88.85,79.07,54.28,2478.0,-6.8665812,107.6388496,7.0,1.15,+20.3,123,clear
1780230244.101,hiker,ridge_route,89.17,79.35,53.94,2468.2,-6.8665295,107.6388714,3.1,1.12,+20.4,188,clear
1780230244.601,hiker,ridge_route,89.49,79.64,53.60,2458.4,-6.8664650,107.6390195,3.4,1.10,+20.4,157,clear
1780230245.101,hiker,ridge_route,89.80,79.92,53.26,2448.6,-6.8663220,107.6391215,4.1,1.07,+20.4,132,clear
1780230245.601,hiker,ridge_route,90.12,80.21,52.92,2438.7,-6.8662545,107.6392074,1.2,1.04,+20.5,134,clear
1780230246.101,hiker,ridge_route,90.43,80.49,52.58,2428.9,-6.8662168,107.6392252,9.6,1.01,+20.5,100,clear
1780230246.601,hiker,ridge_route,90.75,80.77,52.24,2419.1,-6.8660995,107.6394235,3.1,1.00,+20.5,138,clear
1780230247.101,hiker,ridge_route,90.94,80.94,52.03,2413.4,-6.8660396,107.6394933,3.9,1.00,+20.6,93,clear
1780230247.601,hiker,ridge_route,90.62,80.66,52.37,2423.2,-6.8661415,107.6393543,2.4,1.00,+20.6,85,clear
1780230248.101,hiker,ridge_route,90.30,80.37,52.72,2433.0,-6.8661919,107.6392473,2.4,1.02,+20.6,143,clear
1780230248.601,hiker,ridge_route,89.99,80.09,53.06,2442.8,-6.8662742,107.6391448,3.2,1.05,+20.7,127,clear
1780230249.101,hiker,ridge_route,89.67,79.80,53.40,2452.6,-6.8664065,107.6390712,2.4,1.08,+20.7,171,clear
1780230249.601,hiker,ridge_route,89.36,79.52,53.74,2462.4,-6.8664287,107.6389551,5.5,1.11,+20.7,137,clear
1780230250.101,hiker,ridge_route,89.04,79.24,54.08,2472.2,-6.8665105,107.6388026,8.9,1.13,+20.8,102,clear
1780230250.601,hiker,ridge_route,88.72,78.95,54.42,2482.0,-6.8667027,107.6388234,8.8,1.16,+20.8,192,clear
1780230251.101,hiker,ridge_route,88.41,78.67,54.77,2491.8,-6.8667221,107.6386469,3.0,1.19,+20.8,103,clear
1780230251.601,hiker,ridge_route,88.09,78.38,55.11,2501.5,-6.8667616,107.6385492,8.3,1.22,+20.9,196,clear
1780230252.101,hiker,ridge_route,87.78,78.10,55.45,2511.3,-6.8668456,107.6384775,9.1,1.25,+20.9,196,clear
1780230252.601,hiker,ridge_route,87.46,77.81,55.78,2521.0,-6.8668920,107.6382813,16.1,1.28,+20.9,88,clear
1780230253.101,hiker,ridge_route,87.14,77.53,56.12,2530.7,-6.8671602,107.6382517,6.3,1.30,+21.0,94,clear
1780230253.604,hiker,ridge_route,86.83,77.25,56.46,2540.4,-6.8671718,107.6381553,2.4,1.33,+21.0,193,clear
1780230254.101,hiker,ridge_route,86.51,76.96,56.80,2550.0,-6.8672525,107.6380549,3.4,1.36,+21.0,163,clear
1780230254.601,hiker,ridge_route,86.20,76.68,57.13,2559.6,-6.8673269,107.6378926,8.8,1.39,+21.1,139,clear
1780230255.101,hiker,ridge_route,85.88,76.39,57.46,2569.2,-6.8674737,107.6378313,3.3,1.42,+21.1,99,clear
1780230255.602,hiker,ridge_route,85.56,76.11,57.80,2578.7,-6.8675800,107.6377651,3.3,1.44,+21.1,151,clear
1780230256.101,hiker,ridge_route,85.25,75.82,58.12,2588.2,-6.8676358,107.6377047,5.2,1.47,+21.2,184,clear
1780230256.602,hiker,ridge_route,84.93,75.54,58.45,2597.6,-6.8677149,107.6375743,2.5,1.50,+21.2,110,clear
1780230257.101,hiker,ridge_route,84.62,75.26,58.78,2607.0,-6.8678287,107.6373890,7.7,1.53,+21.2,96,clear
1780230257.602,hiker,ridge_route,84.30,74.97,59.10,2616.3,-6.8679151,107.6373866,3.3,1.55,+21.3,98,clear
1780230258.101,hiker,ridge_route,83.99,74.69,59.42,2625.5,-6.8679845,107.6372722,2.2,1.58,+21.3,171,clear
1780230258.602,hiker,ridge_route,83.67,74.40,59.74,2634.7,-6.8680899,107.6370997,6.4,1.61,+21.3,117,clear
1780230259.103,hiker,ridge_route,83.35,74.12,60.06,2643.8,-6.8682065,107.6370605,3.3,1.64,+21.4,165,clear
1780230259.603,hiker,ridge_route,83.04,73.83,60.38,2652.8,-6.8682668,107.6370382,8.9,1.67,+21.4,189,clear
1780230260.101,hiker,ridge_route,82.72,73.55,60.69,2661.7,-6.8684521,107.6367791,13.8,1.69,+21.4,197,clear
1780230260.602,hiker,ridge_route,82.41,73.26,60.99,2670.5,-6.8684609,107.6367951,4.5,1.72,+21.4,157,clear
1780230261.101,hiker,ridge_route,82.09,72.98,61.30,2679.3,-6.8685390,107.6366155,4.7,1.75,+21.5,142,clear
1780230261.602,hiker,ridge_route,81.77,72.70,61.60,2688.0,-6.8686852,107.6365607,6.9,1.78,+21.5,194,clear
1780230262.101,hiker,ridge_route,81.46,72.41,61.90,2696.5,-6.8687458,107.6364219,5.4,1.80,+21.5,96,clear
1780230262.603,hiker,ridge_route,81.14,72.13,62.19,2705.0,-6.8687784,107.6365103,17.2,1.83,+21.6,177,clear
1780230263.103,hiker,ridge_route,80.82,71.84,62.49,2713.4,-6.8689018,107.6362781,2.6,1.86,+21.6,138,clear
1780230263.602,hiker,ridge_route,80.51,71.56,62.77,2721.6,-6.8690386,107.6360518,13.3,1.88,+21.6,148,clear
1780230264.101,hiker,ridge_route,80.19,71.27,63.06,2729.7,-6.8690225,107.6359570,12.3,1.91,+21.7,103,clear
1780230264.603,hiker,ridge_route,79.88,70.99,63.34,2737.7,-6.8692510,107.6359900,10.8,1.93,+21.7,192,clear
1780230265.101,hiker,ridge_route,79.56,70.71,63.61,2745.6,-6.8691443,107.6358561,11.7,1.96,+21.7,145,clear
1780230265.604,hiker,ridge_route,79.25,70.42,63.88,2753.4,-6.8693187,107.6357306,3.7,1.98,+21.8,188,clear
1780230266.101,hiker,ridge_route,78.93,70.14,64.15,2761.0,-6.8692864,107.6356709,15.8,2.00,+21.8,127,clear
1780230266.602,hiker,ridge_route,78.61,69.85,64.41,2768.5,-6.8694488,107.6356459,12.5,2.03,+21.8,149,clear
1780230267.102,hiker,ridge_route,78.30,69.57,64.67,2775.9,-6.8695943,107.6354293,3.4,2.04,+21.9,174,clear
1780230267.603,hiker,ridge_route,77.98,69.28,64.92,2783.1,-6.8696841,107.6353205,4.2,2.06,+21.9,190,clear
1780230268.101,hiker,ridge_route,77.67,69.00,65.16,2790.2,-6.8698684,107.6351273,17.0,2.07,+21.9,143,clear
1780230268.602,hiker,ridge_route,77.35,68.72,65.41,2797.2,-6.8698178,107.6351463,6.5,2.08,+22.0,179,clear
1780230269.101,hiker,ridge_route,77.04,68.43,65.64,2803.9,-6.8700568,107.6351001,11.3,2.07,+22.0,160,clear
1780230269.602,hiker,ridge_route,76.72,68.15,65.87,2810.6,-6.8700211,107.6349687,3.9,2.07,+22.0,110,clear
1780230270.101,hiker,ridge_route,76.40,67.86,66.10,2817.0,-6.8702014,107.6348369,6.8,2.06,+22.1,69,clear
1780230270.603,hiker,ridge_route,76.09,67.58,66.32,2823.4,-6.8702638,107.6348955,15.7,2.04,+22.1,94,clear
1780230271.102,hiker,ridge_route,75.77,67.29,66.53,2829.5,-6.8701892,107.6346902,15.2,2.02,+22.1,133,clear
1780230271.603,hiker,ridge_route,75.46,67.01,66.74,2835.5,-6.8704305,107.6344199,15.2,2.00,+22.2,68,clear
1780230272.101,hiker,ridge_route,75.14,66.73,66.94,2841.3,-6.8705195,107.6344052,6.0,1.97,+22.2,138,clear
1780230272.602,hiker,ridge_route,74.82,66.44,67.14,2846.9,-6.8707116,107.6344313,15.8,1.95,+22.2,151,clear
1780230273.101,hiker,ridge_route,74.51,66.16,67.33,2852.4,-6.8706148,107.6343499,12.6,1.93,+22.3,175,clear
1780230273.603,hiker,ridge_route,74.19,65.87,67.51,2857.6,-6.8708278,107.6340893,9.9,1.90,+22.3,204,clear
1780230274.101,hiker,ridge_route,73.88,65.59,67.69,2862.7,-6.8707906,107.6340215,8.5,1.87,+22.3,99,clear
1780230274.601,hiker,ridge_route,73.56,65.30,67.86,2867.6,-6.8709984,107.6339706,5.9,1.85,+22.4,117,clear
1780230275.101,hiker,ridge_route,73.25,65.02,68.02,2872.3,-6.8711120,107.6338057,10.1,1.82,+22.4,107,clear
1780230275.601,hiker,ridge_route,72.93,64.74,68.18,2876.8,-6.8711831,107.6337114,8.0,1.79,+22.4,126,clear
1780230276.101,hiker,ridge_route,72.61,64.45,68.33,2881.1,-6.8712384,107.6335740,9.4,1.77,+22.5,113,clear
1780230276.601,hiker,ridge_route,72.30,64.17,68.48,2885.2,-6.8712951,107.6335978,4.7,1.74,+22.5,79,clear
1780230277.101,hiker,ridge_route,71.98,63.88,68.61,2889.2,-6.8714092,107.6334563,1.6,1.71,+22.5,85,clear
1780230277.601,hiker,ridge_route,71.67,63.60,68.74,2892.9,-6.8714861,107.6333190,4.1,1.68,+22.6,163,clear
1780230278.101,hiker,ridge_route,71.35,63.31,68.86,2896.4,-6.8716437,107.6331832,11.2,1.66,+22.6,79,clear
1780230278.601,hiker,ridge_route,71.03,63.03,68.98,2899.8,-6.8716335,107.6331119,5.9,1.63,+22.6,109,clear
1780230279.101,hiker,ridge_route,70.73,62.73,69.10,2903.1,-6.8716190,107.6330043,16.5,1.60,+22.7,94,clear
1780230279.601,hiker,ridge_route,70.43,62.43,69.21,2906.2,-6.8718154,107.6330388,9.1,1.57,+22.7,98,clear
1780230280.101,hiker,ridge_route,70.13,62.13,69.31,2909.2,-6.8718842,107.6328318,8.0,1.55,+22.7,148,clear
1780230280.601,hiker,ridge_route,69.83,61.83,69.41,2912.1,-6.8720611,107.6327385,4.6,1.52,+22.8,84,clear
1780230281.101,hiker,ridge_route,69.53,61.53,69.51,2915.0,-6.8720867,107.6326200,8.5,1.49,+22.8,111,clear
1780230281.601,hiker,ridge_route,69.23,61.23,69.61,2917.8,-6.8721843,107.6324963,11.0,1.46,+22.8,169,clear
1780230282.101,hiker,ridge_route,68.93,60.93,69.71,2920.7,-6.8723919,107.6324681,8.0,1.43,+22.9,107,clear
1780230282.601,hiker,ridge_route,68.63,60.63,69.82,2923.8,-6.8725169,107.6323714,11.3,1.41,+22.9,98,clear
1780230283.101,hiker,ridge_route,68.33,60.33,69.93,2927.0,-6.8724279,107.6322906,9.5,1.38,+22.9,164,clear
1780230283.601,hiker,ridge_route,68.03,60.03,70.05,2930.6,-6.8725800,107.6322159,3.3,1.35,+23.0,174,clear
1780230284.101,hiker,ridge_route,67.73,59.73,70.19,2934.5,-6.8726797,107.6321403,4.3,1.32,+23.0,130,clear
1780230284.601,hiker,ridge_route,67.43,59.43,70.35,2938.9,-6.8728617,107.6320045,7.4,1.29,+23.0,163,clear
1780230285.101,hiker,ridge_route,67.13,59.13,70.52,2943.9,-6.8728656,107.6319781,7.2,1.26,+23.1,160,clear
1780230285.601,hiker,ridge_route,66.82,58.82,70.71,2949.4,-6.8729598,107.6318553,4.5,1.24,+23.1,129,clear
1780230286.101,hiker,ridge_route,66.52,58.52,70.92,2955.5,-6.8731023,107.6318085,9.3,1.21,+23.1,176,clear
1780230286.601,hiker,ridge_route,66.22,58.22,71.16,2962.2,-6.8732080,107.6316213,4.0,1.18,+23.2,186,clear
1780230287.101,hiker,ridge_route,65.92,57.92,71.40,2969.3,-6.8732058,107.6315518,7.2,1.15,+23.2,114,clear
1780230287.601,hiker,ridge_route,65.62,57.62,71.66,2976.8,-6.8733759,107.6314043,4.5,1.12,+23.2,68,clear
1780230288.101,hiker,ridge_route,65.32,57.32,71.93,2984.3,-6.8735041,107.6312858,8.6,1.09,+23.3,100,clear
1780230288.601,hiker,ridge_route,65.02,57.02,72.19,2991.8,-6.8735872,107.6312387,4.2,1.07,+23.3,154,clear
1780230289.101,hiker,ridge_route,64.72,56.72,72.43,2998.8,-6.8736435,107.6312039,5.2,1.04,+23.3,118,clear
1780230289.601,hiker,ridge_route,64.42,56.42,72.65,3005.0,-6.8737534,107.6310085,6.0,1.04,+23.4,170,clear
1780230290.101,hiker,ridge_route,64.12,56.12,72.82,3010.1,-6.8738154,107.6309730,2.3,1.05,+23.4,157,clear
1780230290.601,hiker,ridge_route,63.82,55.82,72.95,3013.7,-6.8739643,107.6308633,3.9,1.07,+23.4,91,clear
1780230291.101,hiker,ridge_route,63.52,55.52,73.01,3015.4,-6.8740809,107.6308316,8.8,1.09,+23.4,116,clear
1780230291.601,hiker,ridge_route,63.22,55.22,73.00,3015.2,-6.8740576,107.6307076,7.4,1.11,+23.5,163,clear
1780230292.101,hiker,ridge_route,62.92,54.92,72.91,3012.6,-6.8741704,107.6305890,4.8,1.13,+23.5,84,clear
1780230292.601,hiker,ridge_route,62.62,54.62,72.74,3007.6,-6.8742827,107.6304883,2.8,1.15,+23.5,205,clear
1780230293.101,hiker,ridge_route,62.32,54.32,72.48,3000.2,-6.8743683,107.6303619,5.3,1.18,+23.6,103,clear
1780230293.601,hiker,ridge_route,62.02,54.02,72.14,2990.5,-6.8744671,107.6302961,3.3,1.20,+23.6,117,clear
1780230294.101,hiker,ridge_route,61.72,53.72,71.73,2978.6,-6.8746000,107.6301944,1.5,1.22,+23.6,178,clear
1780230294.601,hiker,ridge_route,61.42,53.42,71.25,2964.8,-6.8746548,107.6300495,7.5,1.24,+23.7,117,clear
1780230295.102,hiker,ridge_route,61.11,53.11,70.71,2949.3,-6.8747260,107.6299486,9.5,1.26,+23.7,133,clear
1780230295.601,hiker,ridge_route,60.81,52.81,70.12,2932.5,-6.8748858,107.6299119,1.5,1.28,+23.7,95,clear
1780230296.101,hiker,ridge_route,60.51,52.51,69.51,2914.9,-6.8749747,107.6298423,2.1,1.30,+23.8,186,clear
1780230296.601,hiker,ridge_route,60.21,52.21,68.87,2896.7,-6.8750959,107.6297112,4.1,1.32,+23.8,181,clear
1780230297.101,hiker,ridge_route,59.91,51.91,68.23,2878.3,-6.8751537,107.6296844,5.6,1.35,+23.8,123,clear
1780230297.601,hiker,ridge_route,59.61,51.61,67.60,2860.0,-6.8751954,107.6295933,8.8,1.37,+23.9,143,clear
1780230298.101,hiker,ridge_route,59.31,51.31,66.97,2842.1,-6.8753631,107.6294469,1.8,1.39,+23.9,147,clear
1780230298.601,hiker,ridge_route,59.01,51.01,66.37,2824.7,-6.8754361,107.6293536,0.8,1.41,+23.9,81,clear
1780230299.102,hiker,ridge_route,58.71,50.71,65.78,2808.0,-6.8754775,107.6292681,6.7,1.43,+24.0,200,clear
1780230299.601,hiker,ridge_route,58.41,50.41,65.23,2792.2,-6.8756649,107.6291507,3.9,1.45,+24.0,112,clear
1780230300.101,hiker,ridge_route,58.11,50.11,64.71,2777.1,-6.8757274,107.6290302,3.6,1.47,+24.0,176,clear
1780230300.601,hiker,ridge_route,57.81,49.81,64.21,2762.9,-6.8758461,107.6289578,3.1,1.49,+24.1,175,clear
1780230301.101,hiker,ridge_route,57.51,49.51,63.74,2749.4,-6.8759600,107.6288927,5.6,1.51,+24.1,185,clear
1780230301.601,hiker,ridge_route,57.21,49.21,63.30,2736.8,-6.8760155,107.6287972,2.3,1.54,+24.1,120,clear
1780230302.101,hiker,ridge_route,56.91,48.91,62.89,2724.8,-6.8760686,107.6286876,3.9,1.56,+24.2,191,clear
1780230302.601,hiker,ridge_route,56.61,48.61,62.49,2713.5,-6.8762094,107.6285443,4.9,1.58,+24.2,168,clear
1780230303.101,hiker,ridge_route,56.31,48.31,62.12,2702.8,-6.8762446,107.6285226,6.3,1.60,+24.2,145,clear
1780230303.601,hiker,ridge_route,56.01,48.01,61.76,2692.5,-6.8763919,107.6283780,2.2,1.62,+24.3,127,clear
1780230304.101,hiker,ridge_route,55.70,47.70,61.42,2682.8,-6.8764785,107.6282907,1.2,1.64,+24.3,154,clear
1780230304.601,hiker,ridge_route,55.40,47.40,61.10,2673.5,-6.8765945,107.6281655,5.0,1.66,+24.3,105,clear
1780230305.101,hiker,ridge_route,55.10,47.10,60.79,2664.6,-6.8766480,107.6281307,3.3,1.68,+24.4,91,clear
1780230305.601,hiker,ridge_route,54.80,46.80,60.49,2656.1,-6.8767246,107.6280733,7.7,1.70,+24.4,95,clear
1780230306.101,hiker,ridge_route,54.50,46.50,60.21,2648.0,-6.8768927,107.6279294,3.9,1.72,+24.4,128,clear
1780230306.601,hiker,ridge_route,54.20,46.20,59.94,2640.2,-6.8769308,107.6277975,4.0,1.74,+24.5,190,clear
1780230307.101,hiker,ridge_route,53.91,45.89,59.68,2632.7,-6.8770219,107.6277550,4.0,1.76,+24.5,90,clear
1780230307.601,hiker,ridge_route,53.64,45.57,59.42,2625.5,-6.8771814,107.6276926,5.9,1.77,+24.5,176,clear
1780230308.101,hiker,ridge_route,53.37,45.24,59.18,2618.6,-6.8772615,107.6275915,3.4,1.77,+24.6,84,clear
1780230308.601,hiker,ridge_route,53.10,44.91,58.96,2612.0,-6.8773567,107.6274921,1.9,1.75,+24.6,196,clear
1780230309.101,hiker,ridge_route,52.82,44.59,58.74,2605.8,-6.8774612,107.6273301,6.5,1.74,+24.6,146,clear
1780230309.601,hiker,ridge_route,52.55,44.26,58.54,2600.0,-6.8775787,107.6272895,2.2,1.72,+24.7,158,clear
1780230310.101,hiker,ridge_route,52.28,43.93,58.34,2594.5,-6.8776480,107.6271861,4.0,1.70,+24.7,98,clear
1780230310.601,hiker,ridge_route,52.01,43.61,58.17,2589.4,-6.8778371,107.6271086,7.9,1.68,+24.7,175,clear
1780230311.101,hiker,ridge_route,51.74,43.28,58.01,2584.7,-6.8778499,107.6270752,4.2,1.66,+24.8,108,clear
1780230311.601,hiker,ridge_route,51.46,42.96,57.86,2580.5,-6.8779335,107.6270003,6.5,1.64,+24.8,136,clear
1780230312.101,hiker,ridge_route,51.19,42.63,57.73,2576.8,-6.8780899,107.6269068,4.1,1.62,+24.8,177,clear
1780230312.601,hiker,ridge_route,50.92,42.30,57.61,2573.5,-6.8781641,107.6267282,6.6,1.60,+24.9,191,clear
1780230313.101,hiker,ridge_route,50.65,41.98,57.52,2570.9,-6.8783017,107.6267485,5.8,1.57,+24.9,128,clear
1780230313.601,hiker,ridge_route,50.37,41.65,57.45,2568.9,-6.8783901,107.6266183,0.8,1.55,+24.9,142,clear
1780230314.101,hiker,ridge_route,50.10,41.32,57.41,2567.6,-6.8784620,107.6264753,6.4,1.53,+25.0,144,clear
1780230314.601,hiker,ridge_route,49.83,41.00,57.39,2567.1,-6.8785776,107.6264000,4.8,1.51,+25.0,184,clear
1780230315.101,hiker,ridge_route,49.56,40.67,57.40,2567.5,-6.8786861,107.6263556,0.8,1.49,+25.0,126,clear
1780230315.601,hiker,ridge_route,49.29,40.34,57.45,2568.7,-6.8787569,107.6262814,4.5,1.47,+25.1,141,clear
1780230316.101,hiker,ridge_route,49.01,40.02,57.52,2570.9,-6.8789022,107.6261661,1.9,1.45,+25.1,101,clear
1780230316.601,hiker,ridge_route,48.74,39.69,57.63,2573.9,-6.8790154,107.6260765,2.7,1.43,+25.1,143,clear
1780230317.101,hiker,ridge_route,48.47,39.36,57.77,2577.9,-6.8790905,107.6260201,1.8,1.41,+25.2,119,clear
1780230317.601,hiker,ridge_route,48.20,39.04,57.93,2582.7,-6.8791879,107.6258947,3.8,1.38,+25.2,88,clear
1780230318.101,hiker,ridge_route,47.93,38.71,58.12,2588.1,-6.8792989,107.6258779,4.6,1.36,+25.2,95,clear
1780230318.601,hiker,ridge_route,47.65,38.38,58.33,2593.9,-6.8794506,107.6257787,5.3,1.34,+25.3,156,clear
1780230319.101,hiker,ridge_route,47.38,38.06,58.54,2600.0,-6.8795321,107.6256787,2.5,1.32,+25.3,102,clear
1780230319.601,hiker,ridge_route,47.11,37.73,58.74,2605.9,-6.8795986,107.6255539,3.5,1.30,+25.3,90,clear
1780230320.101,hiker,ridge_route,46.84,37.40,58.93,2611.3,-6.8797266,107.6255278,3.9,1.28,+25.4,147,clear
1780230320.601,hiker,ridge_route,46.57,37.08,59.09,2616.0,-6.8798231,107.6254046,0.3,1.26,+25.4,190,clear
1780230321.101,hiker,ridge_route,46.29,36.75,59.21,2619.4,-6.8799187,107.6253054,1.9,1.24,+25.4,101,clear
1780230321.601,hiker,ridge_route,46.02,36.43,59.28,2621.4,-6.8800089,107.6252555,3.1,1.21,+25.5,90,clear
1780230322.101,hiker,ridge_route,45.75,36.10,59.28,2621.5,-6.8801342,107.6252038,6.1,1.19,+25.5,156,clear
1780230322.601,hiker,ridge_route,45.48,35.77,59.22,2619.5,-6.8802114,107.6250531,2.6,1.17,+25.5,175,clear
1780230323.101,hiker,ridge_route,45.21,35.45,59.07,2615.4,-6.8803513,107.6249848,2.0,1.15,+25.5,121,clear
1780230323.601,hiker,ridge_route,44.93,35.12,58.85,2609.0,-6.8804279,107.6249174,3.2,1.13,+25.6,116,clear
1780230324.101,hiker,ridge_route,44.66,34.79,58.55,2600.4,-6.8805434,107.6248041,0.3,1.11,+25.6,160,clear
1780230324.601,hiker,ridge_route,44.39,34.47,58.18,2589.8,-6.8806595,107.6247228,1.9,1.09,+25.6,116,clear
1780230325.101,hiker,ridge_route,44.12,34.14,57.75,2577.3,-6.8807665,107.6246525,3.2,1.07,+25.7,111,clear
1780230325.602,hiker,ridge_route,43.84,33.81,57.26,2563.3,-6.8808491,107.6245474,0.2,1.04,+25.7,189,clear
1780230326.101,hiker,ridge_route,43.57,33.49,56.73,2548.0,-6.8809539,107.6244499,1.1,1.02,+25.7,151,clear
1780230326.602,hiker,ridge_route,43.30,33.16,56.16,2531.9,-6.8810476,107.6243495,2.7,1.00,+25.8,190,clear
1780230327.101,hiker,ridge_route,43.03,32.83,55.58,2515.3,-6.8811614,107.6242534,3.8,1.00,+25.8,123,clear
1780230327.602,hiker,ridge_route,42.76,32.51,55.00,2498.4,-6.8812815,107.6242018,2.5,1.00,+25.8,174,clear
1780230328.101,hiker,ridge_route,42.48,32.18,54.42,2481.7,-6.8813654,107.6241073,0.9,1.00,+25.9,106,clear
1780230328.603,hiker,ridge_route,42.21,31.85,53.85,2465.4,-6.8814544,107.6240472,2.4,1.00,+25.9,149,clear
1780230329.101,hiker,ridge_route,41.94,31.53,53.30,2449.7,-6.8815300,107.6239360,4.2,1.00,+25.9,134,clear
1780230329.602,hiker,ridge_route,41.67,31.20,52.77,2434.6,-6.8816525,107.6238469,2.2,1.00,+26.0,150,clear
1780230330.101,hiker,ridge_route,41.40,30.88,52.28,2420.4,-6.8817825,107.6237616,1.4,1.00,+26.0,97,clear
1780230330.603,hiker,ridge_route,41.12,30.55,51.81,2406.9,-6.8818869,107.6237281,5.1,1.00,+26.0,134,clear
1780230331.102,hiker,ridge_route,40.85,30.22,51.37,2394.3,-6.8819902,107.6236167,2.5,1.00,+26.1,122,clear
1780230331.603,hiker,ridge_route,40.58,29.89,50.95,2382.4,-6.8820835,107.6235240,1.5,1.00,+26.1,112,clear
1780230332.101,hiker,ridge_route,40.31,29.57,50.57,2371.3,-6.8821505,107.6234328,3.7,1.00,+26.1,169,clear
1780230332.603,hiker,ridge_route,40.03,29.24,50.20,2360.6,-6.8822788,107.6233294,1.3,1.00,+26.2,86,clear
1780230333.101,hiker,ridge_route,39.76,28.92,49.85,2350.6,-6.8824298,107.6232769,5.3,1.00,+26.2,143,clear
1780230333.603,hiker,ridge_route,39.49,28.59,49.51,2341.0,-6.8824644,107.6231539,3.3,1.00,+26.2,186,clear
1780230334.101,hiker,ridge_route,39.22,28.26,49.19,2331.7,-6.8826292,107.6230984,4.4,1.00,+26.3,187,clear
1780230334.602,hiker,ridge_route,38.94,27.94,48.88,2322.8,-6.8827106,107.6229744,2.7,1.00,+26.3,114,clear
1780230335.101,hiker,ridge_route,38.66,27.62,48.58,2314.4,-6.8827604,107.6228698,5.4,1.00,+26.3,199,clear
1780230335.601,hiker,ridge_route,38.38,27.30,48.30,2306.1,-6.8829402,107.6228112,5.0,1.00,+26.4,180,clear
1780230336.101,hiker,ridge_route,38.09,26.99,48.01,2297.9,-6.8830124,107.6227611,4.5,1.00,+26.4,180,clear
1780230336.602,hiker,ridge_route,37.81,26.67,47.73,2289.9,-6.8831130,107.6225999,4.3,1.00,+26.4,126,clear
1780230337.101,hiker,ridge_route,37.53,26.35,47.45,2281.9,-6.8832248,107.6225039,5.7,1.00,+26.5,196,clear
1780230337.602,hiker,ridge_route,37.24,26.04,47.18,2274.0,-6.8833211,107.6224511,3.1,1.00,+26.5,183,clear
1780230338.101,hiker,ridge_route,36.96,25.72,46.91,2266.2,-6.8833959,107.6223361,3.3,1.00,+26.5,139,clear
1780230338.602,hiker,ridge_route,36.68,25.40,46.63,2258.3,-6.8834799,107.6222786,1.5,1.00,+26.6,101,clear
1780230339.101,hiker,ridge_route,36.39,25.09,46.36,2250.6,-6.8835784,107.6221334,6.0,1.00,+26.6,92,clear
1780230339.601,hiker,ridge_route,36.11,24.77,46.09,2242.8,-6.8836999,107.6219866,12.2,1.00,+26.6,85,clear
1780230340.101,hiker,ridge_route,35.83,24.45,45.82,2235.1,-6.8838288,107.6220202,4.4,1.00,+26.7,108,clear
1780230340.601,hiker,ridge_route,35.54,24.14,45.55,2227.4,-6.8838724,107.6219629,5.5,1.01,+26.7,85,clear
1780230341.101,hiker,ridge_route,35.26,23.82,45.29,2219.7,-6.8839495,107.6217936,5.9,1.02,+26.7,182,clear
1780230341.601,hiker,ridge_route,34.98,23.50,45.02,2212.0,-6.8841001,107.6216768,6.8,1.03,+26.8,120,clear
1780230342.101,hiker,ridge_route,34.69,23.19,44.75,2204.4,-6.8841649,107.6216759,4.2,1.05,+26.8,92,clear
1780230342.601,hiker,ridge_route,34.41,22.87,44.49,2196.8,-6.8842671,107.6215494,2.6,1.06,+26.8,78,clear
1780230343.101,hiker,ridge_route,34.13,22.55,44.22,2189.2,-6.8843413,107.6214310,6.7,1.07,+26.9,151,clear
1780230343.601,hiker,ridge_route,33.84,22.24,43.96,2181.7,-6.8845459,107.6213625,6.6,1.08,+26.9,95,clear
1780230344.101,hiker,ridge_route,33.56,21.92,43.70,2174.1,-6.8845173,107.6212689,8.2,1.09,+26.9,78,clear
1780230344.601,hiker,ridge_route,33.28,21.60,43.44,2166.6,-6.8847115,107.6211674,4.4,1.10,+27.0,183,clear
1780230345.101,hiker,ridge_route,32.99,21.29,43.18,2159.2,-6.8848480,107.6211520,8.3,1.11,+27.0,196,clear
1780230345.601,hiker,ridge_route,32.71,20.97,42.92,2151.7,-6.8848701,107.6210805,7.0,1.12,+27.0,121,clear
1780230346.101,hiker,ridge_route,32.43,20.65,42.66,2144.3,-6.8849952,107.6209796,5.6,1.13,+27.1,159,clear
1780230346.601,hiker,ridge_route,32.14,20.34,42.40,2136.9,-6.8851918,107.6207856,13.2,1.14,+27.1,189,clear
1780230347.101,hiker,ridge_route,31.86,20.02,42.14,2129.5,-6.8852282,107.6207370,5.0,1.15,+27.1,136,clear
1780230347.601,hiker,ridge_route,31.58,19.70,41.89,2122.1,-6.8853193,107.6207364,9.2,1.16,+27.2,219,clear
1780230348.101,hiker,ridge_route,31.29,19.39,41.63,2114.8,-6.8853057,107.6206397,11.6,1.17,+27.2,162,clear
1780230348.601,hiker,ridge_route,31.01,19.07,41.38,2107.5,-6.8854744,107.6204859,1.2,1.18,+27.2,178,clear
1780230349.101,hiker,ridge_route,30.73,18.75,41.12,2100.2,-6.8855758,107.6203022,9.9,1.19,+27.3,165,clear
1780230349.601,hiker,ridge_route,30.44,18.44,40.87,2092.9,-6.8856184,107.6202881,7.4,1.20,+27.3,115,clear
1780230350.101,hiker,ridge_route,30.16,18.12,40.61,2085.6,-6.8858435,107.6203056,12.4,1.21,+27.3,122,clear
1780230350.601,hiker,ridge_route,29.88,17.80,40.36,2078.4,-6.8858542,107.6201098,3.4,1.22,+27.4,126,clear
1780230351.101,hiker,ridge_route,29.59,17.49,40.11,2071.1,-6.8859963,107.6200153,2.4,1.23,+27.4,121,clear
1780230351.601,hiker,ridge_route,29.31,17.17,39.86,2063.9,-6.8861980,107.6200270,16.0,1.24,+27.4,128,clear
1780230352.101,hiker,ridge_route,29.03,16.85,39.61,2056.7,-6.8861394,107.6198386,4.9,1.25,+27.5,139,clear
1780230352.601,hiker,ridge_route,28.74,16.54,39.35,2049.5,-6.8862964,107.6197143,5.6,1.26,+27.5,164,clear
1780230353.101,hiker,ridge_route,28.46,16.22,39.10,2042.3,-6.8864491,107.6197525,11.6,1.26,+27.5,186,clear
1780230353.601,hiker,ridge_route,28.18,15.90,38.85,2035.1,-6.8864561,107.6196245,5.3,1.27,+27.5,206,clear
1780230354.101,hiker,ridge_route,27.89,15.59,38.60,2027.9,-6.8864499,107.6195063,14.5,1.28,+27.6,88,clear
1780230354.601,hiker,ridge_route,27.61,15.27,38.35,2020.7,-6.8867250,107.6194300,5.9,1.29,+27.6,191,clear
1780230355.101,hiker,ridge_route,27.33,14.95,38.10,2013.5,-6.8868349,107.6193560,7.8,1.29,+27.6,181,clear
1780230355.601,hiker,ridge_route,27.04,14.64,37.85,2006.4,-6.8867734,107.6192169,11.7,1.30,+27.7,100,clear
1780230356.101,hiker,ridge_route,26.76,14.32,37.60,1999.2,-6.8870010,107.6192039,8.1,1.31,+27.7,141,clear
1780230356.601,hiker,ridge_route,26.48,14.00,37.35,1992.0,-6.8870209,107.6190640,6.6,1.31,+27.7,123,clear
1780230357.101,hiker,ridge_route,26.19,13.69,37.10,1984.8,-6.8871292,107.6189083,7.4,1.32,+27.8,212,clear
1780230357.601,hiker,ridge_route,25.91,13.37,36.85,1977.7,-6.8873103,107.6187925,8.9,1.32,+27.8,137,clear
1780230358.101,hiker,ridge_route,25.63,13.05,36.60,1970.5,-6.8874134,107.6187722,4.1,1.32,+27.8,135,clear
1780230358.602,hiker,ridge_route,25.34,12.73,36.35,1963.3,-6.8874695,107.6187033,2.1,1.33,+27.9,80,clear
1780230359.101,hiker,ridge_route,25.06,12.42,36.10,1956.1,-6.8876345,107.6186073,6.7,1.33,+27.9,145,clear
1780230359.603,hiker,ridge_route,24.77,12.10,35.85,1948.9,-6.8876712,107.6185906,9.3,1.33,+27.9,170,clear
1780230360.102,hiker,ridge_route,24.49,11.79,35.60,1941.7,-6.8877067,107.6183194,13.1,1.33,+28.0,92,clear
1780230360.604,hiker,ridge_route,24.21,11.47,35.35,1934.5,-6.8878310,107.6182930,6.1,1.33,+28.0,198,clear
1780230361.102,hiker,ridge_route,23.93,11.15,35.10,1927.3,-6.8880406,107.6182918,9.6,1.33,+28.0,94,clear
1780230361.601,hiker,ridge_route,23.64,10.84,34.85,1920.1,-6.8880286,107.6181411,5.0,1.32,+28.1,79,clear
1780230362.101,hiker,ridge_route,23.36,10.52,34.59,1912.8,-6.8882309,107.6179879,10.1,1.32,+28.1,99,clear
1780230362.601,hiker,ridge_route,23.08,10.20,34.34,1905.6,-6.8883862,107.6180256,14.2,1.32,+28.1,66,clear
1780230363.101,hiker,ridge_route,22.79,9.88,34.09,1898.3,-6.8883727,107.6178260,5.8,1.31,+28.2,144,clear
1780230363.602,hiker,ridge_route,22.51,9.57,33.84,1891.1,-6.8883467,107.6177583,14.3,1.31,+28.2,99,clear
1780230364.101,hiker,ridge_route,22.23,9.25,33.58,1883.8,-6.8884723,107.6176320,13.2,1.30,+28.2,53,clear
1780230364.601,hiker,ridge_route,21.93,8.95,33.35,1877.1,-6.8886929,107.6175858,3.7,1.30,+28.3,86,clear
1780230365.101,hiker,ridge_route,21.57,8.72,33.19,1872.5,-6.8887860,107.6174131,10.1,1.29,+28.3,146,clear
1780230365.601,hiker,ridge_route,21.21,8.49,33.03,1867.9,-6.8889187,107.6174437,14.0,1.29,+28.3,166,clear
1780230366.101,hiker,ridge_route,20.86,8.26,32.87,1863.3,-6.8888921,107.6173601,10.5,1.28,+28.4,168,clear
1780230366.601,hiker,ridge_route,20.50,8.03,32.70,1858.6,-6.8890858,107.6171803,14.7,1.28,+28.4,105,clear
1780230367.101,hiker,ridge_route,20.14,7.79,32.54,1853.8,-6.8891444,107.6170577,13.0,1.27,+28.4,103,clear
1780230367.603,hiker,ridge_route,19.79,7.56,32.37,1849.0,-6.8890714,107.6169472,4.1,1.27,+28.5,99,clear
1780230368.102,hiker,ridge_route,19.43,7.33,32.20,1844.2,-6.8891005,107.6168051,8.4,1.26,+28.5,185,clear
1780230368.601,hiker,ridge_route,19.08,7.10,32.03,1839.3,-6.8891927,107.6166584,7.8,1.25,+28.5,152,clear
1780230369.101,hiker,ridge_route,18.72,6.87,31.86,1834.3,-6.8893455,107.6166077,3.5,1.24,+28.6,134,clear
1780230369.601,hiker,ridge_route,18.36,6.64,31.68,1829.3,-6.8893628,107.6164588,3.9,1.24,+28.6,192,clear
1780230370.101,hiker,ridge_route,18.01,6.40,31.51,1824.2,-6.8894298,107.6163146,6.7,1.23,+28.6,142,clear
1780230370.601,hiker,ridge_route,17.65,6.17,31.33,1819.1,-6.8895269,107.6162977,5.5,1.22,+28.7,180,clear
1780230371.101,hiker,ridge_route,17.29,5.94,31.15,1814.0,-6.8896511,107.6161807,6.5,1.21,+28.7,158,clear
1780230371.601,hiker,ridge_route,16.94,5.71,30.97,1808.8,-6.8897095,107.6159806,5.5,1.20,+28.7,161,clear
1780230372.101,hiker,ridge_route,16.58,5.48,30.78,1803.5,-6.8897919,107.6159144,3.8,1.19,+28.8,91,clear
1780230372.601,hiker,ridge_route,16.23,5.25,30.60,1798.2,-6.8898327,107.6158215,2.6,1.18,+28.8,158,clear
1780230373.101,hiker,ridge_route,15.87,5.01,30.41,1792.9,-6.8899158,107.6157366,5.8,1.17,+28.8,178,clear
1780230373.601,hiker,ridge_route,15.51,4.78,30.22,1787.5,-6.8899983,107.6155005,8.4,1.16,+28.9,191,clear
1780230374.101,hiker,ridge_route,15.16,4.55,30.04,1782.0,-6.8899727,107.6153689,13.2,1.15,+28.9,135,clear
1780230374.601,hiker,ridge_route,14.80,4.32,29.84,1776.5,-6.8900906,107.6153467,3.5,1.14,+28.9,91,clear
1780230375.102,hiker,ridge_route,14.44,4.09,29.65,1771.0,-6.8902322,107.6152883,7.3,1.13,+29.0,182,clear
1780230375.601,hiker,ridge_route,14.09,3.86,29.46,1765.5,-6.8902265,107.6151423,5.1,1.12,+29.0,93,clear
1780230376.101,hiker,ridge_route,13.73,3.63,29.26,1759.9,-6.8903736,107.6149899,4.2,1.11,+29.0,160,clear
1780230376.602,hiker,ridge_route,13.37,3.39,29.07,1754.2,-6.8904254,107.6148952,1.4,1.10,+29.1,136,clear
1780230377.101,hiker,ridge_route,13.02,3.16,28.87,1748.6,-6.8905089,107.6148275,5.6,1.09,+29.1,167,clear
1780230377.602,hiker,ridge_route,12.66,2.93,28.67,1742.9,-6.8905896,107.6146560,3.8,1.08,+29.1,143,clear
1780230378.101,hiker,ridge_route,12.31,2.70,28.47,1737.1,-6.8906034,107.6144970,7.3,1.07,+29.2,170,clear
1780230378.602,hiker,ridge_route,11.95,2.47,28.27,1731.4,-6.8906196,107.6144372,9.5,1.06,+29.2,81,clear
1780230379.101,hiker,ridge_route,11.59,2.24,28.07,1725.6,-6.8907694,107.6143010,3.5,1.05,+29.2,101,clear
1780230379.602,hiker,ridge_route,11.24,2.00,27.87,1719.8,-6.8908276,107.6142266,2.7,1.04,+29.3,162,clear
1780230380.101,hiker,ridge_route,10.88,1.77,27.67,1714.1,-6.8909103,107.6140993,1.6,1.03,+29.3,125,clear
1780230380.601,hiker,ridge_route,10.52,1.54,27.46,1708.2,-6.8909884,107.6139566,4.1,1.02,+29.3,118,clear
1780230381.101,hiker,ridge_route,10.17,1.31,27.26,1702.4,-6.8911089,107.6138367,6.6,1.01,+29.4,113,clear
1780230381.602,hiker,ridge_route,9.81,1.08,27.06,1696.6,-6.8911708,107.6138302,7.7,1.00,+29.4,124,clear
1780230382.101,hiker,ridge_route,9.45,0.85,26.86,1690.8,-6.8912212,107.6136866,3.7,1.00,+29.4,111,clear
1780230382.602,hiker,ridge_route,9.10,0.61,26.65,1684.9,-6.8912891,107.6135261,1.7,1.00,+29.5,113,clear
1780230383.101,hiker,ridge_route,8.74,0.38,26.45,1679.1,-6.8913999,107.6134237,4.5,1.00,+29.5,125,clear
1780230383.602,hiker,ridge_route,8.39,0.15,26.25,1673.3,-6.8914723,107.6133445,5.4,1.00,+29.5,170,clear
1780230384.101,hiker,ridge_route,8.03,-0.08,26.05,1667.5,-6.8915012,107.6132419,4.3,1.00,+29.6,122,clear
1780230384.602,hiker,ridge_route,7.67,-0.31,25.84,1661.7,-6.8915853,107.6130410,5.5,1.00,+29.6,163,clear
1780230385.101,hiker,ridge_route,7.32,-0.54,25.64,1656.0,-6.8916445,107.6129119,7.3,1.00,+29.6,117,clear
1780230385.601,hiker,ridge_route,6.96,-0.78,25.44,1650.3,-6.8916883,107.6128687,4.0,1.00,+29.6,67,clear
1780230386.101,hiker,ridge_route,6.60,-1.01,25.25,1644.6,-6.8918059,107.6127659,1.9,1.00,+29.7,122,clear
1780230386.601,hiker,ridge_route,6.25,-1.24,25.05,1638.9,-6.8918603,107.6126663,3.2,1.00,+29.7,115,clear
1780230387.101,hiker,ridge_route,5.89,-1.47,24.85,1633.3,-6.8919208,107.6125360,2.6,1.00,+29.7,99,clear
1780230387.601,hiker,ridge_route,5.54,-1.70,24.66,1627.7,-6.8920124,107.6124371,2.7,1.00,+29.8,131,clear
1780230388.101,hiker,ridge_route,5.18,-1.93,24.47,1622.2,-6.8920809,107.6123113,1.5,1.00,+29.8,128,clear
1780230388.601,hiker,ridge_route,4.82,-2.17,24.28,1616.7,-6.8921140,107.6122197,6.3,1.00,+29.8,92,clear
1780230389.101,hiker,ridge_route,4.47,-2.40,24.09,1611.3,-6.8922633,107.6121050,4.7,1.00,+29.9,180,clear
1780230389.601,hiker,ridge_route,4.11,-2.63,23.90,1606.0,-6.8922819,107.6119561,2.8,1.00,+29.9,157,clear
1780230390.101,hiker,ridge_route,3.75,-2.86,23.72,1600.7,-6.8923874,107.6118686,2.4,1.00,+29.9,151,clear
1780230390.601,hiker,ridge_route,3.40,-3.09,23.54,1595.5,-6.8924820,107.6117637,4.5,1.00,+30.0,79,clear
1780230391.101,hiker,ridge_route,3.04,-3.32,23.36,1590.3,-6.8925212,107.6116292,0.8,1.00,+30.0,99,clear
1780230391.601,hiker,ridge_route,2.68,-3.55,23.18,1585.3,-6.8925915,107.6115586,5.4,1.00,+30.0,86,clear
1780230392.101,hiker,ridge_route,2.33,-3.79,23.01,1580.3,-6.8926829,107.6114129,2.2,1.00,+30.1,116,clear
1780230392.603,hiker,ridge_route,1.97,-4.01,22.84,1575.6,-6.8927260,107.6112681,2.3,1.00,+30.1,147,clear
1780230393.101,hiker,ridge_route,1.56,-4.13,22.74,1572.7,-6.8928217,107.6111645,4.9,1.00,+30.1,135,clear
1780230393.601,hiker,ridge_route,1.15,-4.25,22.64,1569.9,-6.8928060,107.6110147,1.7,1.00,+30.2,106,clear
1780230394.101,hiker,ridge_route,0.75,-4.38,22.55,1567.1,-6.8928592,107.6108595,4.1,1.00,+30.2,118,clear
1780230394.601,hiker,ridge_route,0.34,-4.50,22.45,1564.4,-6.8928737,107.6107946,3.8,1.00,+30.2,65,clear
1780230395.101,hiker,ridge_route,-0.07,-4.62,22.36,1561.8,-6.8929217,107.6106378,1.2,1.00,+30.3,64,clear
1780230395.601,hiker,ridge_route,-0.47,-4.74,22.27,1559.2,-6.8929717,107.6105086,0.1,1.00,+30.3,140,clear
1780230396.101,hiker,ridge_route,-0.88,-4.86,22.18,1556.7,-6.8929892,107.6103555,3.6,1.00,+30.3,85,clear
1780230396.601,hiker,ridge_route,-1.29,-4.99,22.10,1554.2,-6.8930556,107.6102602,1.3,1.00,+30.4,84,clear
1780230397.101,hiker,ridge_route,-1.70,-5.11,22.01,1551.8,-6.8930854,107.6101244,0.2,1.00,+30.4,173,clear
1780230397.601,hiker,ridge_route,-2.10,-5.23,21.93,1549.5,-6.8931227,107.6100032,1.0,1.00,+30.4,152,clear
1780230398.101,hiker,ridge_route,-2.51,-5.35,21.86,1547.3,-6.8931610,107.6098411,2.7,1.00,+30.5,197,clear
1780230398.601,hiker,ridge_route,-2.92,-5.48,21.78,1545.2,-6.8931930,107.6097410,1.1,1.00,+30.5,148,clear
1780230399.101,hiker,ridge_route,-3.32,-5.60,21.71,1543.2,-6.8932245,107.6096356,3.6,1.00,+30.5,82,clear
1780230399.601,hiker,ridge_route,-3.73,-5.72,21.65,1541.2,-6.8932688,107.6094896,1.6,1.00,+30.6,193,clear
1780230400.101,hiker,ridge_route,-4.14,-5.84,21.58,1539.4,-6.8933124,107.6093627,1.5,1.00,+30.6,95,clear
1780230400.601,hiker,ridge_route,-4.55,-5.96,21.52,1537.6,-6.8933582,107.6092521,3.5,1.00,+30.6,188,clear
1780230401.101,hiker,ridge_route,-4.95,-6.09,21.46,1536.0,-6.8933792,107.6091027,2.0,1.00,+30.7,196,clear
1780230401.603,hiker,ridge_route,-5.36,-6.21,21.41,1534.5,-6.8934364,107.6089510,1.3,1.00,+30.7,171,clear
1780230402.105,hiker,ridge_route,-5.77,-6.33,21.36,1533.1,-6.8934504,107.6088453,2.6,1.00,+30.7,84,clear
1780230402.644,hiker,ridge_route,-6.21,-6.46,21.31,1531.7,-6.8934893,107.6086864,2.6,1.00,+30.8,164,clear
1780230403.105,hiker,ridge_route,-6.58,-6.57,21.27,1530.6,-6.8935473,107.6085438,3.5,1.00,+30.8,129,clear
1780230403.618,hiker,ridge_route,-7.00,-6.70,21.24,1529.5,-6.8936156,107.6084221,3.9,1.00,+30.8,106,clear
1780230404.110,hiker,ridge_route,-7.40,-6.82,21.20,1528.6,-6.8936298,107.6083232,0.9,1.00,+30.9,118,clear
1780230404.602,hiker,ridge_route,-7.80,-6.94,21.18,1527.7,-6.8936854,107.6081926,2.6,1.00,+30.9,127,clear
1780230405.102,hiker,ridge_route,-8.21,-7.06,21.15,1527.0,-6.8936982,107.6080807,2.3,1.00,+30.9,187,clear
1780230405.602,hiker,ridge_route,-8.62,-7.18,21.13,1526.4,-6.8937422,107.6079484,1.9,1.00,+31.0,118,clear
1780230406.101,hiker,ridge_route,-9.02,-7.31,21.11,1526.0,-6.8937631,107.6078098,1.8,1.00,+31.0,85,clear
1780230406.601,hiker,ridge_route,-9.43,-7.43,21.10,1525.7,-6.8938159,107.6076806,0.8,1.00,+31.0,72,clear
1780230407.101,hiker,ridge_route,-9.84,-7.55,21.10,1525.5,-6.8938660,107.6075618,2.3,1.00,+31.1,174,clear
1780230407.602,hiker,ridge_route,-10.25,-7.67,21.09,1525.4,-6.8938952,107.6074176,0.4,1.00,+31.1,93,clear
1780230408.101,hiker,ridge_route,-10.65,-7.80,21.10,1525.4,-6.8939115,107.6072618,3.5,1.00,+31.1,128,clear
1780230408.602,hiker,ridge_route,-11.06,-7.92,21.10,1525.6,-6.8939814,107.6071299,3.3,1.00,+31.2,161,clear
1780230409.101,hiker,ridge_route,-11.47,-8.04,21.11,1525.9,-6.8940084,107.6070252,0.4,1.00,+31.2,145,clear
1780230409.602,hiker,ridge_route,-11.87,-8.16,21.13,1526.4,-6.8940173,107.6069139,3.6,1.00,+31.2,195,clear
1780230410.101,hiker,ridge_route,-12.28,-8.28,21.15,1527.0,-6.8940499,107.6067688,3.9,1.00,+31.3,117,clear
1780230410.602,hiker,ridge_route,-12.69,-8.41,21.17,1527.7,-6.8941421,107.6066565,2.7,1.00,+31.3,110,clear
1780230411.101,hiker,ridge_route,-13.09,-8.53,21.20,1528.5,-6.8941424,107.6065151,2.1,1.00,+31.3,79,clear
1780230411.602,hiker,ridge_route,-13.50,-8.65,21.23,1529.4,-6.8942187,107.6064087,3.4,1.00,+31.4,145,clear
1780230412.101,hiker,ridge_route,-13.91,-8.77,21.27,1530.5,-6.8942420,107.6062599,0.7,1.00,+31.4,114,clear
1780230412.602,hiker,ridge_route,-14.32,-8.89,21.31,1531.7,-6.8942681,107.6061297,1.0,1.00,+31.4,105,clear
1780230413.101,hiker,ridge_route,-14.72,-9.02,21.36,1533.0,-6.8943334,107.6059871,2.4,1.00,+31.5,107,clear
1780230413.602,hiker,ridge_route,-15.13,-9.14,21.41,1534.4,-6.8943443,107.6058980,3.4,1.00,+31.5,120,clear
1780230414.101,hiker,ridge_route,-15.54,-9.26,21.46,1536.0,-6.8943792,107.6057461,1.6,1.00,+31.5,119,clear
1780230414.602,hiker,ridge_route,-15.94,-9.38,21.52,1537.7,-6.8944384,107.6055789,3.6,1.00,+31.6,97,clear
1780230415.101,hiker,ridge_route,-16.35,-9.51,21.58,1539.4,-6.8944404,107.6054855,3.2,1.00,+31.6,184,clear
1780230415.602,hiker,ridge_route,-16.76,-9.63,21.65,1541.3,-6.8944823,107.6053440,2.9,1.00,+31.6,116,clear
1780230416.101,hiker,ridge_route,-17.16,-9.75,21.72,1543.3,-6.8945426,107.6052121,1.3,1.00,+31.6,140,clear
1780230416.602,hiker,ridge_route,-17.57,-9.87,21.79,1545.4,-6.8945988,107.6050791,2.4,1.00,+31.7,90,clear
1780230417.101,hiker,ridge_route,-17.98,-9.99,21.87,1547.5,-6.8946312,107.6049551,1.6,1.00,+31.7,155,clear
1780230417.602,hiker,ridge_route,-18.37,-10.17,21.92,1549.2,-6.8946860,107.6048415,0.9,1.00,+31.7,214,clear
1780230418.101,hiker,ridge_route,-18.75,-10.35,21.98,1551.0,-6.8947216,107.6047531,3.7,1.00,+31.8,102,clear
1780230418.602,hiker,ridge_route,-19.13,-10.53,22.05,1552.8,-6.8947830,107.6046214,2.6,1.00,+31.8,158,clear
1780230419.101,hiker,ridge_route,-19.52,-10.71,22.12,1554.7,-6.8948315,107.6044834,2.0,1.00,+31.8,110,clear
1780230419.601,hiker,ridge_route,-19.90,-10.90,22.19,1556.7,-6.8949007,107.6043689,1.4,1.00,+31.9,130,clear
1780230420.101,hiker,ridge_route,-20.29,-11.08,22.26,1558.8,-6.8949309,107.6042650,4.8,1.00,+31.9,109,clear
1780230420.601,hiker,ridge_route,-20.67,-11.26,22.33,1560.9,-6.8950412,107.6041111,2.4,1.00,+31.9,121,clear
1780230421.101,hiker,ridge_route,-21.06,-11.44,22.41,1563.1,-6.8950763,107.6039662,2.8,1.00,+32.0,148,clear
1780230421.601,hiker,ridge_route,-21.44,-11.62,22.49,1565.3,-6.8951264,107.6038364,3.8,1.00,+32.0,118,clear
1780230422.101,hiker,ridge_route,-21.83,-11.80,22.57,1567.6,-6.8952145,107.6037169,4.4,1.00,+32.0,166,clear
1780230422.601,hiker,ridge_route,-22.21,-11.98,22.65,1570.0,-6.8952522,107.6036127,1.6,1.00,+32.1,144,clear
1780230423.101,hiker,ridge_route,-22.59,-12.16,22.73,1572.3,-6.8953468,107.6035135,4.9,1.00,+32.1,161,clear
1780230423.601,hiker,ridge_route,-22.98,-12.34,22.81,1574.7,-6.8953688,107.6033745,1.3,1.00,+32.1,169,clear
1780230424.101,hiker,ridge_route,-23.36,-12.52,22.90,1577.1,-6.8954531,107.6032594,3.9,1.00,+32.2,161,clear
1780230424.602,hiker,ridge_route,-23.75,-12.71,22.98,1579.5,-6.8954780,107.6031640,2.8,1.00,+32.2,118,clear
1780230425.101,hiker,ridge_route,-24.13,-12.89,23.06,1581.9,-6.8955374,107.6030413,2.7,1.00,+32.2,65,clear
1780230425.601,hiker,ridge_route,-24.52,-13.07,23.15,1584.3,-6.8955811,107.6028680,3.1,1.00,+32.3,105,clear
1780230426.101,hiker,ridge_route,-24.90,-13.25,23.23,1586.7,-6.8956357,107.6027831,1.5,1.00,+32.3,188,clear
1780230426.601,hiker,ridge_route,-25.29,-13.43,23.31,1589.1,-6.8956870,107.6026663,2.3,1.00,+32.3,162,clear
1780230427.102,hiker,ridge_route,-25.67,-13.61,23.39,1591.4,-6.8957506,107.6025229,1.2,1.00,+32.4,196,clear
1780230427.601,hiker,ridge_route,-26.06,-13.79,23.47,1593.7,-6.8958462,107.6024140,3.4,1.00,+32.4,99,clear
1780230428.101,hiker,ridge_route,-26.44,-13.97,23.55,1596.0,-6.8958395,107.6023052,4.2,1.00,+32.4,146,clear
1780230428.601,hiker,ridge_route,-26.82,-14.15,23.63,1598.2,-6.8959148,107.6021920,3.4,1.00,+32.5,107,clear
1780230429.101,hiker,ridge_route,-27.21,-14.33,23.70,1600.3,-6.8959753,107.6020230,2.5,1.00,+32.5,191,clear
1780230429.601,hiker,ridge_route,-27.59,-14.51,23.78,1602.4,-6.8960502,107.6019234,0.8,1.00,+32.5,151,clear
1780230430.101,hiker,ridge_route,-27.98,-14.70,23.85,1604.4,-6.8961041,107.6018127,1.5,1.00,+32.6,88,clear
1780230430.602,hiker,ridge_route,-28.36,-14.88,23.91,1606.4,-6.8961809,107.6016841,2.7,1.00,+32.6,169,clear
1780230431.101,hiker,ridge_route,-28.75,-15.06,23.98,1608.2,-6.8961839,107.6015574,3.4,1.00,+32.6,165,clear
1780230431.601,hiker,ridge_route,-29.13,-15.24,24.04,1609.9,-6.8962796,107.6013916,4.8,1.00,+32.7,129,clear
1780230432.101,hiker,ridge_route,-29.52,-15.42,24.10,1611.6,-6.8963165,107.6012914,2.6,1.00,+32.7,132,clear
1780230432.602,hiker,ridge_route,-29.90,-15.60,24.15,1613.1,-6.8963693,107.6011813,2.0,1.00,+32.7,164,clear
1780230433.101,hiker,ridge_route,-30.29,-15.78,24.20,1614.5,-6.8964479,107.6010485,2.3,1.00,+32.8,87,clear
1780230433.601,hiker,ridge_route,-30.67,-15.96,24.24,1615.8,-6.8964878,107.6009452,1.2,1.00,+32.8,152,clear
1780230434.101,hiker,ridge_route,-31.05,-16.14,24.29,1617.0,-6.8965629,107.6008351,1.4,1.00,+32.8,196,clear
1780230434.601,hiker,ridge_route,-31.44,-16.32,24.32,1618.0,-6.8965853,107.6007323,4.4,1.00,+32.9,188,clear
1780230435.103,hiker,ridge_route,-31.82,-16.51,24.35,1618.9,-6.8966787,107.6005699,1.6,1.00,+32.9,109,clear
1780230435.601,hiker,ridge_route,-32.21,-16.69,24.38,1619.7,-6.8966966,107.6004558,3.3,1.00,+32.9,102,clear
1780230436.101,hiker,ridge_route,-32.59,-16.87,24.40,1620.2,-6.8967933,107.6003417,1.2,1.00,+33.0,203,clear
1780230436.602,hiker,ridge_route,-32.98,-17.05,24.41,1620.7,-6.8968269,107.6002463,3.7,1.00,+33.0,152,clear
1780230437.101,hiker,ridge_route,-33.36,-17.23,24.42,1620.9,-6.8968916,107.6001290,3.9,1.00,+33.0,124,clear
1780230437.602,hiker,ridge_route,-33.75,-17.41,24.43,1621.0,-6.8969227,107.5999749,3.5,1.00,+33.1,85,clear
1780230438.101,hiker,ridge_route,-34.13,-17.59,24.42,1621.0,-6.8970202,107.5998681,2.2,1.00,+33.1,112,clear
1780230438.601,hiker,ridge_route,-34.52,-17.77,24.42,1620.7,-6.8970956,107.5997393,3.3,1.00,+33.1,103,clear
1780230439.101,hiker,ridge_route,-34.90,-17.95,24.40,1620.3,-6.8970914,107.5996075,3.7,1.00,+33.2,142,clear
1780230439.601,hiker,ridge_route,-35.19,-18.25,24.30,1617.4,-6.8972036,107.5995083,1.9,1.00,+33.2,151,clear
1780230440.101,hiker,ridge_route,-35.44,-18.59,24.16,1613.5,-6.8973290,107.5994404,0.7,1.00,+33.2,171,clear
1780230440.602,hiker,ridge_route,-35.70,-18.93,24.01,1609.2,-6.8974196,107.5993448,1.8,1.00,+33.3,161,clear
1780230441.101,hiker,ridge_route,-35.95,-19.27,23.86,1604.7,-6.8975338,107.5992797,0.9,1.00,+33.3,133,clear
1780230441.601,hiker,ridge_route,-36.21,-19.61,23.69,1599.9,-6.8976152,107.5992352,5.8,1.00,+33.3,215,clear
1780230442.101,hiker,ridge_route,-36.46,-19.95,23.51,1594.8,-6.8977479,107.5991078,0.7,1.00,+33.4,215,clear
1780230442.601,hiker,ridge_route,-36.72,-20.29,23.32,1589.4,-6.8978566,107.5990508,2.2,1.00,+33.4,134,clear
1780230443.101,hiker,ridge_route,-36.97,-20.63,23.13,1583.7,-6.8979906,107.5989261,3.8,1.00,+33.4,169,clear
1780230443.601,hiker,ridge_route,-37.23,-20.97,22.92,1577.7,-6.8980785,107.5988527,1.9,1.00,+33.5,151,clear
1780230444.101,hiker,ridge_route,-37.48,-21.31,22.70,1571.5,-6.8981868,107.5987881,0.7,1.00,+33.5,98,clear
1780230444.601,hiker,ridge_route,-37.74,-21.65,22.47,1565.0,-6.8982775,107.5987095,1.1,1.00,+33.5,122,clear
1780230445.101,hiker,ridge_route,-37.99,-21.99,22.24,1558.2,-6.8983838,107.5986386,1.7,1.00,+33.6,149,clear
1780230445.601,hiker,ridge_route,-38.25,-22.33,21.99,1551.1,-6.8985073,107.5985666,2.3,1.00,+33.6,172,clear
1780230446.101,hiker,ridge_route,-38.50,-22.67,21.74,1543.8,-6.8986110,107.5984223,4.8,1.00,+33.6,209,clear
1780230446.601,hiker,ridge_route,-38.76,-23.01,21.47,1536.2,-6.8986819,107.5983958,3.9,1.00,+33.6,54,clear
1780230447.101,hiker,ridge_route,-39.01,-23.35,21.20,1528.4,-6.8987960,107.5982666,5.1,1.00,+33.7,144,clear
1780230447.601,hiker,ridge_route,-39.27,-23.69,20.92,1520.3,-6.8988882,107.5982279,4.6,1.00,+33.7,97,clear
1780230448.101,hiker,ridge_route,-39.52,-24.03,20.63,1512.0,-6.8990130,107.5980999,5.4,1.00,+33.7,104,clear
1780230448.602,hiker,ridge_route,-39.78,-24.37,20.33,1503.4,-6.8991615,107.5980188,5.2,1.00,+33.8,135,clear
1780230449.101,hiker,ridge_route,-40.03,-24.71,20.02,1494.6,-6.8992693,107.5979959,2.7,1.00,+33.8,139,clear
1780230449.602,hiker,ridge_route,-40.29,-25.05,19.71,1485.6,-6.8993344,107.5978823,3.2,1.00,+33.8,134,clear
1780230450.101,hiker,ridge_route,-40.54,-25.39,19.39,1476.4,-6.8994398,107.5978298,2.9,1.00,+33.9,116,clear
1780230450.601,hiker,ridge_route,-40.80,-25.73,19.06,1467.0,-6.8995773,107.5977350,0.9,1.00,+33.9,140,clear
1780230451.101,hiker,ridge_route,-41.05,-26.07,18.73,1457.5,-6.8996552,107.5976645,2.5,1.00,+33.9,116,clear
1780230451.601,hiker,ridge_route,-41.31,-26.41,18.39,1447.7,-6.8997869,107.5975917,1.6,1.00,+34.0,203,clear
1780230452.101,hiker,ridge_route,-41.56,-26.75,18.04,1437.8,-6.8999005,107.5975148,2.2,1.00,+34.0,160,clear
1780230452.601,hiker,ridge_route,-41.82,-27.09,17.69,1427.8,-6.8999802,107.5973886,3.6,1.00,+34.0,186,clear
1780230453.101,hiker,ridge_route,-42.07,-27.43,17.34,1417.6,-6.9001105,107.5973316,0.8,1.00,+34.1,105,clear
1780230453.601,hiker,ridge_route,-42.33,-27.77,16.98,1407.2,-6.9002117,107.5972639,1.0,1.00,+34.1,88,clear
1780230454.101,hiker,ridge_route,-42.58,-28.11,16.61,1396.8,-6.9003204,107.5971927,2.1,1.02,+34.1,179,clear
1780230454.601,hiker,ridge_route,-42.84,-28.45,16.25,1386.2,-6.9004294,107.5970834,1.2,1.05,+34.2,141,clear
1780230455.101,hiker,ridge_route,-43.09,-28.79,15.87,1375.6,-6.9005318,107.5970075,0.5,1.09,+34.2,137,clear
1780230455.601,hiker,ridge_route,-43.35,-29.13,15.50,1364.8,-6.9006272,107.5969537,2.8,1.12,+34.2,140,clear
1780230456.101,hiker,ridge_route,-43.60,-29.47,15.12,1354.0,-6.9007534,107.5968874,4.1,1.16,+34.3,145,clear
1780230456.601,hiker,ridge_route,-43.86,-29.81,14.74,1343.2,-6.9008481,107.5967852,1.8,1.19,+34.3,90,clear
1780230457.101,hiker,ridge_route,-44.11,-30.15,14.36,1332.3,-6.9010001,107.5966903,4.5,1.23,+34.3,145,clear
1780230457.601,hiker,ridge_route,-44.37,-30.49,13.98,1321.3,-6.9010518,107.5965985,2.0,1.26,+34.4,100,clear
1780230458.101,hiker,ridge_route,-44.62,-30.83,13.60,1310.3,-6.9011538,107.5964911,4.6,1.30,+34.4,199,clear
1780230458.601,hiker,ridge_route,-44.88,-31.17,13.22,1299.3,-6.9013208,107.5964654,4.9,1.33,+34.4,96,clear
1780230459.101,hiker,ridge_route,-45.13,-31.51,12.83,1288.3,-6.9013869,107.5963691,0.3,1.37,+34.5,153,clear
1780230459.601,hiker,ridge_route,-45.39,-31.85,12.45,1277.3,-6.9015236,107.5963306,5.9,1.40,+34.5,175,clear
1780230460.101,hiker,ridge_route,-45.64,-32.19,12.07,1266.3,-6.9015884,107.5962189,2.1,1.44,+34.5,190,clear
1780230460.601,hiker,ridge_route,-45.90,-32.53,11.69,1255.4,-6.9016486,107.5961287,6.7,1.47,+34.6,201,clear
1780230461.101,hiker,ridge_route,-46.15,-32.87,11.31,1244.5,-6.9017927,107.5960616,3.2,1.50,+34.6,89,clear
1780230461.601,hiker,ridge_route,-46.41,-33.21,10.93,1233.6,-6.9019126,107.5960293,7.5,1.54,+34.6,177,clear
1780230462.101,hiker,ridge_route,-46.66,-33.55,10.55,1222.8,-6.9020642,107.5958973,4.3,1.57,+34.7,173,clear
1780230462.602,hiker,ridge_route,-46.92,-33.89,10.18,1212.0,-6.9021740,107.5958026,4.2,1.61,+34.7,193,clear
1780230463.101,hiker,ridge_route,-47.20,-34.20,9.82,1201.9,-6.9022476,107.5957184,1.7,1.64,+34.7,90,clear
1780230463.601,hiker,ridge_route,-47.51,-34.51,9.48,1192.1,-6.9022476,107.5955740,10.1,1.68,+34.8,174,clear
1780230464.101,hiker,ridge_route,-47.81,-34.81,9.14,1182.3,-6.9023429,107.5955280,9.0,1.71,+34.8,156,clear
1780230464.601,hiker,ridge_route,-48.11,-35.11,8.80,1172.6,-6.9025807,107.5954341,7.1,1.75,+34.8,108,clear
1780230465.101,hiker,ridge_route,-48.41,-35.41,8.46,1162.9,-6.9025827,107.5952899,5.5,1.78,+34.9,130,clear
1780230465.601,hiker,ridge_route,-48.71,-35.71,8.13,1153.4,-6.9027138,107.5952603,3.0,1.81,+34.9,90,clear
1780230466.101,hiker,ridge_route,-49.01,-36.01,7.80,1143.9,-6.9028141,107.5951624,2.9,1.85,+34.9,147,clear
1780230466.602,hiker,ridge_route,-49.31,-36.31,7.47,1134.5,-6.9028609,107.5950639,4.5,1.88,+35.0,101,clear
1780230467.101,hiker,ridge_route,-49.61,-36.61,7.15,1125.3,-6.9030051,107.5949877,4.6,1.91,+35.0,88,clear
1780230467.602,hiker,ridge_route,-49.91,-36.91,6.83,1116.1,-6.9031354,107.5948491,5.6,1.95,+35.0,97,clear
1780230468.101,hiker,ridge_route,-50.21,-37.21,6.52,1107.0,-6.9031435,107.5947936,5.5,1.98,+35.1,177,clear
1780230468.602,hiker,ridge_route,-50.51,-37.51,6.20,1098.0,-6.9032434,107.5946179,6.0,2.01,+35.1,83,clear
1780230469.101,hiker,ridge_route,-50.81,-37.81,5.90,1089.2,-6.9033343,107.5945403,4.9,2.05,+35.1,138,clear
1780230469.602,hiker,ridge_route,-51.11,-38.11,5.59,1080.5,-6.9034428,107.5945455,8.3,2.08,+35.2,182,clear
1780230470.101,hiker,ridge_route,-51.41,-38.41,5.29,1071.9,-6.9035513,107.5943754,0.7,2.11,+35.2,176,clear
1780230470.601,hiker,ridge_route,-51.71,-38.71,5.00,1063.5,-6.9035787,107.5942173,10.9,2.15,+35.2,133,clear
1780230471.101,hiker,ridge_route,-52.01,-39.01,4.71,1055.2,-6.9037824,107.5941981,4.2,2.18,+35.3,171,clear
1780230471.602,hiker,ridge_route,-52.31,-39.31,4.42,1047.0,-6.9038085,107.5941039,3.8,2.21,+35.3,105,clear
1780230472.101,hiker,ridge_route,-52.61,-39.61,4.14,1038.9,-6.9039391,107.5939718,2.9,2.24,+35.3,191,clear
1780230472.602,hiker,ridge_route,-52.92,-39.92,3.87,1031.0,-6.9040058,107.5939750,8.5,2.27,+35.4,151,clear
1780230473.101,hiker,ridge_route,-53.22,-40.22,3.60,1023.3,-6.9041241,107.5937606,5.1,2.30,+35.4,96,clear
1780230473.602,hiker,ridge_route,-53.52,-40.52,3.33,1015.6,-6.9041561,107.5937103,7.0,2.34,+35.4,184,clear
1780230474.101,hiker,ridge_route,-53.82,-40.82,3.07,1008.2,-6.9043465,107.5936161,3.7,2.36,+35.5,103,clear
1780230474.602,hiker,ridge_route,-54.12,-41.12,2.82,1000.9,-6.9043744,107.5934667,7.1,2.39,+35.5,143,clear
1780230475.101,hiker,ridge_route,-54.42,-41.42,2.57,993.7,-6.9045207,107.5934401,2.6,2.42,+35.5,83,clear
1780230475.602,hiker,ridge_route,-54.72,-41.72,2.32,986.7,-6.9046519,107.5933394,6.2,2.45,+35.6,104,clear
1780230476.101,hiker,ridge_route,-55.02,-42.02,2.09,979.9,-6.9046671,107.5932048,4.3,2.47,+35.6,149,clear
1780230476.602,hiker,ridge_route,-55.32,-42.32,1.85,973.2,-6.9047602,107.5930872,6.5,2.50,+35.6,144,clear
1780230477.101,hiker,ridge_route,-55.62,-42.62,1.62,966.6,-6.9048854,107.5930400,0.9,2.52,+35.7,107,clear
1780230477.602,hiker,ridge_route,-55.92,-42.92,1.40,960.2,-6.9049588,107.5930418,10.3,2.54,+35.7,178,clear
1780230478.101,hiker,ridge_route,-56.22,-43.22,1.19,954.0,-6.9050612,107.5928154,4.5,2.55,+35.7,83,clear
1780230478.602,hiker,ridge_route,-56.52,-43.52,0.97,947.9,-6.9051136,107.5927378,6.1,2.56,+35.7,168,clear
1780230479.101,hiker,ridge_route,-56.82,-43.82,0.77,942.0,-6.9052479,107.5926876,2.8,2.57,+35.8,176,clear
1780230479.602,hiker,ridge_route,-57.12,-44.12,0.57,936.2,-6.9052579,107.5925358,11.2,2.57,+35.8,166,clear
1780230480.101,hiker,ridge_route,-57.42,-44.42,0.37,930.6,-6.9054219,107.5924178,6.8,2.56,+35.8,170,clear
1780230480.602,hiker,ridge_route,-57.72,-44.72,0.35,930.0,-6.9055044,107.5923530,5.0,2.55,+35.9,142,clear
1780230481.101,hiker,ridge_route,-58.02,-45.02,0.35,930.0,-6.9056570,107.5922429,5.1,2.54,+35.9,119,clear
1780230481.602,hiker,ridge_route,-58.33,-45.33,0.35,930.0,-6.9057775,107.5922910,12.5,2.52,+35.9,155,clear
1780230482.101,hiker,ridge_route,-58.62,-45.62,0.35,930.0,-6.9058206,107.5920731,2.3,2.50,+36.0,77,clear
1780230482.602,hiker,ridge_route,-58.93,-45.93,0.35,930.0,-6.9058963,107.5920359,4.9,2.48,+36.0,159,clear
1780230483.101,hiker,ridge_route,-59.23,-46.23,0.35,930.0,-6.9060159,107.5918685,3.9,2.45,+36.0,87,clear
1780230483.601,hiker,ridge_route,-59.53,-46.53,0.35,930.0,-6.9060829,107.5918315,3.8,2.43,+36.1,162,clear
1780230484.101,hiker,ridge_route,-59.83,-46.83,0.35,930.0,-6.9062394,107.5916829,5.3,2.40,+36.1,109,clear
1780230484.601,hiker,ridge_route,-60.13,-47.13,0.35,930.0,-6.9062542,107.5915952,5.4,2.37,+36.1,109,clear
1780230485.101,hiker,ridge_route,-60.43,-47.43,0.35,930.0,-6.9063556,107.5915455,4.7,2.34,+36.2,120,clear
1780230485.601,hiker,ridge_route,-60.73,-47.73,0.35,930.0,-6.9065118,107.5914067,3.7,2.31,+36.2,122,clear
1780230486.101,hiker,ridge_route,-61.03,-48.03,0.35,930.0,-6.9065010,107.5912701,11.1,2.28,+36.2,142,clear
1780230486.601,hiker,ridge_route,-61.35,-48.31,0.35,930.0,-6.9067055,107.5912656,5.7,2.25,+36.3,89,clear
1780230487.101,hiker,ridge_route,-61.67,-48.59,0.35,930.0,-6.9067772,107.5911584,4.0,2.21,+36.3,130,clear
1780230487.601,hiker,ridge_route,-61.99,-48.87,0.35,930.0,-6.9068631,107.5910537,3.6,2.18,+36.3,153,clear
1780230488.101,hiker,ridge_route,-62.31,-49.15,0.35,930.0,-6.9069604,107.5909744,6.1,2.15,+36.4,133,clear
1780230488.601,hiker,ridge_route,-62.63,-49.43,0.35,930.0,-6.9070637,107.5907699,7.8,2.12,+36.4,109,clear
1780230489.101,hiker,ridge_route,-62.95,-49.71,0.35,930.0,-6.9071174,107.5907228,1.1,2.08,+36.4,148,clear
1780230489.601,hiker,ridge_route,-63.27,-49.99,0.35,930.0,-6.9072414,107.5906030,5.5,2.05,+36.5,184,clear
1780230490.101,hiker,ridge_route,-63.59,-50.27,0.35,930.0,-6.9073072,107.5905367,3.1,2.02,+36.5,98,clear
1780230490.601,hiker,ridge_route,-63.91,-50.55,0.35,930.0,-6.9072811,107.5905212,15.1,1.98,+36.5,180,clear
1780230491.101,hiker,ridge_route,-64.23,-50.83,0.35,930.0,-6.9074423,107.5903412,3.2,1.95,+36.6,185,clear
1780230491.601,hiker,ridge_route,-64.55,-51.11,0.35,930.0,-6.9075240,107.5902041,3.1,1.91,+36.6,117,clear
1780230492.101,hiker,ridge_route,-64.87,-51.39,0.35,930.0,-6.9076692,107.5900804,5.4,1.88,+36.6,211,clear
1780230492.601,hiker,ridge_route,-65.19,-51.66,0.35,930.0,-6.9077464,107.5900441,4.1,1.85,+36.7,172,clear
1780230493.101,hiker,ridge_route,-65.51,-51.94,0.35,930.0,-6.9077942,107.5899465,4.1,1.81,+36.7,166,clear
1780230493.601,hiker,ridge_route,-65.83,-52.22,0.35,930.0,-6.9079427,107.5898067,4.8,1.78,+36.7,90,clear
1780230494.101,hiker,ridge_route,-66.15,-52.50,0.35,930.0,-6.9079562,107.5896974,3.8,1.74,+36.8,134,clear
1780230494.601,hiker,ridge_route,-66.47,-52.78,0.35,930.0,-6.9080510,107.5895810,4.2,1.71,+36.8,146,clear
1780230495.101,hiker,ridge_route,-66.79,-53.06,0.35,930.0,-6.9081517,107.5894428,7.4,1.68,+36.8,128,clear
1780230495.601,hiker,ridge_route,-67.11,-53.34,0.35,930.0,-6.9082198,107.5894358,4.8,1.64,+36.9,89,clear
1780230496.101,hiker,ridge_route,-67.43,-53.62,0.35,930.0,-6.9082990,107.5892967,4.7,1.61,+36.9,88,clear
1780230496.601,hiker,ridge_route,-67.75,-53.90,0.35,930.0,-6.9084206,107.5892218,2.1,1.57,+36.9,203,clear
1780230497.101,hiker,ridge_route,-68.07,-54.18,0.35,930.0,-6.9084979,107.5890956,2.2,1.54,+37.0,128,clear
1780230497.601,hiker,ridge_route,-68.39,-54.46,0.35,930.0,-6.9085516,107.5890209,6.2,1.50,+37.0,158,clear
1780230498.102,hiker,ridge_route,-68.71,-54.74,0.35,930.0,-6.9087060,107.5889218,2.8,1.47,+37.0,115,clear
1780230498.601,hiker,ridge_route,-69.03,-55.02,0.35,930.0,-6.9088021,107.5887839,3.0,1.44,+37.1,88,clear
1780230499.102,hiker,ridge_route,-69.35,-55.30,0.35,930.0,-6.9088585,107.5887165,2.3,1.40,+37.1,79,clear
1780230499.602,hiker,ridge_route,-69.67,-55.58,0.35,930.0,-6.9089381,107.5885814,2.6,1.37,+37.1,95,clear
1780230500.102,hiker,ridge_route,-69.99,-55.86,0.35,930.0,-6.9089965,107.5885292,6.5,1.33,+37.2,150,clear
1780230500.601,hiker,ridge_route,-70.31,-56.14,0.35,930.0,-6.9091391,107.5883574,4.1,1.30,+37.2,154,clear
1780230501.101,hiker,ridge_route,-70.63,-56.42,0.35,930.0,-6.9092561,107.5882475,6.4,1.26,+37.2,114,clear
1780230501.602,hiker,ridge_route,-70.95,-56.70,0.35,930.0,-6.9092806,107.5881702,3.9,1.23,+37.3,100,clear
1780230502.103,hiker,ridge_route,-71.27,-56.98,0.35,930.0,-6.9093932,107.5880779,1.4,1.19,+37.3,126,clear
1780230502.603,hiker,ridge_route,-71.59,-57.26,0.35,930.0,-6.9094669,107.5879981,2.2,1.16,+37.3,172,clear
1780230503.101,hiker,ridge_route,-71.91,-57.54,0.35,930.0,-6.9095878,107.5878974,2.1,1.13,+37.4,162,clear
1780230503.601,hiker,ridge_route,-72.23,-57.82,0.35,930.0,-6.9096526,107.5877804,1.0,1.09,+37.4,151,clear
1780230504.103,hiker,ridge_route,-72.55,-58.10,0.35,930.0,-6.9097678,107.5876610,3.4,1.06,+37.4,172,clear
1780230504.602,hiker,ridge_route,-72.87,-58.38,0.35,930.0,-6.9098482,107.5875634,2.6,1.02,+37.5,106,clear
1780230505.101,hiker,ridge_route,-73.18,-58.66,0.35,930.0,-6.9099522,107.5874882,3.2,1.00,+37.5,160,clear
1780230505.603,hiker,ridge_route,-73.51,-58.94,0.35,930.0,-6.9099982,107.5873618,2.6,1.00,+37.5,164,clear
1780230506.103,hiker,ridge_route,-73.83,-59.22,0.35,930.0,-6.9100953,107.5872783,0.6,1.00,+37.6,92,clear
1780230506.602,hiker,ridge_route,-74.14,-59.50,0.35,930.0,-6.9102019,107.5871590,2.7,1.00,+37.6,67,clear
1780230507.103,hiker,ridge_route,-74.47,-59.78,0.35,930.0,-6.9102486,107.5870711,3.1,1.00,+37.6,204,clear
1780230507.603,hiker,ridge_route,-74.79,-60.06,0.35,930.0,-6.9103920,107.5869908,3.5,1.00,+37.7,100,clear
1780230508.103,hiker,ridge_route,-75.11,-60.34,0.35,930.0,-6.9104325,107.5868677,2.3,1.00,+37.7,96,clear
1780230508.601,hiker,ridge_route,-75.42,-60.62,0.35,930.0,-6.9105186,107.5867817,2.5,1.00,+37.7,150,clear
1780230509.101,hiker,ridge_route,-75.74,-60.90,0.35,930.0,-6.9106339,107.5866709,0.7,1.00,+37.7,154,clear
1780230509.603,hiker,ridge_route,-76.06,-61.18,0.35,930.0,-6.9107393,107.5865575,3.0,1.00,+37.8,151,clear
1780230510.104,hiker,ridge_route,-76.38,-61.46,0.35,930.0,-6.9108192,107.5864577,2.1,1.00,+37.8,88,clear
1780230510.604,hiker,ridge_route,-76.70,-61.74,0.35,930.0,-6.9109251,107.5863647,3.7,1.00,+37.8,146,clear
1780230511.104,hiker,ridge_route,-77.02,-62.02,0.35,930.0,-6.9109884,107.5862566,1.4,1.00,+37.9,120,clear
1780230511.602,hiker,ridge_route,-77.31,-62.33,0.35,930.0,-6.9110707,107.5861809,1.0,1.00,+37.9,107,clear
1780230512.101,hiker,ridge_route,-77.60,-62.64,0.35,930.0,-6.9111628,107.5861051,2.8,1.00,+37.9,102,clear
1780230512.602,hiker,ridge_route,-77.89,-62.95,0.35,930.0,-6.9112729,107.5859824,1.0,1.00,+38.0,111,clear
1780230513.102,hiker,ridge_route,-78.18,-63.26,0.35,930.0,-6.9113797,107.5858752,2.9,1.00,+38.0,160,clear
1780230513.601,hiker,ridge_route,-78.47,-63.57,0.35,930.0,-6.9114929,107.5858319,3.9,1.00,+38.0,103,clear
1780230514.104,hiker,ridge_route,-78.77,-63.88,0.35,930.0,-6.9115630,107.5857003,1.6,1.00,+38.1,131,clear
1780230514.604,hiker,ridge_route,-79.06,-64.19,0.35,930.0,-6.9116457,107.5856598,4.5,1.00,+38.1,143,clear
1780230515.104,hiker,ridge_route,-79.35,-64.50,0.35,930.0,-6.9117616,107.5855409,1.1,1.00,+38.1,143,clear
1780230515.602,hiker,ridge_route,-79.64,-64.81,0.35,930.0,-6.9118449,107.5854539,2.2,1.00,+38.2,115,clear
1780230516.102,hiker,ridge_route,-79.93,-65.12,0.35,930.0,-6.9119589,107.5853460,0.4,1.00,+38.2,140,clear
1780230516.601,hiker,ridge_route,-80.22,-65.43,0.35,930.0,-6.9120401,107.5852421,2.0,1.00,+38.2,181,clear
1780230517.101,hiker,ridge_route,-80.51,-65.74,0.35,930.0,-6.9121176,107.5851357,4.7,1.00,+38.3,116,clear
1780230517.601,hiker,ridge_route,-80.80,-66.05,0.35,930.0,-6.9122420,107.5850883,2.0,1.00,+38.3,133,clear
1780230518.101,hiker,ridge_route,-81.09,-66.36,0.35,930.0,-6.9123629,107.5849693,2.3,1.00,+38.3,147,clear
1780230518.601,hiker,ridge_route,-81.38,-66.67,0.35,930.0,-6.9124445,107.5848847,0.3,1.00,+38.4,135,clear
1780230519.101,hiker,ridge_route,-81.67,-66.98,0.35,930.0,-6.9125448,107.5847850,1.2,1.00,+38.4,98,clear
1780230519.601,hiker,ridge_route,-81.96,-67.29,0.35,930.0,-6.9126236,107.5847080,1.6,1.00,+38.4,198,clear
1780230520.101,hiker,ridge_route,-82.25,-67.60,0.35,930.0,-6.9127241,107.5846054,1.3,1.00,+38.5,205,clear
1780230520.601,hiker,ridge_route,-82.54,-67.91,0.35,930.0,-6.9128149,107.5845185,2.0,1.00,+38.5,165,clear
1780230521.101,hiker,ridge_route,-82.83,-68.22,0.35,930.0,-6.9129211,107.5844371,1.5,1.00,+38.5,178,clear
1780230521.601,hiker,ridge_route,-83.12,-68.53,0.35,930.0,-6.9130348,107.5843381,0.9,1.00,+38.6,168,clear
1780230522.101,hiker,ridge_route,-83.42,-68.84,0.35,930.0,-6.9131140,107.5842549,1.8,1.00,+38.6,130,clear
1780230522.601,hiker,ridge_route,-83.71,-69.15,0.35,930.0,-6.9132291,107.5841608,1.4,1.00,+38.6,109,clear
1780230523.101,hiker,ridge_route,-84.00,-69.46,0.35,930.0,-6.9133038,107.5840599,1.8,1.00,+38.7,193,clear
1780230523.601,hiker,ridge_route,-84.29,-69.77,0.35,930.0,-6.9133985,107.5839633,2.1,1.00,+38.7,96,clear
1780230524.101,hiker,ridge_route,-84.58,-70.08,0.35,930.0,-6.9135057,107.5838828,1.4,1.00,+38.7,100,clear
1780230524.601,hiker,ridge_route,-84.87,-70.39,0.35,930.0,-6.9136422,107.5838061,4.2,1.00,+38.8,123,clear
1780230525.101,hiker,ridge_route,-85.16,-70.70,0.35,930.0,-6.9136768,107.5836770,4.0,1.00,+38.8,117,clear
1780230525.601,hiker,ridge_route,-85.45,-71.01,0.35,930.0,-6.9137712,107.5836082,4.2,1.00,+38.8,172,clear
1780230526.101,hiker,ridge_route,-85.74,-71.32,0.35,930.0,-6.9138916,107.5835003,1.6,1.00,+38.9,189,clear
1780230526.601,hiker,ridge_route,-86.03,-71.63,0.35,930.0,-6.9140203,107.5834226,2.2,1.00,+38.9,72,clear
1780230527.101,hiker,ridge_route,-86.32,-71.94,0.35,930.0,-6.9140919,107.5833174,1.0,1.00,+38.9,197,clear
1780230527.601,hiker,ridge_route,-86.61,-72.25,0.35,930.0,-6.9141914,107.5832287,0.7,1.00,+39.0,156,clear
1780230528.101,hiker,ridge_route,-86.90,-72.56,0.35,930.0,-6.9142816,107.5831431,1.6,1.00,+39.0,99,clear
1780230528.601,hiker,ridge_route,-87.19,-72.87,0.35,930.0,-6.9143467,107.5830318,5.3,1.00,+39.0,136,clear
1780230529.101,hiker,ridge_route,-87.49,-73.18,0.35,930.0,-6.9144593,107.5829405,3.7,1.00,+39.1,160,clear
1780230529.601,hiker,ridge_route,-87.78,-73.49,0.35,930.0,-6.9145867,107.5828469,1.6,1.00,+39.1,206,clear
1780230530.101,hiker,ridge_route,-88.07,-73.80,0.35,930.0,-6.9146616,107.5827579,2.9,1.00,+39.1,130,clear
1780230530.602,hiker,ridge_route,-88.36,-74.11,0.35,930.0,-6.9147747,107.5826664,1.5,1.00,+39.2,146,clear
1780230531.102,hiker,ridge_route,-88.65,-74.43,0.35,930.0,-6.9148822,107.5825880,0.4,1.00,+39.2,130,clear
1780230531.602,hiker,ridge_route,-88.94,-74.73,0.35,930.0,-6.9149436,107.5824891,3.8,1.00,+39.2,198,clear
1780230532.102,hiker,ridge_route,-89.23,-75.05,0.35,930.0,-6.9150643,107.5823990,1.2,1.00,+39.3,193,clear
1780230532.603,hiker,ridge_route,-89.52,-75.36,0.35,930.0,-6.9151775,107.5823092,0.6,1.00,+39.3,180,clear
1780230533.101,hiker,ridge_route,-89.81,-75.66,0.35,930.0,-6.9152632,107.5821975,2.3,1.00,+39.3,84,clear
1780230533.601,hiker,ridge_route,-90.10,-75.97,0.35,930.0,-6.9153664,107.5820951,3.3,1.00,+39.4,82,clear
1780230534.103,hiker,ridge_route,-90.39,-76.29,0.35,930.0,-6.9154984,107.5820375,3.8,1.00,+39.4,84,clear
1780230534.602,hiker,ridge_route,-90.68,-76.60,0.35,930.0,-6.9155821,107.5819382,2.2,1.00,+39.4,134,clear
1780230535.103,hiker,ridge_route,-90.97,-76.91,0.35,930.0,-6.9156711,107.5818717,2.8,1.00,+39.5,138,clear
1780230535.603,hiker,ridge_route,-91.27,-77.22,0.35,930.0,-6.9157389,107.5817694,2.5,1.00,+39.5,56,clear
1780230536.105,hiker,ridge_route,-91.56,-77.53,0.35,930.0,-6.9158540,107.5816683,0.4,1.00,+39.5,104,clear
1780230536.602,hiker,ridge_route,-91.85,-77.84,0.37,930.7,-6.9159708,107.5815586,2.6,1.00,+39.6,71,clear
1780230537.102,hiker,ridge_route,-92.12,-78.16,0.41,931.8,-6.9160474,107.5814961,1.3,1.00,+39.6,166,clear
1780230537.602,hiker,ridge_route,-92.37,-78.50,0.44,932.6,-6.9161702,107.5813713,3.9,1.00,+39.6,155,clear
1780230538.105,hiker,ridge_route,-92.63,-78.84,0.47,933.5,-6.9162660,107.5813257,0.3,1.00,+39.7,214,clear
1780230538.602,hiker,ridge_route,-92.88,-79.18,0.50,934.2,-6.9163720,107.5812431,0.3,1.00,+39.7,75,clear
1780230539.102,hiker,ridge_route,-93.14,-79.52,0.52,935.0,-6.9164867,107.5811594,0.7,1.00,+39.7,144,clear
1780230539.602,hiker,ridge_route,-93.39,-79.86,0.55,935.7,-6.9166066,107.5810908,2.2,1.00,+39.7,133,clear
1780230540.104,hiker,ridge_route,-93.65,-80.20,0.57,936.3,-6.9166990,107.5810038,0.5,1.00,+39.8,122,clear
1780230540.602,hiker,ridge_route,-93.90,-80.54,0.59,936.9,-6.9168176,107.5809418,2.9,1.00,+39.8,89,clear
1780230541.101,hiker,ridge_route,-94.16,-80.88,0.61,937.5,-6.9169318,107.5808425,2.5,1.00,+39.8,170,clear
1780230541.604,hiker,ridge_route,-94.42,-81.22,0.63,938.0,-6.9170022,107.5807524,1.8,1.00,+39.9,183,clear
1780230542.104,hiker,ridge_route,-94.67,-81.56,0.64,938.4,-6.9171255,107.5807041,2.9,1.00,+39.9,194,clear
1780230542.602,hiker,ridge_route,-94.92,-81.90,0.66,938.8,-6.9172454,107.5805942,1.8,1.00,+39.9,172,clear
1780230543.101,hiker,ridge_route,-95.18,-82.24,0.67,939.2,-6.9173132,107.5805232,2.7,1.00,+40.0,130,clear
1780230543.601,hiker,ridge_route,-95.43,-82.58,0.68,939.5,-6.9174352,107.5804558,2.4,1.00,+40.0,144,clear
1780230544.101,hiker,ridge_route,-95.69,-82.92,0.69,939.8,-6.9175729,107.5803272,4.0,1.00,+40.0,168,clear
1780230544.604,hiker,ridge_route,-95.95,-83.26,0.70,940.0,-6.9176196,107.5802976,5.0,1.00,+40.1,204,clear
1780230545.101,hiker,ridge_route,-96.20,-83.60,0.70,940.2,-6.9177745,107.5802216,3.3,1.00,+40.1,190,clear
1780230545.602,hiker,ridge_route,-96.45,-83.94,0.71,940.4,-6.9178897,107.5801255,2.5,1.00,+40.1,160,clear
1780230546.101,hiker,ridge_route,-96.71,-84.28,0.71,940.4,-6.9179600,107.5800389,2.1,1.00,+40.2,124,clear
1780230546.602,hiker,ridge_route,-96.96,-84.62,0.71,940.5,-6.9180763,107.5799696,2.2,1.00,+40.2,132,clear
1780230547.102,hiker,ridge_route,-97.22,-84.96,0.71,940.5,-6.9181737,107.5798781,2.2,1.00,+40.2,119,clear
1780230547.603,hiker,ridge_route,-97.47,-85.30,0.71,940.5,-6.9183263,107.5797593,4.5,1.00,+40.3,90,clear
1780230548.102,hiker,ridge_route,-97.73,-85.64,0.71,940.4,-6.9184124,107.5797320,2.6,1.00,+40.3,56,clear
1780230548.602,hiker,ridge_route,-97.98,-85.98,0.71,940.2,-6.9185184,107.5796105,2.1,1.00,+40.3,111,clear
1780230549.101,hiker,ridge_route,-98.24,-86.32,0.70,940.1,-6.9186043,107.5795621,2.3,1.00,+40.4,179,clear
1780230549.601,hiker,ridge_route,-98.49,-86.66,0.69,939.9,-6.9187423,107.5794920,3.3,1.00,+40.4,93,clear
1780230550.101,hiker,ridge_route,-98.75,-87.00,0.68,939.6,-6.9188316,107.5793866,0.2,1.00,+40.4,72,clear
1780230550.601,hiker,ridge_route,-99.00,-87.34,0.67,939.3,-6.9189389,107.5793143,1.0,1.00,+40.5,147,clear
1780230551.101,hiker,ridge_route,-99.26,-87.68,0.66,939.0,-6.9190454,107.5792212,0.5,1.00,+40.5,143,clear
1780230551.601,hiker,ridge_route,-99.51,-88.02,0.65,938.6,-6.9191445,107.5791746,3.5,1.00,+40.5,176,clear
1780230552.101,hiker,ridge_route,-99.77,-88.36,0.63,938.2,-6.9192662,107.5790722,1.1,1.00,+40.6,100,clear
1780230552.601,hiker,ridge_route,-100.02,-88.70,0.62,937.7,-6.9193743,107.5789575,2.9,1.00,+40.6,167,clear
1780230553.101,hiker,ridge_route,-100.28,-89.04,0.60,937.3,-6.9194561,107.5789018,2.1,1.00,+40.6,142,clear
1780230553.601,hiker,ridge_route,-100.53,-89.38,0.58,936.7,-6.9195918,107.5788152,1.3,1.00,+40.7,104,clear
1780230554.101,hiker,ridge_route,-100.79,-89.72,0.56,936.2,-6.9196980,107.5787238,2.1,1.00,+40.7,106,clear
1780230554.601,hiker,ridge_route,-101.04,-90.06,0.54,935.6,-6.9198238,107.5786623,3.2,1.00,+40.7,83,clear
1780230555.101,hiker,ridge_route,-101.30,-90.40,0.52,935.0,-6.9198735,107.5785292,6.4,1.00,+40.8,71,clear
1780230555.601,hiker,ridge_route,-101.55,-90.74,0.50,934.4,-6.9199698,107.5785003,4.4,1.00,+40.8,184,clear
1780230556.101,hiker,ridge_route,-101.81,-91.08,0.48,933.7,-6.9201087,107.5784263,1.3,1.00,+40.8,193,clear
1780230556.601,hiker,ridge_route,-102.06,-91.42,0.45,933.0,-6.9202242,107.5783301,0.7,1.00,+40.9,68,clear
1780230557.101,hiker,ridge_route,-102.32,-91.76,0.43,932.3,-6.9203014,107.5782453,3.4,1.00,+40.9,176,clear
1780230557.601,hiker,ridge_route,-102.57,-92.10,0.40,931.6,-6.9204350,107.5782055,3.4,1.00,+40.9,126,clear
1780230558.101,hiker,ridge_route,-102.83,-92.44,0.38,930.8,-6.9205325,107.5781006,1.4,1.00,+41.0,181,clear
1780230558.601,hiker,ridge_route,-103.08,-92.78,0.35,930.0,-6.9206533,107.5780250,1.3,1.00,+41.0,90,clear
1780230559.101,hiker,ridge_route,-103.34,-93.12,0.35,930.0,-6.9207166,107.5779376,4.6,1.00,+41.0,108,clear
1780230559.601,hiker,ridge_route,-103.59,-93.46,0.35,930.0,-6.9208958,107.5778511,3.5,1.00,+41.1,153,clear
1780230560.101,hiker,ridge_route,-103.85,-93.80,0.35,930.0,-6.9209895,107.5777479,3.3,1.00,+41.1,146,clear
1780230560.601,hiker,ridge_route,-103.90,-93.86,0.35,930.0,-6.9209800,107.5777673,1.7,1.00,+41.1,163,clear
1780230561.101,hiker,ridge_route,-103.64,-93.52,0.35,930.0,-6.9208974,107.5778141,3.0,1.00,+41.2,87,clear
1780230561.601,hiker,ridge_route,-103.39,-93.18,0.35,930.0,-6.9207630,107.5779343,2.4,1.00,+41.2,119,clear
1780230562.101,hiker,ridge_route,-103.13,-92.84,0.35,930.0,-6.9206809,107.5779797,2.4,1.00,+41.2,100,clear
